timestamp,yaw_sp_move_rate,q_d[0],q_d[1],q_d[2],q_d[3],thrust_body[0],thrust_body[1],thrust_body[2]
2015916000,0.0,0.6230826,0.0,0.0,0.78215605,0.0,0.0,-0.001
2015924000,0.0,0.62311393,0.0,0.0,0.7821311,0.0,0.0,-0.001
2015964000,0.0,0.62315017,0.0,0.0,0.78210235,0.0,0.0,-0.001
2016012000,0.0,0.62305063,0.0,0.0,0.7821815,0.0,0.0,-0.001
2016068000,0.0,0.62288755,0.0,0.0,0.7823114,0.0,0.0,-0.001
2016116000,0.0,0.622896,0.0,0.0,0.7823047,0.0,0.0,-0.001
2016164000,0.0,0.62284386,0.0,0.0,0.7823462,0.0,0.0,-0.001
2016212000,0.0,0.6228394,0.0,0.0,0.78234977,0.0,0.0,-0.001
2016268000,0.0,0.6227445,0.0,0.0,0.7824253,0.0,0.0,-0.001
2016316000,0.0,0.62281835,0.0,0.0,0.7823666,0.0,0.0,-0.001
2016372000,0.0,0.6229303,0.0,0.0,0.78227735,0.0,0.0,-0.001
2016412000,0.0,0.6229433,0.0,0.0,0.7822671,0.0,0.0,-0.001
2016468000,0.0,0.6228509,0.0,0.0,0.7823406,0.0,0.0,-0.001
2016516000,0.0,0.62291414,0.0,0.0,0.7822902,0.0,0.0,-0.001
2016572000,0.0,0.62286484,0.0,0.0,0.78232944,0.0,0.0,-0.001
2016620000,0.0,0.62295455,0.0,0.0,0.7822581,0.0,0.0,-0.001
2016668000,0.0,0.6229199,0.0,0.0,0.7822856,0.0,0.0,-0.001
2016716000,0.0,0.62305224,0.0,0.0,0.7821803,0.0,0.0,-0.001
2016764000,0.0,0.6231743,0.0,0.0,0.782083,0.0,0.0,-0.001
2016812000,0.0,0.62310463,0.0,0.0,0.78213847,0.0,0.0,-0.001
2016868000,0.0,0.6230803,0.0,0.0,0.78215796,0.0,0.0,-0.001
2016916000,0.0,0.6231355,0.0,0.0,0.7821139,0.0,0.0,-0.001
2016972000,0.0,0.62315035,-0.002346309,-0.00079631235,0.78209823,0.0,0.0,-0.013070267
2017020000,0.0,0.62315214,-0.0018099946,-4.6643963e-05,0.7820987,0.0,0.0,-0.01966543
2017068000,0.0,0.6231506,-0.0022278149,-0.0013860655,0.7820975,0.0,0.0,-0.026453443
2017116000,0.0,0.6231526,-0.0015125026,-0.001235732,0.7820979,0.0,0.0,-0.033979677
2017172000,0.0,0.62315,-0.0025015094,-0.0003005775,0.78209835,0.0,0.0,-0.042847313
2017220000,0.0,0.62314993,-0.0024147513,-0.0013410344,0.7820976,0.0,0.0,-0.05122111
2017268000,0.0,0.6231513,-0.0019851264,-0.0017243589,0.782097,0.0,0.0,-0.06019747
2017316000,0.0,0.6231516,-0.0018950362,-0.0018229035,0.7820967,0.0,0.0,-0.06944958
2017372000,0.0,0.6231514,-0.0019465346,-0.0018741861,0.78209656,0.0,0.0,-0.08048714
2017420000,0.0,0.6231514,-0.00194887,-0.0024387012,0.78209496,0.0,0.0,-0.09070558
2017468000,0.0,0.62315,-0.0023776907,-0.0019169537,0.7820963,0.0,0.0,-0.101236776
2017516000,0.0,0.623149,-0.002636651,-0.002119473,0.7820959,0.0,0.0,-0.11254488
2017572000,0.0,0.6231455,-0.0033835417,-0.0023087566,0.7820952,0.0,0.0,-0.12597173
2017612000,0.0,0.6231435,-0.0037463338,-0.0026914368,0.7820939,0.0,0.0,-0.13545783
2017668000,0.0,0.6231477,-0.0029223992,-0.002357133,0.7820952,0.0,0.0,-0.14930196
2017716000,0.0,0.62314826,-0.0027882499,-0.0025497018,0.7820946,0.0,0.0,-0.1620907
2017772000,0.0,0.623147,-0.0030852468,-0.002083107,0.7820959,0.0,0.0,-0.17724387
2017820000,0.0,0.6231502,-0.002307854,-0.0018292867,0.7820967,0.0,0.0,-0.19076756
2017868000,0.0,0.623146,-0.0032911622,-0.0022412247,0.78209543,0.0,0.0,-0.20534919
2017916000,0.0,0.6231442,-0.0036522804,-0.0019022016,0.78209615,0.0,0.0,-0.22003053
2017972000,0.0,0.6234773,-0.0032416675,-0.002533635,0.78183067,0.0,0.0,-0.23746677
2018020000,0.0,0.6234554,-0.0031056025,-0.0028122594,0.7818478,0.0,0.0,-0.25317663
2018068000,0.0,0.62350506,-0.002968345,-0.0029567706,0.78180814,0.0,0.0,-0.26916367
2018116000,0.0,0.62354815,-0.003486383,-0.0033123628,0.78177017,0.0,0.0,-0.28528842
2018172000,0.0,0.62356776,-0.0030164449,-0.0029534472,0.78175795,0.0,0.0,-0.30476782
2018212000,0.0,0.62361956,-0.0031469835,-0.0028139448,0.7817166,0.0,0.0,-0.31899548
2018268000,0.0,0.6237183,-0.0031580904,-0.0025857245,0.78163856,0.0,0.0,-0.3269686
2018316000,0.0,0.6236279,-0.003603875,-0.0029102857,0.78170764,0.0,0.0,-0.3309033
2018372000,0.0,0.6235496,-0.0035855402,-0.0030814996,0.78176963,0.0,0.0,-0.33681512
2018412000,0.0,0.6235419,-0.0034921903,-0.0035370514,0.7817742,0.0,0.0,-0.3412079
2018468000,0.0,0.62355024,-0.0029469393,-0.0030619865,0.7817718,0.0,0.0,-0.3469034
2018516000,0.0,0.62351894,-0.003458271,-0.0029836209,0.78179497,0.0,0.0,-0.35129306
2018572000,0.0,0.62355185,-0.0037436865,-0.0029333897,0.7817676,0.0,0.0,-0.35841233
2018620000,0.0,0.6235958,-0.00398902,-0.002724507,0.7817321,0.0,0.0,-0.36272448
2018668000,0.0,0.6236504,-0.004441879,-0.0027511173,0.78168607,0.0,0.0,-0.36929992
2018716000,0.0,0.62372595,-0.0044164252,-0.0022143384,0.78162754,0.0,0.0,-0.37427425
2018764000,0.0,0.6236832,-0.004099333,-0.0025024917,0.7816624,0.0,0.0,-0.37931335
2018820000,0.0,0.6236762,-0.003794822,-0.002851295,0.7816685,0.0,0.0,-0.38758504
2018868000,0.0,0.6237681,-0.00449748,-0.0027474419,0.7815917,0.0,0.0,-0.39410666
2018916000,0.0,0.6237387,-0.0044483324,-0.0028051555,0.7816153,0.0,0.0,-0.39943275
2018972000,0.0,0.6236605,-0.004372846,-0.0032908292,0.7816762,0.0,0.0,-0.4081699
2019012000,0.0,0.6237288,-0.0046204478,-0.0030913542,0.78162104,0.0,0.0,-0.4134084
2019068000,0.0,0.6235759,-0.004883917,-0.0032510068,0.78174084,0.0,0.0,-0.42101696
2019116000,0.0,0.62367684,-0.005295723,-0.0040189764,0.78165406,0.0,0.0,-0.42692536
2019164000,0.0,0.62365997,-0.005417452,-0.0038726053,0.7816675,0.0,0.0,-0.4327901
2019220000,0.0,0.62366164,-0.0052452753,-0.0037498437,0.78166795,0.0,0.0,-0.44207048
2019268000,0.0,0.6237276,-0.0053214487,-0.0037893434,0.78161454,0.0,0.0,-0.44892967
2019316000,0.0,0.62365216,-0.0052390182,-0.0036417935,0.78167593,0.0,0.0,-0.45556164
2019364000,0.0,0.6235903,-0.0053576604,-0.0034519623,0.78172547,0.0,0.0,-0.4618828
2019420000,0.0,0.6236929,-0.0060721985,-0.0032333431,0.78163934,0.0,0.0,-0.4717468
2019468000,0.0,0.6236503,-0.006296844,-0.0027759054,0.7816732,0.0,0.0,-0.4791533
2019516000,0.0,0.6237061,-0.0061814813,-0.0034692946,0.7816269,0.0,0.0,-0.4860531
2019572000,0.0,0.6237477,-0.0061967843,-0.0033763207,0.7815939,0.0,0.0,-0.49696705
2019620000,0.0,0.62386703,-0.0062565105,-0.0028966842,0.7815001,0.0,0.0,-0.50431186
2019668000,0.0,0.6238376,-0.0065558837,-0.003149528,0.7815202,0.0,0.0,-0.5124459
2019716000,0.0,0.6239178,-0.006525425,-0.0030011118,0.78145707,0.0,0.0,-0.519406
2019764000,0.0,0.6239214,-0.0071657896,-0.0028315524,0.78144914,0.0,0.0,-0.5264476
2019820000,0.0,0.6240298,-0.0069466713,-0.0029184206,0.78136426,0.0,0.0,-0.53816724
2019868000,0.0,0.62401295,-0.0072640595,-0.0030854978,0.78137416,0.0,0.0,-0.5457644
2019916000,0.0,0.6239672,-0.00869524,-0.0029903138,0.78139645,0.0,0.0,-0.5536576
2019972000,0.0,0.62405515,-0.008227115,-0.003545737,0.78132904,0.0,0.0,-0.59128964
2020012000,0.0,0.6240416,-0.008421991,-0.0037624072,0.7813367,0.0,0.0,-0.598627
2020068000,0.0,0.6240256,-0.008500891,-0.0026698846,0.7813531,0.0,0.0,-0.6079497
2020116000,0.0,0.6238764,-0.008389808,-0.0020363538,0.78147537,0.0,0.0,-0.6164306
2020172000,0.0,0.6237941,-0.008703863,-0.0023417776,0.78153676,0.0,0.0,-0.62959486
2020212000,0.0,0.62384313,-0.008726875,-0.0030666124,0.7814948,0.0,0.0,-0.637363
2020268000,0.0,0.6238459,-0.008939494,-0.002438431,0.7814924,0.0,0.0,-0.6468329
2020316000,0.0,0.62390924,-0.009195428,-0.002958918,0.7814372,0.0,0.0,-0.6554429
2020372000,0.0,0.62388515,-0.009246779,-0.0031925447,0.7814549,0.0,0.0,-0.66955817
2020412000,0.0,0.62395024,-0.008977634,-0.0035150447,0.7814046,0.0,0.0,-0.6779684
2020468000,0.0,0.623966,-0.008268006,-0.0029104063,0.78140235,0.0,0.0,-0.6880413
2020516000,0.0,0.62406725,-0.008556584,-0.0023563555,0.78132015,0.0,0.0,-0.6971359
2020572000,0.0,0.6240762,-0.008479045,-0.0021743004,0.78131455,0.0,0.0,-0.7104646
2020620000,0.0,0.6240843,-0.0080571715,-0.0023652266,0.7813119,0.0,0.0,-0.7173349
2020668000,0.0,0.6240696,-0.007666102,-0.001953395,0.7813287,0.0,0.0,-0.7235973
2020716000,0.0,0.6240676,-0.006789421,-0.0013064074,0.7813398,0.0,0.0,-0.7288975
2020764000,0.0,0.6240642,-0.005695848,-0.000109731045,0.7813523,0.0,0.0,-0.73417455
2020820000,0.0,0.62412804,-0.004123042,0.0013101076,0.78131014,0.0,0.0,-0.7413991
2020868000,0.0,0.62419516,-0.0013340876,0.0021373127,0.7812644,0.0,0.0,-0.7431443
2020916000,0.0,0.62424654,0.0008425372,0.0033259653,0.7812199,0.0,0.0,-0.7443038
2020964000,0.0,0.6242355,0.0026042035,0.0041339784,0.7812209,0.0,0.0,-0.7446524
2021020000,0.0,0.62424344,0.0049435347,0.005239017,0.7811967,0.0,0.0,-0.7495138
2021068000,0.0,0.6241344,0.006132095,0.0062202397,0.78126824,0.0,0.0,-0.7500068
2021116000,0.0,0.62416214,0.0081559345,0.006415333,0.7812259,0.0,0.0,-0.7492067
2021172000,0.0,0.62400484,0.009333943,0.007047706,0.78133297,0.0,0.0,-0.7535688
2021212000,0.0,0.6238331,0.010147367,0.007599662,0.7814547,0.0,0.0,-0.75405616
2021268000,0.0,0.6236846,0.010448494,0.0065483092,0.78157884,0.0,0.0,-0.7523379
2021316000,0.0,0.6237635,0.011781159,0.007024693,0.7814927,0.0,0.0,-0.7520504
2021372000,0.0,0.6238728,0.011550543,0.006416149,0.7814143,0.0,0.0,-0.7534084
2021412000,0.0,0.6238687,0.010778015,0.0067858975,0.78142536,0.0,0.0,-0.74427813
2021468000,0.0,0.6237617,0.0116395615,0.006403905,0.78150165,0.0,0.0,-0.7278874
2021516000,0.0,0.6237265,0.011507326,0.00596965,0.78153515,0.0,0.0,-0.7238801
2021564000,0.0,0.6237555,0.011161252,0.005625855,0.78151965,0.0,0.0,-0.7242534
2021612000,0.0,0.62371427,0.011233373,0.006021946,0.78154856,0.0,0.0,-0.731182
2021668000,0.0,0.62373763,0.011939399,0.006240746,0.7815177,0.0,0.0,-0.718252
2021716000,0.0,0.6239242,0.012223225,0.0063610836,0.78136337,0.0,0.0,-0.7177209
2021772000,0.0,0.62386435,0.012318704,0.006044883,0.7814122,0.0,0.0,-0.724066
2021812000,0.0,0.6238761,0.012593669,0.0063576256,0.78139585,0.0,0.0,-0.7247637
2021868000,0.0,0.6239169,0.0119259115,0.0061099594,0.7813757,0.0,0.0,-0.72110623
2021916000,0.0,0.623926,0.0118983295,0.005991876,0.78136986,0.0,0.0,-0.7207607
2021964000,0.0,0.6238759,0.012116913,0.0059038447,0.78140724,0.0,0.0,-0.7197338
2022012000,0.0,0.62373894,0.012275203,0.0063170576,0.7815109,0.0,0.0,-0.7255543
2022068000,0.0,0.62359583,0.012023079,0.0062233275,0.78162974,0.0,0.0,-0.7217034
2022116000,0.0,0.6236184,0.01236913,0.0053664492,0.7816127,0.0,0.0,-0.7206689
2022164000,0.0,0.62355536,0.012152681,0.0061676893,0.7816603,0.0,0.0,-0.719635
2022220000,0.0,0.6235487,0.011029824,0.006354383,0.7816809,0.0,0.0,-0.72400945
2022268000,0.0,0.6235717,0.011414822,0.005805514,0.78166133,0.0,0.0,-0.72005874
2022316000,0.0,0.6236284,0.010638289,0.0053891996,0.7816299,0.0,0.0,-0.71853966
2022372000,0.0,0.6236548,0.0097127445,0.004365821,0.7816273,0.0,0.0,-0.7230569
2022412000,0.0,0.62348723,0.009324281,0.004345786,0.7817658,0.0,0.0,-0.7224896
2022468000,0.0,0.62347615,0.008612726,0.0041860086,0.78178364,0.0,0.0,-0.7177891
2022516000,0.0,0.6234124,0.008843547,0.0038399335,0.78183377,0.0,0.0,-0.71665883
2022564000,0.0,0.623383,0.008916845,0.0032438694,0.7818591,0.0,0.0,-0.7158516
2022620000,0.0,0.6235562,0.008285662,0.0036556534,0.7817261,0.0,0.0,-0.7197612
2022668000,0.0,0.6235831,0.008372822,0.004185056,0.781701,0.0,0.0,-0.7161402
2022716000,0.0,0.62367004,0.0071773943,0.0038888298,0.78164506,0.0,0.0,-0.71482056
2022764000,0.0,0.6236835,0.006973927,0.0038294222,0.78163654,0.0,0.0,-0.7133357
2022812000,0.0,0.62357014,0.005802067,0.0038113482,0.78173655,0.0,0.0,-0.71816975
2022868000,0.0,0.62354106,0.0049126376,0.003960036,0.78176516,0.0,0.0,-0.7140568
2022916000,0.0,0.62354225,0.004760589,0.003429065,0.7817677,0.0,0.0,-0.7131895
2022964000,0.0,0.62350327,0.004872531,0.002479954,0.7818017,0.0,0.0,-0.71249205
2023012000,0.0,0.62357074,0.0052596154,0.0032653066,0.7817424,0.0,0.0,-0.7177665
2023068000,0.0,0.6234395,0.00453112,0.0026693644,0.7818539,0.0,0.0,-0.71318316
2023116000,0.0,0.62345386,0.0040783607,0.0027830352,0.7818446,0.0,0.0,-0.71276015
2023172000,0.0,0.6233876,0.0038558869,0.0028738026,0.7818983,0.0,0.0,-0.7169802
2023220000,0.0,0.62334454,0.003428597,0.0018151843,0.7819378,0.0,0.0,-0.7157919
2023268000,0.0,0.6210046,0.002963233,0.0022333662,0.7837982,0.0,0.0,-0.7121673
2023316000,0.0,0.6208912,0.0021521328,0.00082044967,0.78389335,0.0,0.0,-0.7105495
2023372000,0.0,0.6207039,0.0021799095,0.00092240487,0.7840415,0.0,0.0,-0.71427894
2023420000,0.0,0.6205454,0.0017466669,0.0013878559,0.78416747,0.0,0.0,-0.71349865
2023468000,0.0,0.6203673,0.0013579668,0.00083013455,0.7843098,0.0,0.0,-0.7100093
2023516000,0.0,0.62040645,0.001084441,0.0002751097,0.78427964,0.0,0.0,-0.70873487
2023564000,0.0,0.62048453,0.00040216223,0.0003263226,0.78421855,0.0,0.0,-0.707957
2023620000,0.0,0.6206691,0.00025901824,0.0010883968,0.7840719,0.0,0.0,-0.7115394
2023668000,0.0,0.6209197,-0.0003426564,0.000881281,0.7838736,0.0,0.0,-0.7086484
2023716000,0.0,0.6210318,-0.0009238941,0.00020122004,0.7837848,0.0,0.0,-0.70840687
2023772000,0.0,0.6212216,-0.001227622,0.00074115116,0.78363377,0.0,0.0,-0.7113635
2023812000,0.0,0.6212699,-0.0017081457,0.0006707463,0.7835945,0.0,0.0,-0.7107977
2023868000,0.0,0.62115544,-0.0014503858,-0.000111113855,0.7836861,0.0,0.0,-0.70746124
2023916000,0.0,0.6210517,-0.0012754767,0.000110848334,0.7837686,0.0,0.0,-0.70668143
2023964000,0.0,0.62099296,-0.0015233945,-0.0004609414,0.78381467,0.0,0.0,-0.705874
2024020000,0.0,0.6210645,-0.0023560752,-0.0002855659,0.7837559,0.0,0.0,-0.7086364
2024068000,0.0,0.6210665,-0.0020990963,6.735686e-05,0.7837552,0.0,0.0,-0.705611
2024116000,0.0,0.62108916,-0.0014544774,-2.144724e-05,0.78373855,0.0,0.0,-0.70699346
2024172000,0.0,0.6209784,-0.002354132,3.5983707e-05,0.7838242,0.0,0.0,-0.695087
2024220000,0.0,0.62096876,-0.0021105648,-0.00040604884,0.7838324,0.0,0.0,-0.68595624
2024268000,0.0,0.6210543,-0.0021253685,-0.00011296548,0.78376466,0.0,0.0,-0.6735857
2024316000,0.002422724,0.6209806,-0.002667868,0.0003527696,0.7838214,0.0,0.0,-0.66557837
2024364000,0.0,0.620978,-0.003237488,-0.00035818684,0.78382117,0.0,0.0,-0.6587085
2024420000,0.0,0.62097895,-0.0030687724,1.3030709e-05,0.7838212,0.0,0.0,-0.65587074
2024468000,0.0,0.6209752,-0.0037716588,-0.00058985426,0.783821,0.0,0.0,-0.6653764
2024516000,0.0,0.6209752,-0.0038156626,-0.00032165938,0.7838209,0.0,0.0,-0.6761076
2024572000,0.0,0.6209759,-0.0036520786,-0.00047157268,0.783821,0.0,0.0,-0.6879416
2024620000,0.0,0.62097764,-0.0033214563,-0.0003376344,0.78382117,0.0,0.0,-0.6968194
2024668000,0.0,0.6209774,-0.0033677202,-0.00040268924,0.78382117,0.0,0.0,-0.7074381
2024716000,0.0,0.6209772,-0.0034288438,-0.00012227694,0.78382117,0.0,0.0,-0.7143849
2024772000,0.0,0.6209774,-0.0033797168,-0.00028497184,0.78382117,0.0,0.0,-0.721441
2024820000,0.0,0.62097734,-0.0033668352,-0.00050746783,0.7838211,0.0,0.0,-0.7222992
2024868000,0.0,0.6209782,-0.0031501444,-0.0007329423,0.7838212,0.0,0.0,-0.72144365
2024916000,0.0,0.6209783,-0.0031247772,-0.0008344945,0.7838211,0.0,0.0,-0.7167214
2024964000,0.0,0.6209784,-0.003120076,-0.00055543566,0.78382134,0.0,0.0,-0.7119334
2025020000,0.0,0.6209795,-0.0028001731,-0.0013136122,0.7838208,0.0,0.0,-0.7085331
2025068000,0.0,0.62097985,-0.0027399177,-0.0008819862,0.78382134,0.0,0.0,-0.7067035
2025116000,0.0,0.62097925,-0.0028515316,-0.0014356744,0.78382057,0.0,0.0,-0.7053665
2025172000,0.0,0.6209827,-0.0018717417,-0.0013858593,0.7838208,0.0,0.0,-0.7060672
2025212000,0.0,0.6209819,-0.0021282712,-0.0018024624,0.78382,0.0,0.0,-0.7053395
2025268000,0.0,0.62098116,-0.0023200326,-0.001963713,0.7838197,0.0,0.0,-0.705463
2025316000,0.0,0.62098134,-0.002282081,-0.0018693262,0.7838198,0.0,0.0,-0.7050986
2025364000,0.0,0.6209815,-0.0022118865,-0.0025712359,0.7838179,0.0,0.0,-0.70498854
2025412000,0.0,0.6209823,-0.00197621,-0.002577716,0.783818,0.0,0.0,-0.7052243
2025468000,0.0,0.6209809,-0.002367858,-0.0028828692,0.78381693,0.0,0.0,-0.7048968
2025516000,0.0,0.62098354,-0.001569773,-0.002753034,0.78381723,0.0,0.0,-0.7047218
2025572000,0.0,0.6209843,-0.0012835794,-0.0033328389,0.7838149,0.0,0.0,-0.7065399
2025620000,0.0,0.62098366,-0.0015100793,-0.0024504499,0.78381824,0.0,0.0,-0.70647514
2025668000,0.0,0.62098503,-0.0008223327,-0.0025035401,0.7838181,0.0,0.0,-0.70645463
2025716000,0.0,0.6209853,-0.000789724,-0.0033611401,0.7838146,0.0,0.0,-0.704891
2025772000,0.0,0.6209853,-0.00070513604,-0.0029057667,0.7838166,0.0,0.0,-0.7051649
2025820000,0.0,0.62098587,-0.00018859692,-0.0027772351,0.78381693,0.0,0.0,-0.70546365
2025868000,0.0,0.62098604,-0.00019999401,-0.0032002819,0.78381515,0.0,0.0,-0.7049598
2025916000,0.0,0.6209862,0.0003681837,-0.0030022913,0.7838156,0.0,0.0,-0.70532596
2025972000,0.0,0.62098575,0.00090217346,-0.0025294756,0.7838173,0.0,0.0,-0.70597786
2026020000,0.0,0.6209857,0.00069395633,-0.0020632483,0.78381896,0.0,0.0,-0.70537454
2026068000,0.0,0.6209858,0.0003438197,-0.0020718426,0.7838191,0.0,0.0,-0.70437896
2026116000,0.0,0.6209858,0.00010377519,-0.0020761904,0.7838191,0.0,0.0,-0.7041419
2026164000,0.0,0.62098557,-0.00010194085,-0.0014815463,0.7838207,0.0,0.0,-0.70495075
2026220000,0.0,0.6209855,-0.00027302402,-0.0018310449,0.78382,0.0,0.0,-0.7056377
2026268000,0.0,0.6209855,-8.1136204e-05,-0.0012422309,0.7838211,0.0,0.0,-0.7042302
2026316000,0.0,0.6209855,4.679171e-06,-0.0007910923,0.7838217,0.0,0.0,-0.7043194
2026364000,0.0,0.6209855,2.8670333e-05,-0.001035404,0.7838214,0.0,0.0,-0.7042677
2026420000,0.0,0.62098545,-0.00016624422,-0.000898236,0.7838216,0.0,0.0,-0.7056024
2026468000,0.0,0.62098557,-5.0483523e-05,-0.0013801449,0.7838208,0.0,0.0,-0.70526826
2026516000,0.0,0.6209855,-5.116015e-05,-0.0011176227,0.7838213,0.0,0.0,-0.70452946
2026572000,0.0,0.6209843,-0.0011850785,-0.0014117556,0.78382087,0.0,0.0,-0.7047723
2026620000,0.0,0.62098473,-0.00095713505,-0.0011485066,0.7838213,0.0,0.0,-0.7053466
2026668000,0.0,0.6209848,-0.0009092245,-0.0008846672,0.7838216,0.0,0.0,-0.70472956
2026716000,0.0,0.62098527,-0.0004636324,-0.00023079403,0.78382206,0.0,0.0,-0.70487165
2026772000,0.0,0.62098444,-0.0012004083,-0.00022166666,0.783822,0.0,0.0,-0.70632094
2026820000,0.0,0.62098354,-0.0016380418,-0.00016979464,0.7838219,0.0,0.0,-0.70572877
2026868000,0.0,0.6209838,-0.0015198654,-0.0002106953,0.78382194,0.0,0.0,-0.70473415
2026916000,0.0,0.6209831,-0.001761339,-0.00051511865,0.78382176,0.0,0.0,-0.7052069
2026964000,0.0,0.62098354,-0.0015476382,-0.0013878584,0.78382087,0.0,0.0,-0.70533687
2027012000,0.0,0.6209833,-0.001670864,-0.0009661803,0.78382146,0.0,0.0,-0.70594096
2027068000,0.0,0.62098455,-0.0010772063,-0.0009775431,0.7838214,0.0,0.0,-0.7043279
2027116000,0.0,0.62098414,-0.0012763098,-0.0010262759,0.7838215,0.0,0.0,-0.70452744
2027164000,0.0,0.6209851,-0.00064932957,-0.00059433276,0.78382194,0.0,0.0,-0.70524657
2027212000,0.0,0.62098503,-0.00073283707,-0.0005975111,0.7838219,0.0,0.0,-0.7070306
2027268000,0.0,0.6209853,-0.00038887025,-0.000912281,0.78382164,0.0,0.0,-0.7055941
2027316000,0.0,0.6209854,-0.00034513464,-9.556756e-06,0.78382206,0.0,0.0,-0.7061365
2027372000,0.0,0.62098396,-0.0014540278,-4.2049418e-05,0.78382194,0.0,0.0,-0.70736337
2027420000,0.0,0.6209849,-0.0008420911,-0.00018958055,0.7838222,0.0,0.0,-0.7067322
2027468000,0.0,0.62098515,-0.0006006346,-0.0003406983,0.7838221,0.0,0.0,-0.70499223
2027516000,0.0,0.62098473,-0.0009728654,-0.00062820164,0.7838218,0.0,0.0,-0.7055445
2027564000,0.0,0.6209854,-0.00028232587,-0.00043418087,0.783822,0.0,0.0,-0.7052636
2027612000,0.0,0.6209855,0.00022667454,-0.00071753934,0.7838217,0.0,0.0,-0.7062698
2027668000,0.0,0.62098545,0.00047558494,-0.00088718557,0.78382146,0.0,0.0,-0.70444393
2027716000,0.0,0.6209853,-0.00042527096,-0.000990674,0.7838215,0.0,0.0,-0.70453066
2027764000,0.0,0.6209855,-0.00018048022,-0.001194881,0.7838211,0.0,0.0,-0.70473963
2027820000,0.0,0.6209855,0.0002131761,-0.0009685209,0.7838216,0.0,0.0,-0.705943
2027868000,0.0,0.6209855,-7.848488e-05,-0.0013009891,0.78382105,0.0,0.0,-0.704282
2027916000,0.0,0.62098545,-0.00021944067,-0.0011238985,0.7838213,0.0,0.0,-0.70432365
2027972000,0.0,0.6209855,-3.988602e-05,-0.0009909015,0.7838214,0.0,0.0,-0.70604783
2028020000,0.0,0.6209855,-0.00022292846,-0.0015568866,0.7838205,0.0,0.0,-0.7063689
2028068000,0.0,0.6209857,0.0002850435,-0.0017113695,0.78382003,0.0,0.0,-0.70584685
2028116000,0.0,0.6209856,0.00013993071,-0.001488487,0.78382045,0.0,0.0,-0.70504683
2028172000,0.0,0.6209853,-0.00045466167,-0.0016015305,0.7838205,0.0,0.0,-0.70610785
2028220000,0.0,0.6209855,0.00035848172,-0.0011921459,0.7838211,0.0,0.0,-0.7060722
2028268000,0.0,0.6209855,-0.00015733682,-0.0013390994,0.78382105,0.0,0.0,-0.7051285
2028316000,0.0,0.62098557,-0.00010783187,-0.0014911563,0.7838205,0.0,0.0,-0.70497733
2028364000,0.0,0.6209855,0.0004405404,-0.0012625622,0.78382105,0.0,0.0,-0.70557684
2028420000,0.0,0.6209855,0.00059817126,-0.0015245988,0.7838204,0.0,0.0,-0.7064717
2028468000,0.0,0.62098557,0.00019312007,-0.0013891214,0.7838208,0.0,0.0,-0.70628864
2028516000,0.0,0.62098557,0.00012880482,-0.0012381966,0.783821,0.0,0.0,-0.705639
2028572000,0.0,0.6209855,0.00036402207,-0.0011523027,0.78382117,0.0,0.0,-0.7059389
2028620000,0.0,0.62098545,-0.0001589524,-0.00075550016,0.7838218,0.0,0.0,-0.7057269
2028668000,0.0,0.6209855,0.00024768195,-0.0007105615,0.78382176,0.0,0.0,-0.70537096
2028716000,0.0,0.6209854,0.0005219894,-0.000708793,0.78382164,0.0,0.0,-0.7054177
2028764000,0.0,0.62098545,-4.2253097e-07,-0.00038602002,0.78382206,0.0,0.0,-0.7059933
2028820000,0.0,0.62098545,2.6801037e-05,-0.00034422523,0.78382206,0.0,0.0,-0.70545614
2028868000,0.0,0.6209854,-0.0002724202,-0.0005035999,0.783822,0.0,0.0,-0.70519495
2028916000,0.0,0.6209855,1.1327279e-05,-0.000791025,0.7838217,0.0,0.0,-0.7051702
2028964000,0.0,0.6209854,0.0003794715,-0.00039245965,0.783822,0.0,0.0,-0.7054068
2029020000,0.0,0.6209854,-0.0003154318,-0.00014039963,0.7838221,0.0,0.0,-0.70528823
2029068000,0.0,0.62098515,-0.0006754912,-0.00014334862,0.78382206,0.0,0.0,-0.706186
2029116000,0.0,0.6209854,-0.00034447887,2.3314755e-05,0.78382206,0.0,0.0,-0.706439
2029172000,0.0,0.62098545,-7.767739e-05,0.00041566836,0.78382206,0.0,0.0,-0.70586133
2029220000,0.0,0.6209854,0.0001692513,3.400477e-05,0.7838222,0.0,0.0,-0.7053397
2029268000,0.0,0.6209853,-0.0003696534,-0.00020535423,0.78382224,0.0,0.0,-0.7052146
2029316000,0.0,0.62098527,-0.0004649526,-0.00061633234,0.7838219,0.0,0.0,-0.70578694
2029364000,0.0,0.62098545,-0.00014638572,-0.00077744457,0.78382176,0.0,0.0,-0.70567226
2029420000,-0.013962634,0.62106335,-0.0067255446,-0.00019178752,0.7837315,0.0,0.0,-0.70580274
2029468000,-0.03351032,0.6212703,-0.022424258,0.0007168738,0.7832751,0.0,0.0,-0.70629555
2029516000,-0.047472954,0.62160313,-0.03003825,-0.0043018796,0.7827444,0.0,0.0,-0.7064242
2029572000,-0.06981317,0.62236935,-0.04272299,-0.012574614,0.78145576,0.0,0.0,-0.707543
2029612000,-0.0837758,0.6230046,-0.050562676,-0.018698119,0.7803583,0.0,0.0,-0.7084205
2029668000,-0.10332349,0.624099,-0.06146709,-0.027859084,0.77842534,0.0,0.0,-0.71034545
2029716000,-0.11728612,0.6251005,-0.068539694,-0.03418391,0.7767774,0.0,0.0,-0.7119601
2029772000,-0.13962634,0.626819,-0.08129078,-0.043929987,0.7736665,0.0,0.0,-0.7144212
2029820000,-0.15358898,0.6281865,-0.088189445,-0.049892705,0.7714369,0.0,0.0,-0.71486205
2029868000,-0.17313668,0.63025033,-0.09839057,-0.059067763,0.7678638,0.0,0.0,-0.7170361
2029916000,-0.18709932,0.63207245,-0.104499355,-0.06488309,0.7650847,0.0,0.0,-0.717914
2029972000,-0.20943955,0.63501954,-0.11587453,-0.07596657,0.7599687,0.0,0.0,-0.72100127
2030020000,-0.22340219,0.63729066,-0.12164419,-0.08156101,0.75657856,0.0,0.0,-0.72065324
2030068000,-0.24294989,0.6403175,-0.13177069,-0.09187105,0.75112563,0.0,0.0,-0.7243
2030116000,-0.2569125,0.64310575,-0.13679308,-0.09727311,0.7471551,0.0,0.0,-0.72468525
2030164000,-0.27087513,0.64630413,-0.14066999,-0.10295579,0.7429018,0.0,0.0,-0.72456646
2030220000,-0.29321533,0.65196544,-0.14614756,-0.11000356,0.7358541,0.0,0.0,-0.7258348
2030268000,-0.312763,0.6578663,-0.14843963,-0.11401125,0.72950596,0.0,0.0,-0.7260325
2030316000,-0.32672563,0.66335076,-0.14535297,-0.11446369,0.7250768,0.0,0.0,-0.72296894
2030364000,-0.34068826,0.6690187,-0.14215423,-0.11473569,0.7204455,0.0,0.0,-0.72178847
2030420000,-0.36302847,0.67731553,-0.14232263,-0.11951231,0.7118319,0.0,0.0,-0.7251601
2030468000,-0.38257614,0.6846113,-0.14401549,-0.12468629,0.7035767,0.0,0.0,-0.72896427
2030516000,-0.39653876,0.6909786,-0.14059651,-0.12569104,0.69784164,0.0,0.0,-0.7276292
2030564000,-0.4105014,0.6975733,-0.1366727,-0.12586445,0.6920045,0.0,0.0,-0.72680277
2030612000,-0.4328416,0.7070201,-0.13747773,-0.13215995,0.6809965,0.0,0.0,-0.73144627
2030668000,-0.45238927,0.71624684,-0.13469572,-0.13515724,0.6712526,0.0,0.0,-0.7325993
2030716000,-0.4663519,0.72344434,-0.13013968,-0.13541837,0.66434455,0.0,0.0,-0.7315696
2030772000,-0.4886921,0.7340877,-0.12885739,-0.14013071,0.65182394,0.0,0.0,-0.73344165
2030820000,-0.50265473,0.7415108,-0.124311954,-0.1407763,0.64411974,0.0,0.0,-0.7326037
2030868000,-0.52220243,0.750989,-0.12419154,-0.14628565,0.6318168,0.0,0.0,-0.7358051
2030916000,-0.53616506,0.7585919,-0.11954701,-0.14656585,0.6235104,0.0,0.0,-0.73427665
2030972000,-0.55850524,0.7698913,-0.11825884,-0.15269956,0.60824746,0.0,0.0,-0.7362859
2031020000,-0.57246786,0.77761436,-0.11353327,-0.15271986,0.59925187,0.0,0.0,-0.73464894
2031068000,-0.59201556,0.7877563,-0.111648716,-0.15768984,0.58490044,0.0,0.0,-0.7361745
2031116000,-0.6059782,0.79554033,-0.106546596,-0.15839498,0.57504296,0.0,0.0,-0.7350968
2031164000,-0.6199408,0.8033053,-0.10168803,-0.15750201,0.5652904,0.0,0.0,-0.7337859
2031212000,-0.642281,0.814529,-0.10247205,-0.16600128,0.5463384,0.0,0.0,-0.7384397
2031268000,-0.6618287,0.82507503,-0.09707912,-0.1683954,0.5305374,0.0,0.0,-0.7375539
2031316000,-0.6757913,0.83310395,-0.08966141,-0.1634347,0.5207569,0.0,0.0,-0.73212236
2031372000,-0.6981315,0.84515464,-0.08270217,-0.1619205,0.50264865,0.0,0.0,-0.7302208
2031412000,-0.7120941,0.85282266,-0.07681053,-0.1583823,0.49163878,0.0,0.0,-0.72897345
2031468000,-0.7316418,0.863424,-0.0690408,-0.15283489,0.47578758,0.0,0.0,-0.72882444
2031516000,-0.74560446,0.87114733,-0.06114081,-0.1460721,0.4647871,0.0,0.0,-0.7264583
2031572000,-0.76794463,0.88268274,-0.054454654,-0.14199562,0.44468307,0.0,0.0,-0.7268651
2031620000,-0.78190726,0.89013517,-0.04795371,-0.13438167,0.43278322,0.0,0.0,-0.72568387
2031668000,-0.80145496,0.89984936,-0.04330002,-0.13069962,0.41390082,0.0,0.0,-0.7263947
2031716000,-0.8154176,0.9070088,-0.036792308,-0.12323788,0.4009909,0.0,0.0,-0.72431195
2031772000,-0.8017016,0.9175064,-0.031899787,-0.11791334,0.3784983,0.0,0.0,-0.7230724
2031820000,-0.787739,0.92397386,-0.02598589,-0.10972321,0.36545572,0.0,0.0,-0.72006047
2031868000,-0.7681913,0.93202084,-0.02132322,-0.10480879,0.34626237,0.0,0.0,-0.7194979
2031916000,-0.75422865,0.93776,-0.016446918,-0.095699474,0.3334325,0.0,0.0,-0.71877474
2031972000,-0.7318885,0.9458208,-0.013532909,-0.08889281,0.31199017,0.0,0.0,-0.71835333
2032020000,-0.71792585,0.95075476,-0.009292457,-0.07996241,0.29930758,0.0,0.0,-0.7160069
2032068000,-0.69837815,0.95682174,-0.005083511,-0.07354265,0.28117213,0.0,0.0,-0.7150888
2032116000,-0.6844155,0.96089196,0.004650242,-0.06582101,0.2689473,0.0,0.0,-0.71470225
2032164000,-0.6704529,0.96453,0.011550133,-0.061188687,0.25652376,0.0,0.0,-0.7144696
2032220000,-0.6481127,0.96954143,0.010119518,-0.06474996,0.23599689,0.0,0.0,-0.7156568
2032268000,-0.628565,0.9733129,0.00934645,-0.069535255,0.2184937,0.0,0.0,-0.71606255
2032316000,-0.6146024,0.9759966,0.009312822,-0.068680115,0.20646296,0.0,0.0,-0.7149147
2032372000,-0.5922622,0.9793571,0.006915338,-0.075755104,0.18727767,0.0,0.0,-0.71476805
2032412000,-0.5782996,0.98138404,0.0052144234,-0.077408105,0.17568779,0.0,0.0,-0.7146067
2032468000,-0.5587519,0.9839993,0.0050757322,-0.0780081,0.16010709,0.0,0.0,-0.71361744
2032516000,-0.54478925,0.98581487,0.005602327,-0.07628347,0.14939398,0.0,0.0,-0.71255976
2032572000,-0.5224491,0.98777664,0.0042719785,-0.08219016,0.13237797,0.0,0.0,-0.7134667
2032612000,-0.50848645,0.9890301,0.0037296899,-0.082911216,0.12219392,0.0,0.0,-0.713447
2032668000,-0.48893875,0.99050605,0.0029880228,-0.08453075,0.108366884,0.0,0.0,-0.7132254
2032716000,-0.47497612,0.9916619,0.0029103179,-0.08254135,0.09892007,0.0,0.0,-0.7129098
2032772000,-0.4526359,0.99263686,0.0027217634,-0.08704246,0.08419167,0.0,0.0,-0.71372956
2032812000,-0.4386733,0.9933389,0.003057161,-0.08705066,0.07543713,0.0,0.0,-0.7134703
2032868000,-0.41912562,0.9942008,0.00268662,-0.086699806,0.06356665,0.0,0.0,-0.7132588
2032916000,-0.40517887,0.99492395,0.0033296635,-0.083862744,0.055518277,0.0,0.0,-0.71300817
2032972000,-0.3829109,0.9951854,0.0022570507,-0.088079475,0.042929776,0.0,0.0,-0.71499634
2033020000,-0.36899808,0.995732,0.0030931903,-0.08509448,0.03559635,0.0,0.0,-0.71392983
2033068000,-0.34952444,0.99571556,0.0029060782,-0.08880171,0.025621107,0.0,0.0,-0.714697
2033116000,-0.3356188,0.9961289,0.0024819681,-0.08583032,0.018821958,0.0,0.0,-0.71439224
2033172000,-0.31337714,0.9958808,0.0024699627,-0.090234034,0.008553774,0.0,0.0,-0.715205
2033212000,-0.29948628,0.9958973,0.0010742557,-0.09045324,0.002373646,0.0,0.0,-0.7145629
2033268000,-0.280077,0.9959969,0.00061151996,-0.089204654,-0.0056856996,0.0,0.0,-0.7138482
2033316000,-0.266219,0.99617547,0.0010416661,-0.08666675,-0.011055334,0.0,0.0,-0.7130449
2033372000,-0.24405149,0.9957974,0.0004841907,-0.08955589,-0.019159505,0.0,0.0,-0.7127759
2033412000,-0.23020461,0.99568784,-8.1835e-05,-0.08963735,-0.02389466,0.0,0.0,-0.71251285
2033468000,-0.21082862,0.9954151,5.3646254e-05,-0.09083259,-0.029970968,0.0,0.0,-0.7135718
2033516000,-0.19699688,0.9955223,-0.00050388306,-0.08817119,-0.034071337,0.0,0.0,-0.7128781
2033564000,-0.18317269,0.9955861,-0.00080922525,-0.0858676,-0.037875023,0.0,0.0,-0.71253985
2033620000,-0.16109513,0.9950408,-0.0017392295,-0.08950152,-0.04336308,0.0,0.0,-0.71347326
2033668000,-0.14191595,0.99457335,-0.0036732585,-0.09238737,-0.04769717,0.0,0.0,-0.7143411
2033716000,-0.12823294,0.99470466,-0.0041288678,-0.08945515,-0.050432704,0.0,0.0,-0.71378446
2033772000,-0.1063881,0.99416465,-0.004185699,-0.09323107,-0.054103114,0.0,0.0,-0.7151807
2033812000,-0.092768185,0.993918,-0.0051096454,-0.094601564,-0.05613847,0.0,0.0,-0.7148398
2033868000,-0.07376998,0.993729,-0.0053259996,-0.09517262,-0.058450986,0.0,0.0,-0.7145604
2033916000,-0.060265586,0.9939025,-0.0060746055,-0.09239049,-0.05987434,0.0,0.0,-0.71376354
2033964000,-0.04685556,0.99401796,-0.0063460725,-0.09038656,-0.06097841,0.0,0.0,-0.7129968
2034020000,-0.025822489,0.9935956,-0.0070059993,-0.09410649,-0.06215066,0.0,0.0,-0.7136918
2034068000,-0.008848741,0.9933395,-0.008072501,-0.09632476,-0.06271394,0.0,0.0,-0.71444523
2034116000,-0.00069484,0.9936843,-0.008363966,-0.09256194,-0.062879615,0.0,0.0,-0.71344024
2034164000,-0.0014636768,0.9939654,-0.0089888675,-0.08934242,-0.063007936,0.0,0.0,-0.71293026
2034212000,0.0,0.99332637,-0.009921284,-0.09602849,-0.06310987,0.0,0.0,-0.7147506
2034268000,-0.0010688964,0.9933345,-0.010205636,-0.09586027,-0.06319321,0.0,0.0,-0.7146359
2034316000,-0.0008640615,0.9937035,-0.009735137,-0.09199096,-0.06321647,0.0,0.0,-0.7129313
2034364000,-0.0006558385,0.9939861,-0.010127805,-0.088773794,-0.063310474,0.0,0.0,-0.71131724
2034420000,0.0,0.9936879,-0.011019797,-0.09186945,-0.063426,0.0,0.0,-0.71335524
2034468000,-0.0012554564,0.99349177,-0.011142236,-0.09391361,-0.06348374,0.0,0.0,-0.7140602
2034516000,-0.0010579431,0.9937688,-0.011814178,-0.090765275,-0.063605644,0.0,0.0,-0.7135832
2034564000,-0.00090426323,0.9940915,-0.011884009,-0.08710471,-0.063668154,0.0,0.0,-0.7127979
2034620000,0.0,0.99380004,-0.0117418915,-0.0903696,-0.06369471,0.0,0.0,-0.7136095
2034668000,-0.00014666398,0.99351984,-0.01198087,-0.09333657,-0.06374208,0.0,0.0,-0.7140158
2034716000,0.0,0.99385417,-0.011047468,-0.08985332,-0.06370434,0.0,0.0,-0.7139441
2034764000,0.0,0.9942028,-0.010769176,-0.085928395,-0.06372727,0.0,0.0,-0.7130773
2034820000,0.0,0.9938862,-0.01136376,-0.08939232,-0.06379712,0.0,0.0,-0.71414727
2034868000,0.0,0.9936727,-0.011451818,-0.09170422,-0.06382548,0.0,0.0,-0.7141934
2034916000,0.0,0.9939597,-0.0116786845,-0.088466436,-0.06388535,0.0,0.0,-0.713062
2034964000,0.0,0.9942595,-0.01070102,-0.08519678,-0.06383727,0.0,0.0,-0.71285397
2035020000,0.0,0.9939896,-0.010726885,-0.08827836,-0.06384729,0.0,0.0,-0.71406186
2035068000,0.0,0.9937158,-0.01042818,-0.09136391,-0.06381826,0.0,0.0,-0.7151136
2035116000,0.0,0.9940111,-0.010727674,-0.08801438,-0.06387767,0.0,0.0,-0.71387154
2035172000,0.0,0.99374264,-0.010394129,-0.09105952,-0.06384132,0.0,0.0,-0.7134394
2035220000,0.0,0.99402684,-0.010000147,-0.087952554,-0.06383571,0.0,0.0,-0.71235245
2035268000,0.0,0.9938353,-0.010511558,-0.08999363,-0.063890725,0.0,0.0,-0.71270585
2035316000,0.0,0.99414676,-0.010211824,-0.08651452,-0.0639,0.0,0.0,-0.7113195
2035364000,0.0,0.99439573,-0.009805635,-0.08365704,-0.06389476,0.0,0.0,-0.71104985
2035420000,0.0,0.99414283,-0.009658671,-0.08664063,-0.063875966,0.0,0.0,-0.71251917
2035468000,0.0,0.99386984,-0.009347084,-0.089782126,-0.0638323,0.0,0.0,-0.7137647
2035516000,0.0,0.99407613,-0.0095054405,-0.08742641,-0.06386672,0.0,0.0,-0.71332085
2035572000,0.0,0.99377227,-0.00965574,-0.09080647,-0.06385609,0.0,0.0,-0.7136965
2035612000,0.0,0.9937923,-0.009264751,-0.0906521,-0.06382252,0.0,0.0,-0.7137285
2035668000,0.0,0.9937648,-0.009351492,-0.090935044,-0.06383549,0.0,0.0,-0.7138958
2035716000,0.0,0.99401045,-0.008961472,-0.08825765,-0.06382436,0.0,0.0,-0.71310323
2035772000,0.0,0.99366635,-0.009392963,-0.09200111,-0.06383356,0.0,0.0,-0.71426815
2035820000,0.0,0.9939816,-0.009314153,-0.0885248,-0.063852765,0.0,0.0,-0.7131299
2035868000,0.0,0.9936581,-0.0091112675,-0.09214061,-0.06380113,0.0,0.0,-0.7135047
2035916000,0.0,0.99395007,-0.008530991,-0.08901478,-0.06377139,0.0,0.0,-0.71243566
2035972000,0.0,0.9936613,-0.008124023,-0.09227247,-0.06369552,0.0,0.0,-0.71324664
2036012000,0.0,0.99368256,-0.0083170105,-0.092015415,-0.06371041,0.0,0.0,-0.7127339
2036068000,0.0,0.9937121,-0.0087439,-0.09162343,-0.06375595,0.0,0.0,-0.71373546
2036116000,0.0,0.99402744,-0.008270219,-0.08819205,-0.06374313,0.0,0.0,-0.7132638
2036164000,0.0,0.99420977,-0.008493518,-0.0860651,-0.063778475,0.0,0.0,-0.7126736
2036220000,0.0,0.9939195,-0.008783611,-0.08933115,-0.06377208,0.0,0.0,-0.71292114
2036268000,0.0,0.99368507,-0.008531273,-0.09196131,-0.06372024,0.0,0.0,-0.71293163
2036316000,0.0,0.9939347,-0.008173016,-0.08926698,-0.06370612,0.0,0.0,-0.7129921
2036364000,0.0,0.9941938,-0.0074322526,-0.086434476,-0.063659765,0.0,0.0,-0.7124222
2036420000,0.0,0.99393034,-0.0076230373,-0.08941434,-0.06363463,0.0,0.0,-0.7131463
2036468000,0.0,0.9936711,-0.007402401,-0.09231414,-0.06356901,0.0,0.0,-0.713499
2036516000,0.0,0.9939813,-0.006873639,-0.08897338,-0.06354262,0.0,0.0,-0.7127385
2036564000,0.0,0.994222,-0.0063967933,-0.08629949,-0.06351465,0.0,0.0,-0.7124845
2036620000,0.0,0.9939745,-0.006307187,-0.0891545,-0.06345404,0.0,0.0,-0.7123824
2036668000,0.0,0.99373126,-0.006568058,-0.091825835,-0.06342746,0.0,0.0,-0.71299624
2036716000,0.0,0.99398464,-0.0063569183,-0.08905965,-0.06342316,0.0,0.0,-0.71245825
2036772000,0.0,0.9936583,-0.006072095,-0.092711724,-0.06333171,0.0,0.0,-0.71296
2036820000,0.0,0.9939527,-0.00545729,-0.089564286,-0.06329681,0.0,0.0,-0.71256286
2036868000,0.0,0.9935864,-0.0054075858,-0.09359503,-0.06322038,0.0,0.0,-0.71368146
2036916000,0.0,0.9938878,-0.0051175426,-0.090358295,-0.063216776,0.0,0.0,-0.7120548
2036964000,0.0,0.99415046,-0.0046343193,-0.087464616,-0.063192345,0.0,0.0,-0.7111458
2037020000,0.0,0.99389565,-0.004402528,-0.09038492,-0.06310798,0.0,0.0,-0.7126614
2037068000,0.0,0.99367315,-0.0043029115,-0.09284885,-0.06304189,0.0,0.0,-0.71314347
2037116000,0.0,0.99390924,-0.004634732,-0.0902375,-0.06308879,0.0,0.0,-0.7124377
2037164000,0.0,0.994179,-0.004406874,-0.08722593,-0.06308935,0.0,0.0,-0.7119762
2037220000,0.0,0.9938812,-0.004232744,-0.090623185,-0.0630049,0.0,0.0,-0.71283513
2037268000,0.0,0.9934954,-0.0048826644,-0.09473964,-0.06298865,0.0,0.0,-0.7131262
2037316000,0.0,0.99377924,-0.004375525,-0.09175507,-0.06296545,0.0,0.0,-0.71222126
2037372000,0.0,0.9934823,-0.0045095156,-0.09494616,-0.06291111,0.0,0.0,-0.7129401
2037420000,0.0,0.99380213,-0.003807684,-0.09159351,-0.062877156,0.0,0.0,-0.7120612
2037468000,0.0,0.9934622,-0.004018247,-0.0952346,-0.06282594,0.0,0.0,-0.7128147
2037516000,0.0,0.9937527,-0.0041963374,-0.09211482,-0.06287084,0.0,0.0,-0.71240747
2037564000,0.0,0.9940418,-0.003883076,-0.08895569,-0.06287059,0.0,0.0,-0.7124284
2037612000,0.0,0.99344504,-0.003925052,-0.09545806,-0.06276374,0.0,0.0,-0.7134656
2037668000,0.0,0.99340314,-0.0033117512,-0.09597382,-0.0626763,0.0,0.0,-0.713683
2037716000,0.0,0.9936178,-0.0036545126,-0.09367874,-0.06272706,0.0,0.0,-0.7125424
2037772000,0.0,0.9933171,-0.0037023714,-0.09685433,-0.06266265,0.0,0.0,-0.71342754
2037820000,0.0,0.99362284,-0.0035934513,-0.09365517,-0.062685154,0.0,0.0,-0.7120574
2037868000,0.0,0.99324405,-0.0040271953,-0.0975956,-0.06265142,0.0,0.0,-0.7135307
2037916000,0.0,0.9935969,-0.0038150037,-0.09393017,-0.06267196,0.0,0.0,-0.71296453
2037972000,0.0,0.993259,-0.003853758,-0.09747812,-0.062606975,0.0,0.0,-0.71429324
2038020000,0.0,0.9935678,-0.0034359274,-0.09429896,-0.06260062,0.0,0.0,-0.71371293
2038068000,0.0,0.99323714,-0.0038600948,-0.09772811,-0.06256459,0.0,0.0,-0.7138201
2038116000,0.0,0.99359256,-0.0022257308,-0.09417877,-0.062444296,0.0,0.0,-0.71316814
2038172000,0.0,0.9932673,-0.0029458504,-0.09753712,-0.062433075,0.0,0.0,-0.714608
2038220000,0.0,0.9935597,-0.0025910395,-0.09452463,-0.06243012,0.0,0.0,-0.7142017
2038268000,0.0,0.9932632,-0.0028231607,-0.097614676,-0.06238382,0.0,0.0,-0.71560174
2038316000,0.0,0.9935998,-0.002570152,-0.09412284,-0.062400024,0.0,0.0,-0.714118
2038372000,0.0,0.9932979,-0.0030998224,-0.097252525,-0.062382974,0.0,0.0,-0.7148853
2038420000,0.0,0.99364287,-0.0028147795,-0.093659386,-0.06240003,0.0,0.0,-0.71371335
2038468000,0.0,0.99327826,-0.0033367844,-0.09744628,-0.062381316,0.0,0.0,-0.7150253
2038516000,0.0,0.9936136,-0.0027750717,-0.09398915,-0.062373392,0.0,0.0,-0.7139116
2038572000,0.0,0.993292,-0.00343842,-0.0973064,-0.062376026,0.0,0.0,-0.7148899
2038612000,0.0,0.9933192,-0.0037315206,-0.09699895,-0.06240431,0.0,0.0,-0.71533555
2038668000,0.0,0.99335057,-0.004229181,-0.09662617,-0.06245188,0.0,0.0,-0.71473396
2038716000,0.0,0.9937205,-0.004420905,-0.092688456,-0.06252103,0.0,0.0,-0.7141878
2038772000,0.0,0.99341404,-0.0045393156,-0.095933996,-0.06248683,0.0,0.0,-0.71439016
2038820000,0.0,0.99369586,-0.004241267,-0.09297694,-0.062497064,0.0,0.0,-0.7136632
2038868000,0.0,0.99337614,-0.0043122666,-0.09636059,-0.062448904,0.0,0.0,-0.7145622
2038916000,0.0,0.99360186,-0.0042275656,-0.09399593,-0.062468268,0.0,0.0,-0.7147839
2038972000,0.0,0.9933431,-0.00443435,-0.096697755,-0.06244428,0.0,0.0,-0.7153791
2039020000,0.0,0.9936142,-0.003986115,-0.09389578,-0.062437892,0.0,0.0,-0.71413684
2039068000,0.0,0.9933663,-0.004043901,-0.0965034,-0.062403545,0.0,0.0,-0.715258
2039116000,0.0,0.99365705,-0.0046380903,-0.0933692,-0.0625007,0.0,0.0,-0.71369886
2039172000,0.0,0.99339634,-0.004946496,-0.09609299,-0.062493347,0.0,0.0,-0.7141799
2039212000,0.0,0.9934032,-0.004761054,-0.09604218,-0.06247601,0.0,0.0,-0.71377385
2039268000,0.0,0.99332184,-0.0049602254,-0.09686976,-0.06247777,0.0,0.0,-0.71333766
2039316000,0.0,0.9936242,-0.004756489,-0.09371485,-0.062496737,0.0,0.0,-0.7122471
2039372000,0.0,0.9932869,-0.0049969316,-0.09722931,-0.06247067,0.0,0.0,-0.71390843
2039420000,0.0,0.99365586,-0.004644908,-0.09339074,-0.062487032,0.0,0.0,-0.7133841
2039468000,0.0,0.99337715,-0.00437481,-0.09636659,-0.062420253,0.0,0.0,-0.7150573
2039516000,0.0,0.993647,-0.0045301504,-0.093499556,-0.062473517,0.0,0.0,-0.71507365
2039564000,0.0,0.9940088,-0.0047889906,-0.089506015,-0.062547944,0.0,0.0,-0.7136345
2039612000,0.0,0.99346656,-0.0046935305,-0.09539573,-0.062464673,0.0,0.0,-0.71423286
2039668000,0.0,0.9934623,-0.0047361036,-0.095438905,-0.0624623,0.0,0.0,-0.71336484
2039716000,0.0,0.993743,-0.0045052827,-0.09247305,-0.062476676,0.0,0.0,-0.7127528
2039772000,0.0,0.9934086,-0.004115429,-0.09607433,-0.062387057,0.0,0.0,-0.7144091
2039812000,0.0,0.993396,-0.0043045348,-0.09618695,-0.062401965,0.0,0.0,-0.7141204
2039868000,0.0,0.99348325,-0.0042140237,-0.09528418,-0.062403973,0.0,0.0,-0.7133674
2039916000,0.0,0.9938073,-0.003851839,-0.09184997,-0.06241577,0.0,0.0,-0.7126848
2039964000,0.0,0.99412805,-0.0041962634,-0.08824074,-0.0624932,0.0,0.0,-0.7117282
2040012000,0.0,0.993513,-0.0046355207,-0.094925664,-0.062446505,0.0,0.0,-0.71371824
2040068000,0.0,0.9934881,-0.00455015,-0.09520283,-0.06242791,0.0,0.0,-0.7141583
2040116000,0.0,0.9937767,-0.00493436,-0.09207114,-0.06250164,0.0,0.0,-0.7138496
2040172000,0.0,0.9933819,-0.0054656668,-0.09621178,-0.062496986,0.0,0.0,-0.714638
2040212000,0.0,0.99350965,-0.005238239,-0.094899334,-0.062492017,0.0,0.0,-0.7137165
2040268000,0.0,0.99344546,-0.005522667,-0.09553897,-0.062513754,0.0,0.0,-0.7136648
2040316000,0.0,0.99381137,-0.0049119545,-0.091693,-0.062507816,0.0,0.0,-0.71290725
2040372000,0.0,0.9934893,-0.0055343485,-0.095070645,-0.06252915,0.0,0.0,-0.7140408
2040420000,0.0,0.9937395,-0.0051395413,-0.09244466,-0.062525734,0.0,0.0,-0.7140187
2040468000,0.0,0.9934099,-0.0047634286,-0.09600575,-0.062426705,0.0,0.0,-0.71515405
2040516000,0.0,0.9936909,-0.0043152045,-0.09308262,-0.062413175,0.0,0.0,-0.7143386
2040564000,0.0,0.99401474,-0.004504541,-0.08951078,-0.062467217,0.0,0.0,-0.71305287
2040620000,0.0,0.99374014,-0.0050920458,-0.0924758,-0.0624725,0.0,0.0,-0.7134084
2040668000,0.0,0.99346405,-0.0050457753,-0.09542973,-0.06242526,0.0,0.0,-0.71389836
2040716000,0.0,0.99370396,-0.0047984836,-0.09290656,-0.062432434,0.0,0.0,-0.7134173
2040764000,0.0,0.9940298,-0.004349597,-0.08937418,-0.06243447,0.0,0.0,-0.712417
2040820000,0.0,0.9937414,-0.004388188,-0.09255245,-0.062392965,0.0,0.0,-0.7127159
2040868000,0.0,0.9933609,-0.0047073555,-0.09656131,-0.062353477,0.0,0.0,-0.71361464
2040916000,0.0,0.9936647,-0.0045519685,-0.09337807,-0.062372267,0.0,0.0,-0.71277684
2040972000,0.0,0.9933515,-0.0045796945,-0.09668545,-0.062319588,0.0,0.0,-0.71425277
2041020000,0.0,0.9936578,-0.005238059,-0.0933833,-0.06242044,0.0,0.0,-0.7138659
2041068000,0.0,0.99339795,-0.005221388,-0.09613441,-0.06238117,0.0,0.0,-0.71467775
2041116000,0.0,0.99372,-0.004950874,-0.09274959,-0.06239887,0.0,0.0,-0.7137948
2041164000,0.0,0.99405736,-0.0045202267,-0.08907862,-0.062406424,0.0,0.0,-0.71296406
2041212000,0.0,0.9933981,-0.004807769,-0.09618077,-0.06234086,0.0,0.0,-0.71485585
2041268000,0.0,0.9934533,-0.005144998,-0.09557969,-0.06235784,0.0,0.0,-0.7147609
2041316000,0.0,0.9937488,-0.0045473464,-0.09250838,-0.062329017,0.0,0.0,-0.7146122
2041372000,0.0,0.9934319,-0.004268676,-0.09592079,-0.062241435,0.0,0.0,-0.7161801
2041420000,0.0,0.9937488,-0.0037918559,-0.09260633,-0.06223429,0.0,0.0,-0.7145891
2041468000,0.0,0.99348354,-0.003838988,-0.09543643,-0.062190335,0.0,0.0,-0.7144695
2041516000,0.0,0.99376553,-0.0038426341,-0.09242853,-0.06222732,0.0,0.0,-0.7129336
2041572000,0.0,0.9934687,-0.004008343,-0.09558112,-0.062194586,0.0,0.0,-0.71462756
2041612000,0.0,0.99344546,-0.0036268006,-0.09586827,-0.062147263,0.0,0.0,-0.7151665
2041668000,0.0,0.99343884,-0.0032088922,-0.09600016,-0.06207158,0.0,0.0,-0.71518767
2041716000,0.0,0.9937152,-0.0032894704,-0.09307394,-0.062101427,0.0,0.0,-0.7140454
2041764000,0.0,0.9940245,-0.003061694,-0.089711875,-0.062110305,0.0,0.0,-0.71277463
2041812000,0.0,0.9934072,-0.0034428637,-0.09634686,-0.062029026,0.0,0.0,-0.714582
2041868000,0.0,0.9934891,-0.0033105912,-0.09551223,-0.062015735,0.0,0.0,-0.7149677
2041916000,0.0,0.99379927,-0.0023414444,-0.09229195,-0.061965406,0.0,0.0,-0.7142294
2041964000,0.0,0.99413025,-0.002660241,-0.08859355,-0.062041063,0.0,0.0,-0.7128151
2042020000,0.0,0.9938473,-0.0027606552,-0.09173961,-0.06199836,0.0,0.0,-0.7131931
2042068000,0.0,0.99353015,-0.0029522642,-0.095133506,-0.061957214,0.0,0.0,-0.7144623
2042116000,0.0,0.993818,-0.003605779,-0.09198592,-0.062060025,0.0,0.0,-0.71356714
2042164000,0.0,0.99405277,-0.004214936,-0.089324094,-0.062149394,0.0,0.0,-0.71240306
2042220000,0.0,0.9938311,-0.004113366,-0.09178749,-0.062112477,0.0,0.0,-0.7134384
2042268000,0.0,0.99350053,-0.0043108817,-0.09530439,-0.062090583,0.0,0.0,-0.714055
2042316000,0.0,0.9938755,-0.004030103,-0.09130029,-0.06212472,0.0,0.0,-0.7134521
2042372000,0.0,0.99354184,-0.004632111,-0.09482091,-0.06214706,0.0,0.0,-0.7148722
2042412000,0.0,0.99349093,-0.0044218977,-0.09537762,-0.06212389,0.0,0.0,-0.7153567
2042468000,0.0,0.9934714,-0.0035917454,-0.09568213,-0.062020786,0.0,0.0,-0.7153196
2042516000,0.0,0.9937774,-0.0036719602,-0.09241886,-0.062062755,0.0,0.0,-0.7145815
2042572000,0.0,0.9934249,-0.0040707947,-0.09613485,-0.062036663,0.0,0.0,-0.71505487
2042612000,0.0,0.99338526,-0.003768043,-0.096581556,-0.061996274,0.0,0.0,-0.71492785
2042668000,0.0,0.99343085,-0.0034328664,-0.09614333,-0.061966203,0.0,0.0,-0.71477765
2042716000,0.0,0.99370146,-0.0033376904,-0.09328812,-0.06199684,0.0,0.0,-0.7139401
2042772000,0.0,0.99339646,-0.004397776,-0.09640171,-0.062055428,0.0,0.0,-0.71363914
2042820000,0.0,0.9936709,-0.0036761614,-0.0935824,-0.062024225,0.0,0.0,-0.7136927
2042868000,0.0,0.9933481,-0.003881583,-0.09697738,-0.06196651,0.0,0.0,-0.7150868
2042916000,0.0,0.9937089,-0.0030743254,-0.09326394,-0.061927512,0.0,0.0,-0.7142542
2042964000,0.0,0.9940593,-0.0026729181,-0.08946151,-0.06193196,0.0,0.0,-0.7127123
2043012000,0.0,0.9933815,-0.003093654,-0.09673869,-0.061848763,0.0,0.0,-0.7151585
2043068000,0.0,0.9934117,-0.0026699903,-0.09647029,-0.061802186,0.0,0.0,-0.71444845
2043116000,0.0,0.99374133,-0.0024899067,-0.09299788,-0.061832912,0.0,0.0,-0.71371233
2043164000,0.0,0.9940704,-0.0026617418,-0.089362994,-0.06189744,0.0,0.0,-0.71259785
2043212000,0.0,0.9934532,-0.0037330333,-0.09594251,-0.06190141,0.0,0.0,-0.7145235
2043268000,0.0,0.993448,-0.0038508766,-0.0959894,-0.061905187,0.0,0.0,-0.714752
2043316000,0.0,0.99374944,-0.003775267,-0.092795394,-0.061941624,0.0,0.0,-0.7143553
2043372000,0.0,0.9933967,-0.0038036508,-0.096527524,-0.06189534,0.0,0.0,-0.7150506
2043420000,0.0,0.9937521,-0.003957134,-0.092742205,-0.061967183,0.0,0.0,-0.7129675
2043468000,0.0,0.99341327,-0.0042475183,-0.096300036,-0.061955124,0.0,0.0,-0.7139509
2043516000,0.0,0.9937671,-0.004230982,-0.09253884,-0.062013805,0.0,0.0,-0.7128423
2043564000,0.0,0.99405766,-0.0037671477,-0.089377455,-0.062022816,0.0,0.0,-0.7119137
2043612000,0.0,0.9934212,-0.004889664,-0.0961241,-0.06205303,0.0,0.0,-0.71368283
2043668000,0.0,0.99347454,-0.005074323,-0.09554808,-0.062073506,0.0,0.0,-0.7131836
2043716000,0.0,0.9937864,-0.004658614,-0.09226816,-0.06207651,0.0,0.0,-0.7131253
2043764000,0.0,0.9940713,-0.0041162814,-0.0891776,-0.062069662,0.0,0.0,-0.71362203
2043812000,0.0,0.993412,-0.0041947695,-0.09629259,-0.061989922,0.0,0.0,-0.7150113
2043868000,0.0,0.9934861,-0.004186232,-0.095512815,-0.062009323,0.0,0.0,-0.7146663
2043916000,0.0,0.9938211,-0.0046737706,-0.09186958,-0.062110744,0.0,0.0,-0.7145527
2043964000,0.0,0.99413365,-0.004455538,-0.08841159,-0.062143862,0.0,0.0,-0.71348023
2044020000,0.0,0.993839,-0.0041657863,-0.09171383,-0.062090944,0.0,0.0,-0.71291715
2044068000,0.0,0.9935945,-0.004650202,-0.0942943,-0.06210397,0.0,0.0,-0.7137582
2044116000,0.0,0.9939016,-0.004363015,-0.09100083,-0.062124256,0.0,0.0,-0.71310276
2044164000,0.0,0.99424225,-0.0045995167,-0.0871348,-0.062199105,0.0,0.0,-0.712101
2044220000,0.0,0.9939349,-0.005439452,-0.09049276,-0.06224839,0.0,0.0,-0.7130509
2044268000,0.0,0.99364495,-0.005661557,-0.09360915,-0.062249016,0.0,0.0,-0.71393746
2044316000,0.0,0.9939276,-0.0052259867,-0.090578735,-0.062259156,0.0,0.0,-0.7130622
2044372000,0.0,0.99358886,-0.0055981535,-0.09419012,-0.06227391,0.0,0.0,-0.71468455
2044420000,0.0,0.99389035,-0.00528678,-0.090957254,-0.062296864,0.0,0.0,-0.7138981
2044468000,0.0,0.99360865,-0.0052987733,-0.0940052,-0.062264495,0.0,0.0,-0.71462065
2044516000,0.0,0.9939185,-0.0048839054,-0.09068923,-0.06227134,0.0,0.0,-0.7141463
2044564000,0.0,0.9942565,-0.0045680846,-0.086905286,-0.062294446,0.0,0.0,-0.7134831
2044620000,0.0,0.99393016,-0.0054085767,-0.090485536,-0.062337644,0.0,0.0,-0.71452355
2044668000,0.0,0.9935999,-0.0059437053,-0.09399647,-0.06235895,0.0,0.0,-0.7152315
2044716000,0.0,0.9938642,-0.0058677965,-0.09113849,-0.06239668,0.0,0.0,-0.7149417
2044772000,0.0,0.99352336,-0.0058696438,-0.0947959,-0.062375303,0.0,0.0,-0.7146073
2044820000,0.0,0.9938453,-0.0057239495,-0.09134115,-0.06241437,0.0,0.0,-0.7134081
2044868000,0.0,0.9935403,-0.005499715,-0.0946512,-0.062358025,0.0,0.0,-0.71442753
2044916000,0.0,0.9938389,-0.0050668856,-0.091486394,-0.062360916,0.0,0.0,-0.7134201
2044964000,0.0,0.9941461,-0.0052450635,-0.08803088,-0.06242253,0.0,0.0,-0.712972
2045012000,0.0,0.9935919,-0.0052725486,-0.09411713,-0.062364135,0.0,0.0,-0.7141599
2045068000,0.0,0.9935871,-0.0052349796,-0.09416637,-0.062371004,0.0,0.0,-0.71367186
2045116000,0.0,0.9938371,-0.004892234,-0.091501445,-0.06238022,0.0,0.0,-0.7136842
2045164000,0.0,0.9941582,-0.0050702994,-0.08788696,-0.062447112,0.0,0.0,-0.7128801
2045212000,0.0,0.9935436,-0.005368042,-0.09459418,-0.062403962,0.0,0.0,-0.71433985
2045268000,0.0,0.9935812,-0.0051208865,-0.09423389,-0.062371608,0.0,0.0,-0.7149929
2045316000,0.0,0.99392176,-0.0050693005,-0.09055113,-0.06240485,0.0,0.0,-0.71417165
2045364000,0.0,0.9942533,-0.005047639,-0.08680875,-0.06244314,0.0,0.0,-0.712976
2045420000,0.0,0.9939491,-0.00546192,-0.09020311,-0.062440146,0.0,0.0,-0.7135101
2045468000,0.0,0.9936073,-0.005294207,-0.0939411,-0.062383126,0.0,0.0,-0.7143948
2045516000,0.0,0.99388456,-0.0053571784,-0.09092559,-0.062429048,0.0,0.0,-0.71430564
2045564000,0.0,0.9942249,-0.004948546,-0.0871391,-0.062442977,0.0,0.0,-0.71352965
2045612000,0.0,0.9935644,-0.0056261434,-0.09434478,-0.062427867,0.0,0.0,-0.7151653
2045668000,0.0,0.9936131,-0.0055256453,-0.09383634,-0.062427666,0.0,0.0,-0.71453524
2045716000,0.0,0.993938,-0.004783269,-0.09038748,-0.062405195,0.0,0.0,-0.7142053
2045772000,0.0,0.9936272,-0.0052827704,-0.09370843,-0.062416364,0.0,0.0,-0.7154678
2045820000,0.0,0.99392205,-0.005040235,-0.090526566,-0.06243841,0.0,0.0,-0.7142876
2045868000,0.0,0.9937007,-0.004810581,-0.092964776,-0.06239673,0.0,0.0,-0.7149486
2045916000,0.0,0.993929,-0.0048956643,-0.090455145,-0.062441703,0.0,0.0,-0.71453124
2045964000,0.0,0.99425536,-0.0055333856,-0.0866788,-0.06254907,0.0,0.0,-0.7139246
2046012000,0.0,0.99368495,-0.0053041764,-0.09306097,-0.062464304,0.0,0.0,-0.71530193
2046068000,0.0,0.99365276,-0.005338368,-0.09341368,-0.062446523,0.0,0.0,-0.7153957
2046116000,0.0,0.99393207,-0.005155608,-0.09039667,-0.062457882,0.0,0.0,-0.7146647
2046172000,0.0,0.9936412,-0.0048353816,-0.09360884,-0.06237956,0.0,0.0,-0.71496546
2046220000,0.0,0.99397826,-0.004997321,-0.08991007,-0.062436804,0.0,0.0,-0.71433187
2046268000,0.0,0.99363333,-0.005407856,-0.093628444,-0.062428113,0.0,0.0,-0.7159628
2046316000,0.0,0.9939311,-0.005437137,-0.09038102,-0.062471732,0.0,0.0,-0.714813
2046372000,0.0,0.9936364,-0.0056275656,-0.09356199,-0.06245904,0.0,0.0,-0.71549594
2046412000,0.0,0.993643,-0.005427224,-0.093519524,-0.06243688,0.0,0.0,-0.7160987
2046468000,0.0013325813,0.99370855,-0.0049673435,-0.09291005,-0.062340084,0.0,0.0,-0.7159934
2046516000,0.0007845296,0.9940567,-0.004536438,-0.089152545,-0.06230948,0.0,0.0,-0.71500826
2046572000,0.0,0.99369174,-0.0044554323,-0.09321039,-0.062198926,0.0,0.0,-0.716053
2046620000,0.0,0.9939538,-0.004160801,-0.09039817,-0.062182177,0.0,0.0,-0.71499425
2046668000,0.0,0.99367815,-0.0035786245,-0.093489006,-0.062054534,0.0,0.0,-0.715888
2046716000,0.0,0.9939615,-0.0034554417,-0.09042409,-0.062065538,0.0,0.0,-0.7147874
2046772000,0.0,0.9936297,-0.0038940837,-0.09400606,-0.062030263,0.0,0.0,-0.7157528
2046820000,0.0,0.99398386,-0.0035577666,-0.09019867,-0.062029283,0.0,0.0,-0.7145985
2046868000,0.0017259298,0.9937099,-0.003545633,-0.0932424,-0.061918836,0.0,0.0,-0.71565235
2046916000,0.0013031939,0.9939635,-0.0029679264,-0.09056044,-0.06185967,0.0,0.0,-0.7139691
2046972000,0.0,0.993716,-0.0022143514,-0.09337087,-0.061688464,0.0,0.0,-0.71466196
2047020000,0.0,0.99404883,-0.0022931586,-0.08973697,-0.061717045,0.0,0.0,-0.71322274
2047068000,0.0,0.9937035,-0.0029561245,-0.09348607,-0.061684474,0.0,0.0,-0.71455383
2047116000,0.0,0.9939627,-0.002835767,-0.09068782,-0.06169185,0.0,0.0,-0.71375847
2047164000,0.0,0.9942522,-0.002658992,-0.08745327,-0.06170467,0.0,0.0,-0.71237415
2047220000,0.0,0.99401087,-0.0028390177,-0.09018205,-0.06165691,0.0,0.0,-0.7136196
2047268000,0.00043524173,0.99372244,-0.002690428,-0.09338149,-0.061549757,0.0,0.0,-0.71424425
2047316000,3.3933902e-05,0.99400985,-0.0025901597,-0.090268664,-0.061557256,0.0,0.0,-0.7134564
2047364000,0.0,0.99435425,-0.002453664,-0.086382486,-0.061576825,0.0,0.0,-0.712525
2047412000,0.0,0.9937603,-0.0026432863,-0.09303208,-0.06147055,0.0,0.0,-0.71379423
2047468000,0.0,0.9937206,-0.0031288995,-0.093424775,-0.06149408,0.0,0.0,-0.71340674
2047516000,0.0,0.99404234,-0.0034346392,-0.0898766,-0.061564695,0.0,0.0,-0.71174353
2047572000,0.0,0.9936681,-0.003623977,-0.09394313,-0.061525162,0.0,0.0,-0.7125116
2047620000,0.0,0.99401194,-0.003316448,-0.090232834,-0.061541464,0.0,0.0,-0.7120209
2047668000,0.00082198414,0.99373734,-0.0033947797,-0.09326464,-0.061450854,0.0,0.0,-0.7133749
2047716000,0.0001584494,0.9940259,-0.003227442,-0.09014733,-0.06144626,0.0,0.0,-0.71350807
2047772000,0.0,0.99372363,-0.0030619754,-0.09349252,-0.06134467,0.0,0.0,-0.71423894
2047820000,0.0,0.9940457,-0.003351727,-0.0899543,-0.061402213,0.0,0.0,-0.71372956
2047868000,0.0,0.99371064,-0.0039860443,-0.09356081,-0.06139757,0.0,0.0,-0.71419466
2047916000,0.0,0.99395245,-0.003648431,-0.09097036,-0.06139755,0.0,0.0,-0.7140351
2047964000,0.0,0.9942307,-0.0037957903,-0.08783288,-0.06145194,0.0,0.0,-0.7129862
2048012000,0.0,0.9936439,-0.004101964,-0.09426111,-0.061399244,0.0,0.0,-0.7146984
2048068000,0.0,0.9937121,-0.0038757045,-0.09357484,-0.061359484,0.0,0.0,-0.71442914
2048116000,0.0,0.99403554,-0.0038666346,-0.0900514,-0.061394043,0.0,0.0,-0.71398467
2048172000,0.0,0.99373114,-0.00435874,-0.09333145,-0.061389677,0.0,0.0,-0.71566296
2048220000,0.0,0.99400043,-0.0042612297,-0.090402715,-0.061419602,0.0,0.0,-0.715068
2048268000,0.0,0.9937115,-0.0044062827,-0.09353017,-0.06140294,0.0,0.0,-0.7148719
2048316000,0.0,0.9940132,-0.0042681512,-0.090244845,-0.061444588,0.0,0.0,-0.71355474
2048372000,0.0,0.99370235,-0.0040294863,-0.09364442,-0.06140144,0.0,0.0,-0.7146248
2048420000,0.0,0.9940333,-0.004295329,-0.089997694,-0.061480116,0.0,0.0,-0.7133734
2048468000,0.0,0.99373496,-0.00387913,-0.09333247,-0.0613588,0.0,0.0,-0.7151297
2048516000,0.0,0.994091,-0.0032614488,-0.0895041,-0.061332054,0.0,0.0,-0.7149483
2048572000,0.0,0.9937539,-0.003833186,-0.0931658,-0.06130775,0.0,0.0,-0.71559906
2048620000,0.0,0.99410224,-0.004126806,-0.08931287,-0.06137569,0.0,0.0,-0.71422064
2048668000,0.0,0.99373955,-0.004449025,-0.093261845,-0.06135303,0.0,0.0,-0.7151036
2048716000,0.0,0.99404377,-0.003343054,-0.090047866,-0.061296333,0.0,0.0,-0.7145861
2048772000,0.0,0.99369884,-0.0041919756,-0.09371923,-0.06133355,0.0,0.0,-0.71569586
2048812000,0.0,0.9936757,-0.0047806622,-0.09389662,-0.061393976,0.0,0.0,-0.7156729
2048868000,0.0,0.99369794,-0.004264453,-0.09371721,-0.061345596,0.0,0.0,-0.7141147
2048916000,0.0,0.9940417,-0.0043616747,-0.089953415,-0.061404932,0.0,0.0,-0.7130187
2048972000,0.0,0.9936886,-0.005357341,-0.093679875,-0.06146849,0.0,0.0,-0.71465355
2049020000,0.0,0.99396235,-0.0050289277,-0.09073239,-0.061491374,0.0,0.0,-0.7138706
2049068000,-4.4107204e-05,0.9936512,-0.0054428563,-0.09403376,-0.061524563,0.0,0.0,-0.71479636
2049116000,-0.00039101578,0.99397457,-0.004947616,-0.09056262,-0.061550427,0.0,0.0,-0.71368957
2049172000,0.0,0.99355114,-0.004980597,-0.095096074,-0.061547566,0.0,0.0,-0.71467036
2049220000,0.0,0.99394906,-0.0049642804,-0.090789154,-0.061627787,0.0,0.0,-0.7137025
2049268000,-3.8560713e-05,0.99373364,-0.0049283123,-0.093115225,-0.061634067,0.0,0.0,-0.71359235
2049316000,-3.5784906e-05,0.9940206,-0.00464272,-0.0899879,-0.06167447,0.0,0.0,-0.7124691
2049372000,0.0,0.99370235,-0.0051022666,-0.09338107,-0.0617226,0.0,0.0,-0.7135612
2049420000,0.0,0.9940034,-0.0048036007,-0.09010537,-0.061766714,0.0,0.0,-0.7130448
2049468000,-0.00032185554,0.9936615,-0.004971058,-0.09378223,-0.06178128,0.0,0.0,-0.7147066
2049516000,-0.0005980625,0.99398947,-0.004897057,-0.09019589,-0.06185221,0.0,0.0,-0.7141818
2049572000,0.0,0.99366325,-0.005171976,-0.09368106,-0.061891027,0.0,0.0,-0.7155315
2049620000,-3.1367876e-05,0.9939908,-0.0054283654,-0.09004906,-0.062000837,0.0,0.0,-0.7148062
2049668000,-0.0024382863,0.99398303,-0.0048935665,-0.09013642,-0.062042013,0.0,0.0,-0.71509796
2049716000,-0.0022110448,0.99502355,-0.003922995,-0.077768385,-0.06216739,0.0,0.0,-0.71239877
2049772000,-0.000843558,0.9957683,-0.0041260417,-0.067349814,-0.06239042,0.0,0.0,-0.7104024
2049820000,-0.000763773,0.99652934,-0.004261445,-0.054753028,-0.06255593,0.0,0.0,-0.70939606
2049868000,-0.002323937,0.9970718,-0.003971011,-0.0436141,-0.06268873,0.0,0.0,-0.7091621
2049916000,-0.0023029863,0.99755126,-0.0037671463,-0.030582363,-0.06278559,0.0,0.0,-0.7087837
2049964000,-0.002471409,0.9978533,-0.004170936,-0.017863408,-0.06286766,0.0,0.0,-0.7087954
2050020000,0.0,0.9980037,-0.004000583,-0.0034783506,-0.06293207,0.0,0.0,-0.70882934
2050068000,0.0,0.99799883,-0.0036182397,0.0056567886,-0.06287451,0.0,0.0,-0.70884794
2050116000,0.0,0.9979681,-0.0034574883,0.009936378,-0.06284141,0.0,0.0,-0.7089413
2050172000,0.0,0.997967,-0.0022874132,0.0104203075,-0.06283364,0.0,0.0,-0.7078225
2050220000,0.0,0.9979322,-0.001954889,0.013504936,-0.06281012,0.0,0.0,-0.70647067
2050268000,0.0,0.99794406,-0.0013428464,0.012741584,-0.062797435,0.0,0.0,-0.7066524
2050316000,0.0,0.9979145,-0.0003543766,0.014995068,-0.06278327,0.0,0.0,-0.7067806
2050372000,0.0,0.99793863,-0.0003128905,0.013486109,-0.062741645,0.0,0.0,-0.705802
2050420000,0.0,0.9978927,-0.00014362177,0.016704738,-0.062699184,0.0,0.0,-0.7063098
2050468000,0.002282455,0.997897,0.00043401736,0.01665683,-0.062641315,0.0,0.0,-0.7070011
2050516000,0.0024440926,0.99784154,0.0012850731,0.01982099,-0.06259234,0.0,0.0,-0.7077487
2050572000,0.0009877984,0.99784416,0.0014248878,0.020019436,-0.06248462,0.0,0.0,-0.7086209
2050620000,0.0013272641,0.99780095,0.0016238906,0.022258017,-0.06241119,0.0,0.0,-0.70895296
2050668000,0.0030550875,0.9978147,0.002373256,0.021808615,-0.062325854,0.0,0.0,-0.7090693
2050716000,0.0029867215,0.99776864,0.0027468826,0.023994701,-0.062244933,0.0,0.0,-0.70968676
2050772000,0.0025618044,0.9978122,0.0027693624,0.022517037,-0.062097605,0.0,0.0,-0.7095608
2050820000,0.0011102003,0.9977621,0.0028094775,0.024855714,-0.06200909,0.0,0.0,-0.70979774
2050868000,0.0,0.9977518,0.0029962808,0.025291698,-0.061990015,0.0,0.0,-0.71011424
2050916000,0.0002732235,0.9976712,0.0031492033,0.028343046,-0.061959926,0.0,0.0,-0.71035117
2050964000,0.00077063194,0.9976048,0.0033917194,0.030626275,-0.06192871,0.0,0.0,-0.710125
2051012000,0.0,0.9976818,0.0031662888,0.028192487,-0.061855346,0.0,0.0,-0.71018445
2051068000,0.0024213889,0.9976566,0.0030135033,0.029253244,-0.061777633,0.0,0.0,-0.7109606
2051116000,0.002225106,0.99761355,0.0030528526,0.03080929,-0.061715145,0.0,0.0,-0.7111401
2051172000,0.0010110317,0.9976235,0.0033263538,0.030656781,-0.06161467,0.0,0.0,-0.711612
2051212000,0.0,0.99762464,0.0034835003,0.030652447,-0.061589766,0.0,0.0,-0.7118264
2051268000,-0.006077696,0.9975797,0.0028570702,0.031838182,-0.061748493,0.0,0.0,-0.71145684
2051316000,-0.005112149,0.99748445,0.0027848969,0.034466986,-0.061879013,0.0,0.0,-0.71127063
2051372000,-0.003833511,0.99752116,0.0028843272,0.03297564,-0.062095482,0.0,0.0,-0.71114254
2051420000,-0.0036251736,0.99745834,0.002393188,0.03469539,-0.062188804,0.0,0.0,-0.7119859
2051468000,-0.00374576,0.9975159,0.0027067962,0.032646976,-0.062360127,0.0,0.0,-0.7115278
2051516000,-0.0028486827,0.99746823,0.0034257057,0.03379528,-0.062476493,0.0,0.0,-0.7118946
2051564000,-0.0020903223,0.99744725,0.0034098725,0.034274537,-0.06255049,0.0,0.0,-0.7115932
2051612000,-0.0057074707,0.9974887,0.00411171,0.03266686,-0.062708504,0.0,0.0,-0.71022993
2051668000,-0.013038134,0.99746996,0.0030635407,0.032756753,-0.063018374,0.0,0.0,-0.71077645
2051716000,-0.013226211,0.9974135,0.0033893844,0.0338386,-0.063323416,0.0,0.0,-0.7115069
2051764000,-0.012782717,0.99737686,0.0031325018,0.03440726,-0.063606225,0.0,0.0,-0.7113813
2051820000,-0.012418192,0.99740684,0.0028259852,0.032672472,-0.064063504,0.0,0.0,-0.71025723
2051868000,-0.012544693,0.9973892,0.002621874,0.032463055,-0.06445188,0.0,0.0,-0.7106225
2051916000,-0.012718692,0.9973876,0.0030415743,0.031871617,-0.064753614,0.0,0.0,-0.71102077
2051964000,-0.012650017,0.99735016,0.0036023404,0.032361105,-0.06505742,0.0,0.0,-0.7113493
2052012000,-0.014018086,0.99738115,0.003977544,0.030326623,-0.06553841,0.0,0.0,-0.7112054
2052068000,-0.021192666,0.9973459,0.0039673,0.030279282,-0.06609565,0.0,0.0,-0.7102909
2052116000,-0.022517487,0.9972993,0.004036146,0.03076432,-0.06656828,0.0,0.0,-0.71097386
2052164000,-0.023184452,0.9972698,0.0015572138,0.031048905,-0.066981785,0.0,0.0,-0.7112706
2052220000,-0.022995345,0.9972486,0.0012985246,0.029994752,-0.0677776,0.0,0.0,-0.71145403
2052268000,-0.022872716,0.99724615,-0.0023362185,0.028644606,-0.06836772,0.0,0.0,-0.7106023
2052316000,-0.02265764,0.99721867,-0.0022517429,0.02842581,-0.0688609,0.0,0.0,-0.71103144
2052372000,-0.0003174264,0.9972246,-0.0026008713,0.027275007,-0.06922705,0.0,0.0,-0.71067095
2052420000,0.0,0.9972401,-0.0026633965,0.026687358,-0.06923021,0.0,0.0,-0.7104918
2052468000,0.0,0.9972815,-0.0027439452,0.02505528,-0.0692413,0.0,0.0,-0.71053904
2052516000,0.0,0.99725896,-0.002729026,0.025955431,-0.06923446,0.0,0.0,-0.70988435
2052564000,0.0,0.9972753,-0.002645521,0.025307836,-0.06924173,0.0,0.0,-0.7096415
2052612000,0.0,0.99731904,-0.0022620116,0.023497386,-0.06926448,0.0,0.0,-0.70955324
2052668000,0.0,0.99734473,-0.0022183785,0.022354452,-0.06927343,0.0,0.0,-0.70908254
2052716000,0.0,0.99735534,-0.001708546,0.021877544,-0.06928763,0.0,0.0,-0.7089837
2052764000,0.0,0.9973571,-0.0021146582,0.021790117,-0.06927946,0.0,0.0,-0.7084125
2052820000,0.0,0.9973803,-0.0021995294,0.02066897,-0.069285035,0.0,0.0,-0.7081106
2052868000,0.0,0.9974207,-0.0026154446,0.018543016,-0.06929076,0.0,0.0,-0.70771265
2052916000,0.0,0.99742085,-0.0027303633,0.01852644,-0.06928877,0.0,0.0,-0.7084926
2052964000,0.0,0.9974214,-0.0014805314,0.018555049,-0.06931132,0.0,0.0,-0.7078294
2053012000,0.0,0.99745405,-0.0021211964,0.016642822,-0.06931064,0.0,0.0,-0.70711297
2053068000,0.0,0.99747187,-0.0011316203,0.0155447135,-0.069331706,0.0,0.0,-0.70779186
2053116000,0.0,0.99745876,-0.0011337665,0.016380064,-0.06932797,0.0,0.0,-0.7075569
2053172000,0.0,0.99747443,-0.0006244875,0.0153701175,-0.06934013,0.0,0.0,-0.70623034
2053220000,0.0,0.9974857,-0.00048399842,0.014602734,-0.06934503,0.0,0.0,-0.70597285
2053268000,0.0,0.99750745,-0.0013173079,0.013006958,-0.06933969,0.0,0.0,-0.70592797
2053316000,0.0,0.9975143,-0.001029964,0.012464812,-0.06934534,0.0,0.0,-0.7056729
2053372000,0.0,0.9975226,-4.3975637e-05,0.011751682,-0.06935927,0.0,0.0,-0.7059059
2053420000,0.0,0.99752796,0.00040995862,0.011238904,-0.06936557,0.0,0.0,-0.706036
2053468000,0.0,0.997539,0.00046008162,0.010189612,-0.06936798,0.0,0.0,-0.70613426
2053516000,0.0,0.9975384,0.0006441417,0.010226372,-0.069369785,0.0,0.0,-0.7064313
2053572000,0.0,0.99754703,0.0005109638,0.009360874,-0.069369756,0.0,0.0,-0.70645934
2053620000,0.0,0.99754363,0.0006274962,0.009696391,-0.069370374,0.0,0.0,-0.7063438
2053668000,0.0,0.99755687,0.00068547984,0.008203695,-0.069372706,0.0,0.0,-0.7065016
2053716000,0.0,0.9975554,0.0007239696,0.008374794,-0.06937285,0.0,0.0,-0.70646006
2053764000,0.0,0.99755394,-0.0025152725,0.008426769,-0.069346026,0.0,0.0,-0.70659244
2053820000,0.0,0.9975584,-0.0029312691,0.007733304,-0.06934581,0.0,0.0,-0.7073323
2053868000,0.0,0.99756604,-0.0027362441,0.0067033754,-0.069351576,0.0,0.0,-0.7066113
2053916000,0.0,0.9975639,-0.0018991219,0.0072485106,-0.06935517,0.0,0.0,-0.7063402
2053964000,0.0,0.99756396,-0.0018043147,0.0072624395,-0.06935582,0.0,0.0,-0.7059786
2054020000,0.0,0.997567,-0.0011379683,0.0069108363,-0.06936143,0.0,0.0,-0.70592946
2054068000,0.0,0.99757254,-0.0011612978,0.0060366164,-0.06936346,0.0,0.0,-0.70643353
2054116000,0.0,0.99756783,-0.00069704076,0.0068156286,-0.069364615,0.0,0.0,-0.7061215
2054172000,0.0,0.9975738,-0.00085859577,0.0058447705,-0.069365636,0.0,0.0,-0.7068292
2054220000,0.0,0.99757355,-0.00071126287,0.005910082,-0.06936636,0.0,0.0,-0.70700663
2054268000,0.0,0.9975763,-0.0007197665,0.005403226,-0.06936726,0.0,0.0,-0.7066782
2054316000,0.0,0.99757797,-0.00092014263,0.0050643454,-0.06936687,0.0,0.0,-0.70616335
2054372000,0.0,0.9975781,-0.00016696991,0.005068681,-0.06937061,0.0,0.0,-0.7064199
2054420000,0.0,0.99757713,7.736994e-05,0.0052413507,-0.06937166,0.0,0.0,-0.7063374
2054468000,0.0,0.9975794,0.00012701094,0.004769995,-0.06937236,0.0,0.0,-0.7066187
2054516000,0.0,0.9975807,0.00025063215,0.004474813,-0.06937315,0.0,0.0,-0.7068895
2054572000,0.0,0.99758255,0.00036116134,0.0040213726,-0.069373876,0.0,0.0,-0.70645505
2054620000,0.0,0.9975833,-0.0015427653,0.0036545186,-0.06936724,0.0,0.0,-0.7063114
2054668000,0.0,0.99758106,-0.001379882,0.0042919833,-0.06936642,0.0,0.0,-0.70629025
2054716000,0.0,0.9975832,-0.0009678688,0.0038430525,-0.06936894,0.0,0.0,-0.70661473
2054764000,0.0,0.99757874,-0.00054624735,0.004937402,-0.069368936,0.0,0.0,-0.7058291
2054812000,0.0,0.99758244,-0.0006228228,0.0040851957,-0.06936989,0.0,0.0,-0.7064799
2054868000,0.0,0.9975849,-2.823124e-05,0.0034352473,-0.06937279,0.0,0.0,-0.70665616
2054916000,0.0,0.9975874,0.00059726747,0.0024959133,-0.06937495,0.0,0.0,-0.7071537
2054972000,0.0,0.9975876,0.00082771556,0.0023354155,-0.069375485,0.0,0.0,-0.7064783
2055020000,0.0,0.997586,0.00012172188,0.0030760888,-0.069373496,0.0,0.0,-0.7064609
2055068000,0.0,0.99758685,0.00022101677,0.0027802081,-0.069373906,0.0,0.0,-0.70575154
2055116000,0.0,0.9975859,0.0004715324,0.0030568286,-0.069374576,0.0,0.0,-0.7052677
2055164000,0.0,0.99758506,0.0010253326,0.0031536887,-0.06937631,0.0,0.0,-0.7060077
2055212000,0.0,0.9975862,0.0013613377,0.0026113666,-0.069376975,0.0,0.0,-0.70621276
2055268000,0.0,0.9975874,-3.7755148e-05,0.0026064352,-0.06937331,0.0,0.0,-0.70639145
2055316000,0.0,0.997588,0.00017302415,0.0023225173,-0.06937395,0.0,0.0,-0.7074462
2055372000,0.0,0.9975891,0.00014277268,0.0018049576,-0.06937403,0.0,0.0,-0.7061053
2055412000,0.0,0.99758935,0.000570183,0.0015157493,-0.06937473,0.0,0.0,-0.70628476
2055468000,0.0,0.9975888,0.00081721164,0.0017314303,-0.06937521,0.0,0.0,-0.70660615
2055516000,0.0,0.99758905,0.0007154803,0.001645217,-0.069375016,0.0,0.0,-0.70614374
2055572000,0.0,0.9975881,0.0011153878,0.0019474349,-0.0693759,0.0,0.0,-0.7056333
2055620000,0.0,0.9975884,0.0013301192,0.0016435115,-0.06937607,0.0,0.0,-0.706209
2055668000,0.0,0.99758893,0.0009608158,0.0015729897,-0.069375366,0.0,0.0,-0.7059834
2055716000,0.0,0.99758947,0.00095599494,0.0012247702,-0.06937516,0.0,0.0,-0.70601577
2055772000,0.0,0.9975903,0.00038025895,0.000865721,-0.06937437,0.0,0.0,-0.7066908
2055812000,0.0,0.9975896,0.0007995811,0.0012028435,-0.069374934,0.0,0.0,-0.70683056
2055868000,0.0,0.9975879,0.00097477797,0.0021151437,-0.06937571,0.0,0.0,-0.70717645
2055916000,0.0,0.99758774,0.00075688085,0.0022952966,-0.0693753,0.0,0.0,-0.7064782
2055972000,0.0,0.997588,0.00054559996,0.0022641427,-0.06937481,0.0,0.0,-0.7058585
2056020000,0.0,0.99758744,0.0005400191,0.0024790484,-0.06937481,0.0,0.0,-0.7058401
2056068000,0.0,0.99758697,0.00035894103,0.0027058718,-0.06937432,0.0,0.0,-0.705263
2056116000,0.0,0.99758565,0.0002831319,0.0031799732,-0.06937395,0.0,0.0,-0.7053652
2056172000,0.0,0.99758816,0.00057394616,0.0021627245,-0.06937486,0.0,0.0,-0.7057474
2056220000,0.0,0.9975873,-1.654575e-05,0.002629423,-0.06937336,0.0,0.0,-0.70619875
2056268000,0.0,0.9975878,0.00018743167,0.0024157662,-0.069373965,0.0,0.0,-0.70641106
2056316000,0.0,0.99758726,-0.00050303055,0.002626693,-0.06937209,0.0,0.0,-0.7056862
2056364000,0.0,0.99758476,0.00030119845,0.0034438365,-0.069373906,0.0,0.0,-0.70508385
2056420000,0.0,0.99758536,0.0004628947,0.0032288018,-0.06937452,0.0,0.0,-0.7049714
2056468000,0.0,0.9975849,-0.00029091045,0.0034533623,-0.069371894,0.0,0.0,-0.7047031
2056516000,0.0,0.99758357,-0.0006510494,0.0037970638,-0.06937019,0.0,0.0,-0.70448434
2056564000,0.0,0.9975837,-0.00072824594,0.0037593085,-0.06936996,0.0,0.0,-0.7040253
2056612000,0.0,0.9975842,-0.0018378443,0.0032511258,-0.06936724,0.0,0.0,-0.70388865
2056668000,0.0,0.99758464,-0.00079874316,0.0034681403,-0.06937016,0.0,0.0,-0.7036227
2056716000,0.0,0.99758595,-0.0005301965,0.0031005265,-0.0693715,0.0,0.0,-0.70427686
2056772000,0.0,0.9975866,-0.000737934,0.002829968,-0.069371246,0.0,0.0,-0.7051262
2056820000,0.0,0.9975848,-0.00085579354,0.0034154626,-0.069370046,0.0,0.0,-0.70575964
2056868000,0.0,0.99758595,-0.000421175,0.003117208,-0.06937183,0.0,0.0,-0.70600015
2056916000,0.0,0.9975838,-0.0004155675,0.003751375,-0.06937111,0.0,0.0,-0.7064858
2056964000,0.0,0.9975831,-0.00033847778,0.003941022,-0.06937119,0.0,0.0,-0.70661026
2057020000,0.0,0.9975841,4.298088e-05,0.0036618565,-0.06937287,0.0,0.0,-0.7059716
2057068000,0.0,0.9975836,8.553345e-05,0.003793047,-0.069372945,0.0,0.0,-0.7059207
2057116000,0.0,0.9975814,-0.00015791456,0.00435763,-0.069371454,0.0,0.0,-0.7057139
2057172000,0.0,0.9975836,-0.00036986236,0.0037956205,-0.06937123,0.0,0.0,-0.7059375
2057220000,0.0,0.99758154,6.197088e-05,0.0043050214,-0.06937247,0.0,0.0,-0.7055105
2057268000,0.0,0.9975818,-0.0005000425,0.0042623696,-0.069370136,0.0,0.0,-0.70596606
2057316000,0.0,0.99758184,0.00021743127,0.0042159823,-0.069373176,0.0,0.0,-0.70618415
2057372000,0.0,0.9975843,-0.0002142683,0.003614846,-0.069372006,0.0,0.0,-0.7058091
2057420000,0.0,0.99758387,0.00018131944,0.0037102022,-0.06937336,0.0,0.0,-0.7059618
2057468000,0.0,0.9975833,-7.420955e-05,0.0038749017,-0.06937227,0.0,0.0,-0.7056907
2057516000,0.0,0.9975828,-0.0010205448,0.003944412,-0.06936856,0.0,0.0,-0.70561653
2057564000,0.0,0.9975816,-0.0006463555,0.004288064,-0.069369495,0.0,0.0,-0.70640635
2057620000,0.0,0.99758565,0.00024229717,0.003173969,-0.06937382,0.0,0.0,-0.70709115
2057668000,0.0,0.99757975,0.00075461454,0.004599614,-0.069375366,0.0,0.0,-0.7070486
2057716000,0.0,0.99758005,-0.00022451131,0.0046652867,-0.06937081,0.0,0.0,-0.7072509
2057772000,0.0,0.99758625,-0.00060902676,0.003002802,-0.06937139,0.0,0.0,-0.70687693
2057812000,0.0,0.9975867,-0.00028645064,0.002858879,-0.06937246,0.0,0.0,-0.7064515
2057868000,0.0,0.9975813,0.0001582291,0.004357619,-0.069372825,0.0,0.0,-0.7058005
2057916000,0.0,0.997581,-0.00015321291,0.004435748,-0.0693714,0.0,0.0,-0.706158
2057964000,0.0,0.99758214,0.0002617078,0.0041349307,-0.06937341,0.0,0.0,-0.7066133
2058012000,0.0,0.9975879,-0.00037674227,0.002387325,-0.06937264,0.0,0.0,-0.7073794
2058068000,0.0,0.9975824,-6.639407e-05,0.0041137952,-0.069372095,0.0,0.0,-0.7072498
2058116000,0.0,0.99758077,-0.0006410985,0.0044924826,-0.06936918,0.0,0.0,-0.7074413
2058164000,0.0,0.9975822,-0.00045507308,0.004164911,-0.06937044,0.0,0.0,-0.7066857
2058212000,0.0,0.9975841,0.00015318437,0.00365075,-0.06937329,0.0,0.0,-0.70717055
2058268000,0.0,0.9975801,-6.0494334e-05,0.004647905,-0.069371596,0.0,0.0,-0.7062101
2058316000,0.0,0.99758095,0.00011602435,0.0044402345,-0.06937258,0.0,0.0,-0.7056848
2058364000,0.0,0.9975816,0.00018665678,0.004277101,-0.069373004,0.0,0.0,-0.7052053
2058412000,0.0,0.99758434,8.313055e-05,0.0035954553,-0.069373064,0.0,0.0,-0.70479786
2058468000,0.0,0.9975822,-2.8722223e-05,0.004161048,-0.06937219,0.0,0.0,-0.70451325
2058516000,0.0,0.99758315,0.00042624326,0.003855968,-0.0693742,0.0,0.0,-0.70492774
2058564000,0.0,0.997584,0.00030325475,0.003657689,-0.06937383,0.0,0.0,-0.7054863
2058612000,0.0,0.99758434,-0.00026720445,0.0036071904,-0.06937182,0.0,0.0,-0.70518786
2058668000,0.0,0.99758387,0.0002010737,0.0037091838,-0.06937342,0.0,0.0,-0.70567346
2058716000,0.0,0.997585,9.595053e-05,0.0033859548,-0.06937324,0.0,0.0,-0.70602196
2058764000,0.0,0.99758506,0.00014173494,0.0033666892,-0.069373414,0.0,0.0,-0.7055597
2058812000,0.0,0.99758613,0.00019938631,0.0030329796,-0.06937376,0.0,0.0,-0.7059421
2058868000,0.0,0.9975858,0.00024295998,0.0031503572,-0.069373846,0.0,0.0,-0.7062245
2058916000,0.0,0.99758494,0.0006966317,0.0033104073,-0.06937528,0.0,0.0,-0.70618296
2058964000,0.0,0.9975867,0.00027262117,0.0028023373,-0.06937406,0.0,0.0,-0.7062762
2059020000,0.0,0.99758714,0.00037470917,0.0026367682,-0.06937437,0.0,0.0,-0.7061915
2059068000,0.0,0.9975878,0.00078427955,0.002233325,-0.06937534,0.0,0.0,-0.7070553
2059116000,0.0,0.9975865,0.0009398603,0.0027151254,-0.069375895,0.0,0.0,-0.7074196
2059172000,0.0,0.99758804,0.000302964,0.0022897222,-0.069374256,0.0,0.0,-0.70669144
2059220000,0.0,0.99758804,0.00025551638,0.0023148945,-0.069374144,0.0,0.0,-0.70639753
2059268000,0.0,0.9975887,0.0003989634,0.001950522,-0.06937449,0.0,0.0,-0.7064298
2059316000,0.0,0.9975893,0.0006661085,0.0015060911,-0.0693749,0.0,0.0,-0.70648944
2059372000,0.0,0.997586,0.0007630515,0.0029421884,-0.069375455,0.0,0.0,-0.7063437
2059420000,0.0,0.99758697,0.0014703663,0.0022138595,-0.06937689,0.0,0.0,-0.70602036
2059468000,0.0,0.9975872,0.00089722534,0.0024474305,-0.069375694,0.0,0.0,-0.70569175
2059516000,0.0,0.9975871,0.0015422002,0.0021015583,-0.069376945,0.0,0.0,-0.70639825
2059564000,0.0,0.99758726,0.0012382914,0.0022478763,-0.069376394,0.0,0.0,-0.70640856
2059612000,0.0,0.9975877,0.0012234275,0.002069994,-0.06937622,0.0,0.0,-0.70692897
2059668000,0.0,0.997588,0.0016115648,0.001599581,-0.069376476,0.0,0.0,-0.70710194
2059716000,0.0,0.99758846,0.0008296543,0.0019293565,-0.06937533,0.0,0.0,-0.7068042
2059772000,0.0,0.997588,0.0016199014,0.0015911377,-0.069376476,0.0,0.0,-0.7067638
2059820000,0.0,0.99758804,0.0016611037,0.0014991752,-0.06937643,0.0,0.0,-0.7062799
2059868000,0.0,0.99758875,0.0014525487,0.0012473124,-0.0693758,0.0,0.0,-0.70608026
2059916000,0.0,0.9975881,0.0020661203,0.0008415069,-0.0693759,0.0,0.0,-0.70660865
2059972000,0.0,0.99758804,0.0019202566,0.0011356062,-0.06937625,0.0,0.0,-0.70664495
2060020000,0.0,0.997589,0.0017959157,0.00037729266,-0.069374874,0.0,0.0,-0.70630383
2060068000,0.0,0.9975891,0.001790079,0.00011944769,-0.069374435,0.0,0.0,-0.7068134
2060116000,0.0,0.99758816,0.0022275764,0.00012202791,-0.069374554,0.0,0.0,-0.7075476
2060172000,0.0,0.9975888,0.001960034,5.2592422e-05,-0.06937435,0.0,0.0,-0.7076334
2060212000,0.0,0.99758905,0.0018018213,-0.00017803174,-0.0693739,0.0,0.0,-0.7074206
2060268000,0.0,0.9975887,0.001962755,-0.0005386236,-0.06937317,0.0,0.0,-0.7071295
2060316000,0.0,0.99758893,0.0018945066,-0.00027664102,-0.069373704,0.0,0.0,-0.70727146
2060372000,0.0,0.9975686,1.9647747e-05,-0.0066927215,-0.06936933,0.0,0.0,-0.6947418
2060420000,0.0,0.9975683,-0.000362215,-0.0066985297,-0.06937186,0.0,0.0,-0.68127006
2060468000,0.0,0.99756527,-0.00089461263,-0.0070550838,-0.06937521,0.0,0.0,-0.6629147
2060516000,0.0,0.99756044,-0.00026403237,-0.0078061293,-0.06936982,0.0,0.0,-0.65525365
2060572000,0.0,0.997554,-0.0009964239,-0.008490136,-0.06937502,0.0,0.0,-0.63923305
2060612000,0.0,0.9975572,-0.0005382746,-0.008178306,-0.06937153,0.0,0.0,-0.63238704
2060668000,0.0,0.9975547,-0.00066175516,-0.008468383,-0.06937224,0.0,0.0,-0.6231358
2060716000,0.0,0.9975542,-0.00055112375,-0.0085445875,-0.06937119,0.0,0.0,-0.62190413
2060772000,0.0,0.99754757,-0.00057060365,-0.009295116,-0.069370404,0.0,0.0,-0.6201421
2060820000,0.0,0.99755013,-0.0011033013,-0.008923924,-0.06937561,0.0,0.0,-0.6466048
2060868000,0.0,0.99754685,-0.0014065235,-0.009221957,-0.069378175,0.0,0.0,-0.6673959
2060916000,0.0,0.99754655,-0.0023397524,-0.00899735,-0.0693867,0.0,0.0,-0.6885933
2060972000,0.0,0.9975392,-0.0033844805,-0.009391713,-0.069396764,0.0,0.0,-0.70581967
2061012000,0.0,0.99757195,-0.0039033645,-0.0044776886,-0.06938983,0.0,0.0,-0.71622235
2061068000,0.0,0.9975872,-0.0020376248,-0.0015602555,-0.06937715,0.0,0.0,-0.7287897
2061116000,0.0,0.9975898,-0.0012841731,-0.00022278061,-0.06937444,0.0,0.0,-0.7382929
2061164000,0.0,0.9975852,-0.0009971852,0.0032783737,-0.06936981,0.0,0.0,-0.7454243
2061212000,0.0,0.9975904,-0.00074804656,-0.00019097893,-0.06937427,0.0,0.0,-0.74046487
2061268000,0.0,0.99759,-0.0011354752,0.0004135333,-0.06937368,0.0,0.0,-0.7305429
2061316000,0.0,0.99759,-0.0010854105,0.000609594,-0.06937345,0.0,0.0,-0.72510475
2061364000,0.0,0.9975903,-0.0006917398,0.0006673591,-0.06937362,0.0,0.0,-0.7217445
2061420000,0.0,0.99759036,-0.00068831025,-0.0003899715,-0.06937438,0.0,0.0,-0.71593225
2061468000,0.0,0.99759007,-0.0011576636,3.032698e-05,-0.06937412,0.0,0.0,-0.71310997
2061516000,0.0,0.99759066,-0.00029432442,0.00024976945,-0.06937404,0.0,0.0,-0.7146056
2061572000,0.0,0.99758935,-0.0010219729,-0.0012323032,-0.06937524,0.0,0.0,-0.71408254
2061620000,0.0,0.99758947,-0.0010381712,-0.0011298602,-0.06937519,0.0,0.0,-0.716003
2061668000,0.0,0.99759036,-0.0004665032,-0.00072624575,-0.0693744,0.0,0.0,-0.7142195
2061716000,0.0,0.99759036,-0.0007976701,-0.00032981893,-0.069374375,0.0,0.0,-0.71584076
2061764000,0.0,0.9975904,-0.0007070678,-0.00025748648,-0.0693743,0.0,0.0,-0.7168615
2061820000,0.0,0.9975902,-0.00040459394,-0.0009217282,-0.069374405,0.0,0.0,-0.7154056
2061868000,0.0,0.9975903,8.177353e-05,0.0008592853,-0.06937411,0.0,0.0,-0.71393925
2061916000,0.0,0.9975907,0.00017081788,-2.497147e-05,-0.0693741,0.0,0.0,-0.7160191
2061972000,0.0,0.9975901,-0.00070332625,-0.0008170819,-0.06937463,0.0,0.0,-0.714291
2062020000,0.0,0.9975903,-0.00061621005,-0.0006743515,-0.0693745,0.0,0.0,-0.7153378
2062068000,0.0,0.9975905,-0.00010789203,0.00065984414,-0.069374,0.0,0.0,-0.7140361
2062116000,0.0,0.99759024,-0.0005610841,0.0008706712,-0.069373555,0.0,0.0,-0.7156135
2062172000,0.0,0.99759024,-0.0008728671,-0.00040246098,-0.069374464,0.0,0.0,-0.7136814
2062212000,0.0,0.99758995,-0.000775878,-0.00089371286,-0.06937474,0.0,0.0,-0.713858
2062268000,0.0,0.9975906,-0.00013771471,0.00039981073,-0.06937405,0.0,0.0,-0.71397364
2062316000,0.0,0.9975901,5.7037563e-05,0.0010765858,-0.069374055,0.0,0.0,-0.716392
2062372000,0.0,0.9975907,-0.0,0.0,-0.069374114,0.0,0.0,-0.7151465
2062420000,0.0,0.99759066,0.00013791952,-0.00010382934,-0.0693741,0.0,0.0,-0.7163682
2062468000,0.0,0.99759066,0.00016547198,0.0003487559,-0.06937416,0.0,0.0,-0.7141392
2062516000,0.0,0.9975904,0.00010358422,0.0007842953,-0.06937413,0.0,0.0,-0.7162104
2062572000,0.0,0.99759054,-0.00027066367,0.00050454604,-0.06937396,0.0,0.0,-0.71541965
2062620000,0.0,0.9975906,8.350286e-05,0.0004145373,-0.06937413,0.0,0.0,-0.71741945
2062668000,0.0,0.9975898,-0.00019989959,0.0013334099,-0.06937367,0.0,0.0,-0.7151337
2062716000,0.0,0.9975901,-0.00043748724,0.0010297098,-0.06937356,0.0,0.0,-0.7166426
2062764000,0.0,0.99759024,-0.0007943508,0.0006182926,-0.0693736,0.0,0.0,-0.7189804
2062820000,0.0,0.9975902,-0.0008576067,0.00058085675,-0.069373615,0.0,0.0,-0.7176473
2062868000,0.0,0.9975898,-0.0011367295,0.00082146144,-0.069373176,0.0,0.0,-0.71626776
2062916000,0.0,0.9975897,-0.0008448527,0.0012334499,-0.06937297,0.0,0.0,-0.7181368
2062972000,0.0,0.9975896,-0.0008248906,0.0013390849,-0.06937287,0.0,0.0,-0.71711445
2063020000,0.0,0.99759,-0.00038020933,0.0011599815,-0.069373526,0.0,0.0,-0.718929
2063068000,0.0,0.99759007,-0.00020996523,0.001190054,-0.06937373,0.0,0.0,-0.7172449
2063116000,0.0,0.99758995,-0.0002876352,0.001235553,-0.06937361,0.0,0.0,-0.7185063
2063172000,0.0,0.99758977,-0.00015310947,0.0013725547,-0.06937371,0.0,0.0,-0.71677095
2063220000,0.0,0.9975897,-0.000790882,0.0012208483,-0.069373034,0.0,0.0,-0.7172402
2063268000,0.0,0.99758935,-0.000976221,0.0014342341,-0.06937255,0.0,0.0,-0.7156972
2063316000,0.0,0.9975884,-0.0012174684,0.0018694274,-0.06937155,0.0,0.0,-0.7171994
2063372000,0.0,0.99758905,-0.0013596567,0.0013143866,-0.06937224,0.0,0.0,-0.71573776
2063420000,0.0,0.9975885,-0.0014998777,0.0015776365,-0.0693716,0.0,0.0,-0.7171639
2063468000,0.0,0.9975894,-0.0009331619,0.0014317248,-0.06937261,0.0,0.0,-0.7160986
2063516000,0.0,0.99758935,-0.0012839832,0.0011667996,-0.06937255,0.0,0.0,-0.7178075
2063572000,0.0,0.9975881,-0.0011009495,0.0020811395,-0.06937143,0.0,0.0,-0.71597034
2063620000,0.0,0.99758846,-0.001129748,0.0018924712,-0.06937166,0.0,0.0,-0.71677744
2063668000,0.0,0.9975881,-0.0013526313,0.0019501346,-0.069371164,0.0,0.0,-0.7152619
2063716000,0.0,0.9975886,-0.0012458955,0.0017513147,-0.069371685,0.0,0.0,-0.7169823
2063764000,0.0,0.9975885,-0.0011758361,0.0018237808,-0.06937169,0.0,0.0,-0.71987075
2063812000,0.0,0.997588,-0.0015488962,0.0018792506,-0.06937094,0.0,0.0,-0.7172313
2063868000,0.0,0.9975888,-0.0006921052,0.0018983962,-0.069372445,0.0,0.0,-0.7177375
2063916000,0.0,0.99758697,-0.0003429391,0.0027731932,-0.06937238,0.0,0.0,-0.7190326
2063964000,0.0,0.9975887,-0.00038668775,0.0020351922,-0.06937291,0.0,0.0,-0.7206663
2064020000,0.0,0.99758935,4.5415807e-05,0.001646192,-0.069373906,0.0,0.0,-0.71894604
2064068000,0.0,0.99759007,0.00040673697,0.0010422394,-0.069374435,0.0,0.0,-0.7161474
2064116000,0.0,0.9975903,-0.0002815726,0.0008690121,-0.069373794,0.0,0.0,-0.71754336
2064172000,0.0,0.9975898,-0.00072031276,0.0011783456,-0.06937316,0.0,0.0,-0.7158477
2064220000,0.0,0.99758935,-0.0009188511,0.0014409511,-0.069372624,0.0,0.0,-0.7182461
2064268000,0.0,0.99758947,-0.00040520742,0.0015488081,-0.06937326,0.0,0.0,-0.7163311
2064316000,0.0,0.9975906,-1.2389384e-05,0.00042268238,-0.069374084,0.0,0.0,-0.71732074
2064364000,0.0,0.9975901,-0.00039425594,0.0010326939,-0.06937361,0.0,0.0,-0.7188927
2064412000,0.0,0.99759,-0.0005881568,0.0010971747,-0.06937336,0.0,0.0,-0.71567404
2064468000,0.0,0.99758965,-0.0008825634,0.0012551753,-0.069372885,0.0,0.0,-0.71563935
2064516000,0.0,0.99758893,-0.0016843472,0.0010184674,-0.069372416,0.0,0.0,-0.71771824
2064564000,0.0,0.99758947,-0.0012843697,0.0010161712,-0.069372766,0.0,0.0,-0.71987766
2064620000,0.0,0.99758875,-0.0016187091,0.001269532,-0.069372006,0.0,0.0,-0.7186238
2064668000,0.0,0.9975895,-0.0011543372,0.0011092817,-0.06937277,0.0,0.0,-0.71723723
2064716000,0.0,0.997589,-0.0005095512,0.0018129629,-0.06937288,0.0,0.0,-0.71851844
2064764000,0.0,0.99757975,0.004267523,0.0016369706,-0.069381356,0.0,0.0,-0.835534
2064820000,0.0,0.9975875,0.0017839472,0.0017021182,-0.069376916,0.0,0.0,-0.8574985
2064868000,0.0,0.99758935,0.00037661594,0.0015750445,-0.06937444,0.0,0.0,-0.8072304
2064916000,0.0,0.9975887,-0.00014671957,0.002037351,-0.069373384,0.0,0.0,-0.76883334
2064964000,0.0,0.997588,-0.00063128344,0.0023393459,-0.069372095,0.0,0.0,-0.7441337
2065012000,0.0,0.9975892,-0.00038303388,0.0017526939,-0.06937314,0.0,0.0,-0.7263807
2065068000,0.0,0.9975898,-0.00018918395,0.0013349722,-0.06937368,0.0,0.0,-0.7177341
2065116000,0.0,0.99758923,6.244952e-05,0.0017509254,-0.0693739,0.0,0.0,-0.71598047
2065172000,0.0,0.9975893,-1.10802e-05,0.0017089483,-0.06937379,0.0,0.0,-0.71216375
2065212000,0.0,0.99758905,-0.00047320925,0.001814593,-0.06937294,0.0,0.0,-0.7106739
2065268000,0.0,0.9975862,-0.00065663666,0.002997726,-0.069371246,0.0,0.0,-0.70286226
2065316000,0.0,0.9975875,-0.00021759224,0.00255714,-0.06937288,0.0,0.0,-0.6998217
2065364000,0.0,0.99758905,-0.00071508193,0.0017421637,-0.06937258,0.0,0.0,-0.69959897
2065420000,0.0,0.9975885,-0.0011002604,0.0018703461,-0.06937177,0.0,0.0,-0.69834393
2065468000,0.0,0.99758863,-0.00066338957,0.0019926506,-0.069372416,0.0,0.0,-0.69789875
2065516000,0.0,0.9975892,-0.0008189426,0.001614803,-0.06937256,0.0,0.0,-0.7000295
2065572000,0.0,0.99758893,-0.0011952141,0.001563894,-0.06937206,0.0,0.0,-0.7004015
2065612000,0.0,0.9975897,-0.001159304,0.000944028,-0.06937299,0.0,0.0,-0.69983083
2065668000,0.0,0.9975871,-0.0021606688,0.0017550255,-0.06937021,0.0,0.0,-0.6920025
2065716000,0.0,0.9975869,-0.002274344,0.0017214508,-0.06937011,0.0,0.0,-0.6902436
2065764000,0.0,0.9975868,-0.0025078217,0.001454333,-0.06937049,0.0,0.0,-0.69103414
2065812000,0.0,0.99758846,-0.0018589579,0.0011840833,-0.0693719,0.0,0.0,-0.688566
2065868000,0.0,0.99758816,-0.001998471,0.0011958827,-0.069371745,0.0,0.0,-0.69079053
2065916000,0.0,0.9975888,-0.0017791616,0.00092622737,-0.06937249,0.0,0.0,-0.6947612
2065964000,0.0,0.99758863,-0.0020257828,0.00043328846,-0.06937337,0.0,0.0,-0.699586
2066020000,0.0,0.99758756,-0.0023605127,0.0010218098,-0.06937182,0.0,0.0,-0.69746804
2066068000,0.0,0.9975871,-0.0024026865,0.0014055958,-0.06937076,0.0,0.0,-0.6882504
2066116000,0.0,0.9975873,-0.002468636,0.000999395,-0.06937178,0.0,0.0,-0.6853308
2066164000,0.0,0.9975879,-0.0023381817,0.00053362566,-0.069373034,0.0,0.0,-0.6861872
2066212000,0.0,0.99758905,-0.0018139962,0.00036970899,-0.06937355,0.0,0.0,-0.6840511
2066268000,0.0,0.9975893,-0.0016184956,0.0005487245,-0.069373295,0.0,0.0,-0.68810016
2066316000,0.0,0.99758935,-0.0016413532,0.00037037878,-0.06937359,0.0,0.0,-0.69247645
2066372000,0.0,0.9975878,-0.002415688,-7.5540396e-05,-0.069374494,0.0,0.0,-0.6950678
2066420000,0.0,0.99758846,-0.0020394623,0.0007610278,-0.06937267,0.0,0.0,-0.6964027
2066468000,0.0,0.9975879,-0.0023484938,0.00016676127,-0.069373906,0.0,0.0,-0.6862973
2066516000,0.0,0.99758816,-0.00223358,0.0005879932,-0.06937295,0.0,0.0,-0.68327975
2066572000,0.0,0.99758744,-0.002305874,0.0012754956,-0.069371216,0.0,0.0,-0.68105185
2066612000,0.0,0.9975884,-0.002028554,0.00086182804,-0.06937245,0.0,0.0,-0.68258005
2066668000,0.0,0.99758893,-0.0018687085,0.0004166701,-0.06937345,0.0,0.0,-0.6866896
2066716000,0.0,0.99758995,-0.0012143861,0.00012402885,-0.06937402,0.0,0.0,-0.6926967
2066764000,0.0,0.99758965,-0.00091159885,0.0012342487,-0.06937287,0.0,0.0,-0.6978553
2066812000,0.0,0.9975891,-0.0015861213,0.00095471804,-0.06937261,0.0,0.0,-0.69559115
2066868000,0.0,0.99758834,-0.0020080958,0.0009870867,-0.069372185,0.0,0.0,-0.6860137
2066916000,0.0,0.99758816,-0.001604156,0.0017059634,-0.06937119,0.0,0.0,-0.6834415
2066964000,0.0,0.99758774,-0.0019395165,0.0016448041,-0.06937081,0.0,0.0,-0.68553406
2067012000,0.0,0.9975886,-0.001975717,0.0007529215,-0.06937271,0.0,0.0,-0.6851586
2067068000,0.0,0.9975884,-0.0020592005,0.00076659664,-0.06937264,0.0,0.0,-0.69053805
2067116000,0.0,0.99758875,-0.0017680746,0.0010228576,-0.069372326,0.0,0.0,-0.69679445
2067164000,0.0,0.99758947,-0.0015602264,0.00035873798,-0.06937363,0.0,0.0,-0.7031605
2067212000,0.0,0.99758977,-0.0012887317,0.00049650704,-0.06937351,0.0,0.0,-0.69944566
2067268000,0.0,0.9975902,-0.0010246008,0.00015191289,-0.069374,0.0,0.0,-0.6893855
2067316000,0.0,0.99758965,-0.0012737807,0.00078272435,-0.06937312,0.0,0.0,-0.6874224
2067372000,0.0,0.9975894,-0.0009543446,0.0013858018,-0.06937263,0.0,0.0,-0.68717337
2067420000,0.0,0.9975903,-0.0005479078,0.00082660356,-0.069373615,0.0,0.0,-0.6928463
2067468000,0.0,0.99759,-0.0004763648,0.0011105813,-0.069373466,0.0,0.0,-0.6950975
2067516000,0.0,0.9975905,-0.0003829832,0.00057459634,-0.06937387,0.0,0.0,-0.7017425
2067572000,0.0,0.9975901,-0.00032922445,0.0010692561,-0.06937365,0.0,0.0,-0.7056802
2067612000,0.0,0.9975897,-0.000519646,0.0013365359,-0.06937326,0.0,0.0,-0.7045975
2067668000,0.0,0.9975902,-0.00070408155,0.00079797074,-0.06937352,0.0,0.0,-0.69366395
2067716000,0.0,0.9975899,-0.000534666,0.0012377697,-0.0693733,0.0,0.0,-0.69087297
2067772000,0.0,0.9975897,-0.0007832951,0.0012850778,-0.06937297,0.0,0.0,-0.6907419
2067812000,0.0,0.9975895,-0.0012411473,0.0010112136,-0.06937282,0.0,0.0,-0.6920433
2067868000,0.0,0.99758995,-0.0011361134,0.0005902321,-0.069373466,0.0,0.0,-0.684314
2067916000,0.0,0.9975893,-0.0012042609,0.0012725544,-0.06937249,0.0,0.0,-0.68448526
2067972000,0.0,0.99758923,-0.0013396218,0.0011933417,-0.06937245,0.0,0.0,-0.68676794
2068012000,0.0,0.9975893,-0.0013324235,0.001137667,-0.06937255,0.0,0.0,-0.69129837
2068068000,0.0,0.9975904,-0.000710214,0.00042549905,-0.069373816,0.0,0.0,-0.69871545
2068116000,0.0,0.9975905,-0.0004450768,0.0006067542,-0.06937381,0.0,0.0,-0.70688194
2068164000,0.0,0.9975906,-0.00013942867,0.00035996005,-0.06937405,0.0,0.0,-0.7148878
2068220000,0.0,0.9975906,-0.0002246405,0.0003582605,-0.069374025,0.0,0.0,-0.7154171
2068268000,0.0,0.99758965,-0.0014497489,-0.00011913524,-0.06937436,0.0,0.0,-0.7062569
2068316000,0.0,0.99759024,-0.00078524824,-0.0005543076,-0.06937453,0.0,0.0,-0.70399004
2068364000,0.0,0.99759066,-0.00037220705,0.00010234035,-0.06937408,0.0,0.0,-0.7058024
2068420000,0.0,0.99759024,-0.0007907772,-0.0005184024,-0.06937451,0.0,0.0,-0.70781916
2068468000,0.0,0.9975904,-0.00020932553,-0.0007431214,-0.06937421,0.0,0.0,-0.7101531
2068516000,0.0,0.9975902,-0.00071705005,-0.0006850662,-0.06937457,0.0,0.0,-0.716523
2068572000,0.0,0.9975905,-0.0005058568,-0.00047004892,-0.06937432,0.0,0.0,-0.72026396
2068620000,0.0,0.99759054,-0.0002513575,-0.0005144366,-0.06937421,0.0,0.0,-0.7205497
2068668000,0.0,0.99755687,-0.0065058134,0.0055156033,-0.069336966,0.0,0.0,-0.5098492
2068716000,0.0,0.9975823,-0.0037916387,0.0018155589,-0.06936747,0.0,0.0,-0.4961972
2068772000,0.0,0.99758303,-0.003909955,-2.9019275e-05,-0.06937475,0.0,0.0,-0.47471467
2068820000,0.0,0.9975848,-0.0033295073,-0.0006465901,-0.06937657,0.0,0.0,-0.4614069
2068868000,0.0,0.9975858,-0.0028456722,-0.0011487748,-0.06937749,0.0,0.0,-0.44488734
2068916000,0.0,0.99758536,-0.0028475113,-0.0014228387,-0.0693782,0.0,0.0,-0.43264422
2068972000,0.0,0.997583,-0.003569938,-0.0013850221,-0.06937924,0.0,0.0,-0.4163614
2069020000,0.0,0.9975832,-0.0034966238,-0.0014104364,-0.06937919,0.0,0.0,-0.40122697
2069068000,0.0,0.9975811,-0.0034114127,-0.00251063,-0.06938232,0.0,0.0,-0.37603185
2069116000,0.0,0.9975802,-0.0038865334,-0.0021983199,-0.06938257,0.0,0.0,-0.35592708
2069172000,0.0,0.9975705,-0.0,0.0,-0.06966406,0.0,0.0,-0.12
2069220000,0.0,0.9975685,-0.0,0.0,-0.06969272,0.0,0.0,-0.12
2069268000,0.0,0.9975703,-0.0,0.0,-0.069667034,0.0,0.0,-0.12
2069316000,0.0,0.9975728,-0.0,0.0,-0.06963163,0.0,0.0,-0.12
2069364000,0.0,0.99757445,-0.0,0.0,-0.06960801,0.0,0.0,-0.12
2069412000,0.0,0.997574,-0.0,0.0,-0.06961531,0.0,0.0,-0.12
2069468000,0.0,0.9975725,-0.0,0.0,-0.0696363,0.0,0.0,-0.12
2069516000,0.0,0.99755555,-0.0,0.0,-0.06987811,0.0,0.0,-0.12
2069564000,0.0,0.99755615,-0.0,0.0,-0.06986978,0.0,0.0,-0.12
2069620000,0.0,0.99756575,-0.0,0.0,-0.06973251,0.0,0.0,-0.12
2069668000,0.0,0.9975654,-0.0,0.0,-0.06973748,0.0,0.0,-0.12
2069716000,0.0,0.9975686,-0.0,0.0,-0.069691055,0.0,0.0,-0.12
2069772000,0.0,0.99756837,-0.0,0.0,-0.06969513,0.0,0.0,-0.12
2069820000,0.0,0.9975664,-0.0,0.0,-0.06972265,0.0,0.0,-0.12
2069868000,0.0,0.9975609,-0.0,0.0,-0.06980091,0.0,0.0,-0.001
2069916000,0.0,0.9975627,-0.0,0.0,-0.06977553,0.0,0.0,-0.001
2069964000,0.0,0.9975589,-0.0,0.0,-0.06983071,0.0,0.0,-0.001
2070020000,0.0,0.99755555,-0.0,0.0,-0.069877766,0.0,0.0,-0.001
2070068000,0.0,0.9975533,-0.0,0.0,-0.06991018,0.0,0.0,-0.001
2070116000,0.0,0.99755996,-0.0,0.0,-0.06981499,0.0,0.0,-0.001
2070164000,0.0,0.9975755,-0.0,0.0,-0.069592446,0.0,0.0,-0.001
2070220000,0.0,0.997568,-0.0,0.0,-0.06970004,0.0,0.0,-0.001
2070268000,0.0,0.99757165,-0.0,0.0,-0.069648005,0.0,0.0,-0.001
2070316000,0.0,0.99756986,-0.0,0.0,-0.069673374,0.0,0.0,-0.001
2070372000,0.0,0.99756956,-0.0,0.0,-0.0696778,0.0,0.0,-0.001
2070420000,0.0,0.99756235,-0.0,0.0,-0.06978118,0.0,0.0,-0.001
2070468000,0.0,0.9975658,-0.0,0.0,-0.0697313,0.0,0.0,-0.001
2070516000,0.0,0.99757075,-0.0,0.0,-0.069660686,0.0,0.0,-0.001
2070572000,0.0,0.9975727,-0.0,0.0,-0.069632396,0.0,0.0,-0.001
2070620000,0.0,0.997571,-0.0,0.0,-0.06965723,0.0,0.0,-0.001
