timestamp,mode_req_angular_velocity,mode_req_attitude,mode_req_local_alt,mode_req_local_position,mode_req_local_position_relaxed,mode_req_global_position,mode_req_global_position_relaxed,mode_req_mission,mode_req_offboard_signal,mode_req_home_position,mode_req_wind_and_flight_time_compliance,mode_req_prevent_arming,mode_req_manual_control,mode_req_other,angular_velocity_invalid,attitude_invalid,local_altitude_invalid,local_position_invalid,local_position_invalid_relaxed,local_velocity_invalid,global_position_invalid,global_position_invalid_relaxed,auto_mission_missing,offboard_control_signal_lost,home_position_invalid,manual_control_signal_lost,gcs_connection_lost,battery_warning,battery_low_remaining_time,battery_unhealthy,geofence_breached,mission_failure,vtol_fixed_wing_system_failure,wind_limit_exceeded,flight_time_limit_exceeded,position_accuracy_low,navigator_failure,fd_critical_failure,fd_esc_arming_failure,fd_imbalanced_prop,fd_motor_failure
1240000,8311934,8310910,8257662,7995448,262212,56,0,8,16384,32,2621464,3944480,33863,2139095040,0,1,1,1,1,1,1,1,1,1,1,1,1,0,0,0,0,0,0,0,0,0,0,0,0,0,0
1348000,8311934,8310910,8257662,7995448,262212,56,0,8,16384,32,2621464,3944480,33863,2139095040,0,1,1,1,1,1,1,1,1,1,1,1,1,0,0,0,0,0,0,0,0,0,0,0,0,0,0
1564000,8311934,8310910,8257662,7995448,262212,56,0,8,16384,32,2621464,3944480,33863,2139095040,0,1,1,1,1,1,1,1,1,1,0,1,1,0,0,0,0,0,0,0,0,0,0,0,0,0,0
1672000,8311934,8310910,8257662,7995448,262212,56,0,8,16384,32,2621464,3944480,33863,2139095040,0,1,1,1,1,1,1,1,1,1,0,1,1,0,0,0,0,0,0,0,0,0,0,0,0,0,0
1888000,8311934,8310910,8257662,7995448,262212,56,0,8,16384,32,2621464,3944480,33863,2139095040,0,1,1,1,1,1,1,1,1,1,0,1,1,0,0,0,0,0,0,0,0,0,0,0,0,0,0
1996000,8311934,8310910,8257662,7995448,262212,56,0,8,16384,32,2621464,3944480,33863,2139095040,0,0,1,1,1,1,1,1,1,1,0,1,1,0,0,0,0,0,0,0,0,0,0,0,0,0,0
2560000,8311934,8310910,8257662,7995448,262212,56,0,8,16384,32,2621464,3944480,33863,2139095040,0,0,1,1,1,1,1,1,1,1,0,1,1,0,0,0,0,0,0,0,0,0,0,0,0,0,0
2884000,8311934,8310910,8257662,7995448,262212,56,0,8,16384,32,2621464,3944480,33863,2139095040,0,0,0,1,1,1,1,1,1,1,0,1,1,0,0,0,0,0,0,0,0,0,0,0,0,0,0
3316000,8311934,8310910,8257662,7995448,262212,56,0,8,16384,32,2621464,3944480,33863,2139095040,0,0,0,1,1,1,1,1,1,1,0,1,1,0,0,0,0,0,0,0,0,0,0,0,0,0,0
3856000,8311934,8310910,8257662,7995448,262212,56,0,8,16384,32,2621464,3944480,33863,2139095040,0,0,0,1,1,1,1,1,1,1,0,1,1,0,0,0,0,0,0,0,0,0,0,0,0,0,0
4288000,8311934,8310910,8257662,7995448,262212,56,0,8,16384,32,2621464,3944480,33863,2139095040,0,0,0,0,0,0,0,0,1,1,0,1,1,0,0,0,0,0,0,0,0,0,0,0,0,0,0
4828000,8311934,8310910,8257662,7995448,262212,56,0,8,16384,32,2621464,3944480,33863,2139095040,0,0,0,0,0,0,0,0,1,1,0,1,1,0,0,0,0,0,0,0,0,0,0,0,0,0,0
5368000,8311934,8310910,8257662,7995448,262212,56,0,8,16384,32,2621464,3944480,33863,2139095040,0,0,0,0,0,0,0,0,1,1,0,1,1,0,0,0,0,0,0,0,0,0,0,0,0,0,0
5908000,8311934,8310910,8257662,7995448,262212,56,0,8,16384,32,2621464,3944480,33863,2139095040,0,0,0,0,0,0,0,0,1,1,0,1,1,0,0,0,0,0,0,0,0,0,0,0,0,0,0
6448000,8311934,8310910,8257662,7995448,262212,56,0,8,16384,32,2621464,3944480,33863,2139095040,0,0,0,0,0,0,0,0,1,1,0,1,1,0,0,0,0,0,0,0,0,0,0,0,0,0,0
7036000,8311934,8310910,8257662,7995448,262212,56,0,8,16384,32,2621464,3944480,33863,2139095040,0,0,0,0,0,0,0,0,1,1,0,1,1,0,0,0,0,0,0,0,0,0,0,0,0,0,0
7576000,8311934,8310910,8257662,7995448,262212,56,0,8,16384,32,2621464,3944480,33863,2139095040,0,0,0,0,0,0,0,0,1,1,0,1,1,0,0,0,0,0,0,0,0,0,0,0,0,0,0
8116000,8311934,8310910,8257662,7995448,262212,56,0,8,16384,32,2621464,3944480,33863,2139095040,0,0,0,0,0,0,0,0,1,1,0,1,1,0,0,0,0,0,0,0,0,0,0,0,0,0,0
8656000,8311934,8310910,8257662,7995448,262212,56,0,8,16384,32,2621464,3944480,33863,2139095040,0,0,0,0,0,0,0,0,1,1,0,1,1,0,0,0,0,0,0,0,0,0,0,0,0,0,0
9196000,8311934,8310910,8257662,7995448,262212,56,0,8,16384,32,2621464,3944480,33863,2139095040,0,0,0,0,0,0,0,0,1,1,0,1,1,0,0,0,0,0,0,0,0,0,0,0,0,0,0
9736000,8311934,8310910,8257662,7995448,262212,56,0,8,16384,32,2621464,3944480,33863,2139095040,0,0,0,0,0,0,0,0,1,1,0,1,1,0,0,0,0,0,0,0,0,0,0,0,0,0,0
10276000,8311934,8310910,8257662,7995448,262212,56,0,8,16384,32,2621464,3944480,33863,2139095040,0,0,0,0,0,0,0,0,1,1,0,1,1,0,0,0,0,0,0,0,0,0,0,0,0,0,0
10816000,8311934,8310910,8257662,7995448,262212,56,0,8,16384,32,2621464,3944480,33863,2139095040,0,0,0,0,0,0,0,0,1,1,0,1,1,0,0,0,0,0,0,0,0,0,0,0,0,0,0
11356000,8311934,8310910,8257662,7995448,262212,56,0,8,16384,32,2621464,3944480,33863,2139095040,0,0,0,0,0,0,0,0,1,1,0,1,1,0,0,0,0,0,0,0,0,0,0,0,0,0,0
11896000,8311934,8310910,8257662,7995448,262212,56,0,8,16384,32,2621464,3944480,33863,2139095040,0,0,0,0,0,0,0,0,1,1,0,1,1,0,0,0,0,0,0,0,0,0,0,0,0,0,0
12436000,8311934,8310910,8257662,7995448,262212,56,0,8,16384,32,2621464,3944480,33863,2139095040,0,0,0,0,0,0,0,0,1,1,0,1,1,0,0,0,0,0,0,0,0,0,0,0,0,0,0
12976000,8311934,8310910,8257662,7995448,262212,56,0,8,16384,32,2621464,3944480,33863,2139095040,0,0,0,0,0,0,0,0,1,1,0,1,1,0,0,0,0,0,0,0,0,0,0,0,0,0,0
13516000,8311934,8310910,8257662,7995448,262212,56,0,8,16384,32,2621464,3944480,33863,2139095040,0,0,0,0,0,0,0,0,1,1,0,1,1,0,0,0,0,0,0,0,0,0,0,0,0,0,0
14056000,8311934,8310910,8257662,7995448,262212,56,0,8,16384,32,2621464,3944480,33863,2139095040,0,0,0,0,0,0,0,0,1,1,0,1,1,0,0,0,0,0,0,0,0,0,0,0,0,0,0
14596000,8311934,8310910,8257662,7995448,262212,56,0,8,16384,32,2621464,3944480,33863,2139095040,0,0,0,0,0,0,0,0,1,1,0,1,1,0,0,0,0,0,0,0,0,0,0,0,0,0,0
15136000,8311934,8310910,8257662,7995448,262212,56,0,8,16384,32,2621464,3944480,33863,2139095040,0,0,0,0,0,0,0,0,1,1,0,1,1,0,0,0,0,0,0,0,0,0,0,0,0,0,0
15676000,8311934,8310910,8257662,7995448,262212,56,0,8,16384,32,2621464,3944480,33863,2139095040,0,0,0,0,0,0,0,0,1,1,0,1,1,0,0,0,0,0,0,0,0,0,0,0,0,0,0
16216000,8311934,8310910,8257662,7995448,262212,56,0,8,16384,32,2621464,3944480,33863,2139095040,0,0,0,0,0,0,0,0,1,1,0,1,1,0,0,0,0,0,0,0,0,0,0,0,0,0,0
16756000,8311934,8310910,8257662,7995448,262212,56,0,8,16384,32,2621464,3944480,33863,2139095040,0,0,0,0,0,0,0,0,1,1,0,1,1,0,0,0,0,0,0,0,0,0,0,0,0,0,0
17296000,8311934,8310910,8257662,7995448,262212,56,0,8,16384,32,2621464,3944480,33863,2139095040,0,0,0,0,0,0,0,0,1,1,0,1,1,0,0,0,0,0,0,0,0,0,0,0,0,0,0
17836000,8311934,8310910,8257662,7995448,262212,56,0,8,16384,32,2621464,3944480,33863,2139095040,0,0,0,0,0,0,0,0,1,1,0,1,1,0,0,0,0,0,0,0,0,0,0,0,0,0,0
18376000,8311934,8310910,8257662,7995448,262212,56,0,8,16384,32,2621464,3944480,33863,2139095040,0,0,0,0,0,0,0,0,1,1,0,1,1,0,0,0,0,0,0,0,0,0,0,0,0,0,0
18916000,8311934,8310910,8257662,7995448,262212,56,0,8,16384,32,2621464,3944480,33863,2139095040,0,0,0,0,0,0,0,0,1,1,0,1,1,0,0,0,0,0,0,0,0,0,0,0,0,0,0
19456000,8311934,8310910,8257662,7995448,262212,56,0,8,16384,32,2621464,3944480,33863,2139095040,0,0,0,0,0,0,0,0,1,1,0,1,1,0,0,0,0,0,0,0,0,0,0,0,0,0,0
19996000,8311934,8310910,8257662,7995448,262212,56,0,8,16384,32,2621464,3944480,33863,2139095040,0,0,0,0,0,0,0,0,1,1,0,1,1,0,0,0,0,0,0,0,0,0,0,0,0,0,0
20536000,8311934,8310910,8257662,7995448,262212,56,0,8,16384,32,2621464,3944480,33863,2139095040,0,0,0,0,0,0,0,0,1,1,0,1,1,0,0,0,0,0,0,0,0,0,0,0,0,0,0
21076000,8311934,8310910,8257662,7995448,262212,56,0,8,16384,32,2621464,3944480,33863,2139095040,0,0,0,0,0,0,0,0,1,1,0,1,1,0,0,0,0,0,0,0,0,0,0,0,0,0,0
21616000,8311934,8310910,8257662,7995448,262212,56,0,8,16384,32,2621464,3944480,33863,2139095040,0,0,0,0,0,0,0,0,1,1,0,1,1,0,0,0,0,0,0,0,0,0,0,0,0,0,0
22156000,8311934,8310910,8257662,7995448,262212,56,0,8,16384,32,2621464,3944480,33863,2139095040,0,0,0,0,0,0,0,0,1,1,0,1,1,0,0,0,0,0,0,0,0,0,0,0,0,0,0
22696000,8311934,8310910,8257662,7995448,262212,56,0,8,16384,32,2621464,3944480,33863,2139095040,0,0,0,0,0,0,0,0,1,1,0,1,1,0,0,0,0,0,0,0,0,0,0,0,0,0,0
23236000,8311934,8310910,8257662,7995448,262212,56,0,8,16384,32,2621464,3944480,33863,2139095040,0,0,0,0,0,0,0,0,1,1,0,1,1,0,0,0,0,0,0,0,0,0,0,0,0,0,0
23776000,8311934,8310910,8257662,7995448,262212,56,0,8,16384,32,2621464,3944480,33863,2139095040,0,0,0,0,0,0,0,0,1,1,0,1,1,0,0,0,0,0,0,0,0,0,0,0,0,0,0
24316000,8311934,8310910,8257662,7995448,262212,56,0,8,16384,32,2621464,3944480,33863,2139095040,0,0,0,0,0,0,0,0,1,1,0,1,1,0,0,0,0,0,0,0,0,0,0,0,0,0,0
24856000,8311934,8310910,8257662,7995448,262212,56,0,8,16384,32,2621464,3944480,33863,2139095040,0,0,0,0,0,0,0,0,1,1,0,1,1,0,0,0,0,0,0,0,0,0,0,0,0,0,0
25396000,8311934,8310910,8257662,7995448,262212,56,0,8,16384,32,2621464,3944480,33863,2139095040,0,0,0,0,0,0,0,0,1,1,0,1,1,0,0,0,0,0,0,0,0,0,0,0,0,0,0
25936000,8311934,8310910,8257662,7995448,262212,56,0,8,16384,32,2621464,3944480,33863,2139095040,0,0,0,0,0,0,0,0,1,1,0,1,1,0,0,0,0,0,0,0,0,0,0,0,0,0,0
26476000,8311934,8310910,8257662,7995448,262212,56,0,8,16384,32,2621464,3944480,33863,2139095040,0,0,0,0,0,0,0,0,1,1,0,1,1,0,0,0,0,0,0,0,0,0,0,0,0,0,0
27016000,8311934,8310910,8257662,7995448,262212,56,0,8,16384,32,2621464,3944480,33863,2139095040,0,0,0,0,0,0,0,0,1,1,0,1,1,0,0,0,0,0,0,0,0,0,0,0,0,0,0
27556000,8311934,8310910,8257662,7995448,262212,56,0,8,16384,32,2621464,3944480,33863,2139095040,0,0,0,0,0,0,0,0,1,1,0,1,1,0,0,0,0,0,0,0,0,0,0,0,0,0,0
28096000,8311934,8310910,8257662,7995448,262212,56,0,8,16384,32,2621464,3944480,33863,2139095040,0,0,0,0,0,0,0,0,1,1,0,1,1,0,0,0,0,0,0,0,0,0,0,0,0,0,0
28636000,8311934,8310910,8257662,7995448,262212,56,0,8,16384,32,2621464,3944480,33863,2139095040,0,0,0,0,0,0,0,0,1,1,0,1,1,0,0,0,0,0,0,0,0,0,0,0,0,0,0
29176000,8311934,8310910,8257662,7995448,262212,56,0,8,16384,32,2621464,3944480,33863,2139095040,0,0,0,0,0,0,0,0,1,1,0,1,1,0,0,0,0,0,0,0,0,0,0,0,0,0,0
29716000,8311934,8310910,8257662,7995448,262212,56,0,8,16384,32,2621464,3944480,33863,2139095040,0,0,0,0,0,0,0,0,1,1,0,1,1,0,0,0,0,0,0,0,0,0,0,0,0,0,0
30256000,8311934,8310910,8257662,7995448,262212,56,0,8,16384,32,2621464,3944480,33863,2139095040,0,0,0,0,0,0,0,0,1,1,0,1,1,0,0,0,0,0,0,0,0,0,0,0,0,0,0
30796000,8311934,8310910,8257662,7995448,262212,56,0,8,16384,32,2621464,3944480,33863,2139095040,0,0,0,0,0,0,0,0,1,1,0,1,1,0,0,0,0,0,0,0,0,0,0,0,0,0,0
31336000,8311934,8310910,8257662,7995448,262212,56,0,8,16384,32,2621464,3944480,33863,2139095040,0,0,0,0,0,0,0,0,1,1,0,1,1,0,0,0,0,0,0,0,0,0,0,0,0,0,0
31876000,8311934,8310910,8257662,7995448,262212,56,0,8,16384,32,2621464,3944480,33863,2139095040,0,0,0,0,0,0,0,0,1,1,0,1,1,0,0,0,0,0,0,0,0,0,0,0,0,0,0
32416000,8311934,8310910,8257662,7995448,262212,56,0,8,16384,32,2621464,3944480,33863,2139095040,0,0,0,0,0,0,0,0,1,1,0,1,1,0,0,0,0,0,0,0,0,0,0,0,0,0,0
32956000,8311934,8310910,8257662,7995448,262212,56,0,8,16384,32,2621464,3944480,33863,2139095040,0,0,0,0,0,0,0,0,1,1,0,1,1,0,0,0,0,0,0,0,0,0,0,0,0,0,0
33496000,8311934,8310910,8257662,7995448,262212,56,0,8,16384,32,2621464,3944480,33863,2139095040,0,0,0,0,0,0,0,0,1,1,0,1,1,0,0,0,0,0,0,0,0,0,0,0,0,0,0
34036000,8311934,8310910,8257662,7995448,262212,56,0,8,16384,32,2621464,3944480,33863,2139095040,0,0,0,0,0,0,0,0,1,1,0,1,1,0,0,0,0,0,0,0,0,0,0,0,0,0,0
34576000,8311934,8310910,8257662,7995448,262212,56,0,8,16384,32,2621464,3944480,33863,2139095040,0,0,0,0,0,0,0,0,1,1,0,1,1,0,0,0,0,0,0,0,0,0,0,0,0,0,0
35116000,8311934,8310910,8257662,7995448,262212,56,0,8,16384,32,2621464,3944480,33863,2139095040,0,0,0,0,0,0,0,0,1,1,0,1,1,0,0,0,0,0,0,0,0,0,0,0,0,0,0
35656000,8311934,8310910,8257662,7995448,262212,56,0,8,16384,32,2621464,3944480,33863,2139095040,0,0,0,0,0,0,0,0,1,1,0,1,1,0,0,0,0,0,0,0,0,0,0,0,0,0,0
36196000,8311934,8310910,8257662,7995448,262212,56,0,8,16384,32,2621464,3944480,33863,2139095040,0,0,0,0,0,0,0,0,1,1,0,1,1,0,0,0,0,0,0,0,0,0,0,0,0,0,0
36736000,8311934,8310910,8257662,7995448,262212,56,0,8,16384,32,2621464,3944480,33863,2139095040,0,0,0,0,0,0,0,0,1,1,0,1,1,0,0,0,0,0,0,0,0,0,0,0,0,0,0
37276000,8311934,8310910,8257662,7995448,262212,56,0,8,16384,32,2621464,3944480,33863,2139095040,0,0,0,0,0,0,0,0,1,1,0,1,1,0,0,0,0,0,0,0,0,0,0,0,0,0,0
37816000,8311934,8310910,8257662,7995448,262212,56,0,8,16384,32,2621464,3944480,33863,2139095040,0,0,0,0,0,0,0,0,1,1,0,1,1,0,0,0,0,0,0,0,0,0,0,0,0,0,0
38356000,8311934,8310910,8257662,7995448,262212,56,0,8,16384,32,2621464,3944480,33863,2139095040,0,0,0,0,0,0,0,0,1,1,0,1,1,0,0,0,0,0,0,0,0,0,0,0,0,0,0
38896000,8311934,8310910,8257662,7995448,262212,56,0,8,16384,32,2621464,3944480,33863,2139095040,0,0,0,0,0,0,0,0,1,1,0,1,1,0,0,0,0,0,0,0,0,0,0,0,0,0,0
39436000,8311934,8310910,8257662,7995448,262212,56,0,8,16384,32,2621464,3944480,33863,2139095040,0,0,0,0,0,0,0,0,1,1,0,1,1,0,0,0,0,0,0,0,0,0,0,0,0,0,0
39976000,8311934,8310910,8257662,7995448,262212,56,0,8,16384,32,2621464,3944480,33863,2139095040,0,0,0,0,0,0,0,0,1,1,0,1,1,0,0,0,0,0,0,0,0,0,0,0,0,0,0
40516000,8311934,8310910,8257662,7995448,262212,56,0,8,16384,32,2621464,3944480,33863,2139095040,0,0,0,0,0,0,0,0,1,1,0,1,1,0,0,0,0,0,0,0,0,0,0,0,0,0,0
41056000,8311934,8310910,8257662,7995448,262212,56,0,8,16384,32,2621464,3944480,33863,2139095040,0,0,0,0,0,0,0,0,1,1,0,1,1,0,0,0,0,0,0,0,0,0,0,0,0,0,0
41596000,8311934,8310910,8257662,7995448,262212,56,0,8,16384,32,2621464,3944480,33863,2139095040,0,0,0,0,0,0,0,0,1,1,0,1,1,0,0,0,0,0,0,0,0,0,0,0,0,0,0
42136000,8311934,8310910,8257662,7995448,262212,56,0,8,16384,32,2621464,3944480,33863,2139095040,0,0,0,0,0,0,0,0,1,1,0,1,1,0,0,0,0,0,0,0,0,0,0,0,0,0,0
42676000,8311934,8310910,8257662,7995448,262212,56,0,8,16384,32,2621464,3944480,33863,2139095040,0,0,0,0,0,0,0,0,1,1,0,1,1,0,0,0,0,0,0,0,0,0,0,0,0,0,0
43216000,8311934,8310910,8257662,7995448,262212,56,0,8,16384,32,2621464,3944480,33863,2139095040,0,0,0,0,0,0,0,0,1,1,0,1,1,0,0,0,0,0,0,0,0,0,0,0,0,0,0
43756000,8311934,8310910,8257662,7995448,262212,56,0,8,16384,32,2621464,3944480,33863,2139095040,0,0,0,0,0,0,0,0,1,1,0,1,1,0,0,0,0,0,0,0,0,0,0,0,0,0,0
44296000,8311934,8310910,8257662,7995448,262212,56,0,8,16384,32,2621464,3944480,33863,2139095040,0,0,0,0,0,0,0,0,1,1,0,1,1,0,0,0,0,0,0,0,0,0,0,0,0,0,0
44836000,8311934,8310910,8257662,7995448,262212,56,0,8,16384,32,2621464,3944480,33863,2139095040,0,0,0,0,0,0,0,0,1,1,0,1,1,0,0,0,0,0,0,0,0,0,0,0,0,0,0
45376000,8311934,8310910,8257662,7995448,262212,56,0,8,16384,32,2621464,3944480,33863,2139095040,0,0,0,0,0,0,0,0,1,1,0,1,1,0,0,0,0,0,0,0,0,0,0,0,0,0,0
45916000,8311934,8310910,8257662,7995448,262212,56,0,8,16384,32,2621464,3944480,33863,2139095040,0,0,0,0,0,0,0,0,1,1,0,1,1,0,0,0,0,0,0,0,0,0,0,0,0,0,0
46456000,8311934,8310910,8257662,7995448,262212,56,0,8,16384,32,2621464,3944480,33863,2139095040,0,0,0,0,0,0,0,0,1,1,0,1,1,0,0,0,0,0,0,0,0,0,0,0,0,0,0
46996000,8311934,8310910,8257662,7995448,262212,56,0,8,16384,32,2621464,3944480,33863,2139095040,0,0,0,0,0,0,0,0,1,1,0,1,1,0,0,0,0,0,0,0,0,0,0,0,0,0,0
47536000,8311934,8310910,8257662,7995448,262212,56,0,8,16384,32,2621464,3944480,33863,2139095040,0,0,0,0,0,0,0,0,1,1,0,1,1,0,0,0,0,0,0,0,0,0,0,0,0,0,0
48076000,8311934,8310910,8257662,7995448,262212,56,0,8,16384,32,2621464,3944480,33863,2139095040,0,0,0,0,0,0,0,0,1,1,0,1,1,0,0,0,0,0,0,0,0,0,0,0,0,0,0
48616000,8311934,8310910,8257662,7995448,262212,56,0,8,16384,32,2621464,3944480,33863,2139095040,0,0,0,0,0,0,0,0,1,1,0,1,1,0,0,0,0,0,0,0,0,0,0,0,0,0,0
49156000,8311934,8310910,8257662,7995448,262212,56,0,8,16384,32,2621464,3944480,33863,2139095040,0,0,0,0,0,0,0,0,1,1,0,1,1,0,0,0,0,0,0,0,0,0,0,0,0,0,0
49696000,8311934,8310910,8257662,7995448,262212,56,0,8,16384,32,2621464,3944480,33863,2139095040,0,0,0,0,0,0,0,0,1,1,0,1,1,0,0,0,0,0,0,0,0,0,0,0,0,0,0
50236000,8311934,8310910,8257662,7995448,262212,56,0,8,16384,32,2621464,3944480,33863,2139095040,0,0,0,0,0,0,0,0,1,1,0,1,1,0,0,0,0,0,0,0,0,0,0,0,0,0,0
50776000,8311934,8310910,8257662,7995448,262212,56,0,8,16384,32,2621464,3944480,33863,2139095040,0,0,0,0,0,0,0,0,1,1,0,1,1,0,0,0,0,0,0,0,0,0,0,0,0,0,0
51316000,8311934,8310910,8257662,7995448,262212,56,0,8,16384,32,2621464,3944480,33863,2139095040,0,0,0,0,0,0,0,0,1,1,0,1,1,0,0,0,0,0,0,0,0,0,0,0,0,0,0
51856000,8311934,8310910,8257662,7995448,262212,56,0,8,16384,32,2621464,3944480,33863,2139095040,0,0,0,0,0,0,0,0,1,1,0,1,1,0,0,0,0,0,0,0,0,0,0,0,0,0,0
52396000,8311934,8310910,8257662,7995448,262212,56,0,8,16384,32,2621464,3944480,33863,2139095040,0,0,0,0,0,0,0,0,1,1,0,1,1,0,0,0,0,0,0,0,0,0,0,0,0,0,0
52936000,8311934,8310910,8257662,7995448,262212,56,0,8,16384,32,2621464,3944480,33863,2139095040,0,0,0,0,0,0,0,0,1,1,0,1,1,0,0,0,0,0,0,0,0,0,0,0,0,0,0
53476000,8311934,8310910,8257662,7995448,262212,56,0,8,16384,32,2621464,3944480,33863,2139095040,0,0,0,0,0,0,0,0,1,1,0,1,1,0,0,0,0,0,0,0,0,0,0,0,0,0,0
54016000,8311934,8310910,8257662,7995448,262212,56,0,8,16384,32,2621464,3944480,33863,2139095040,0,0,0,0,0,0,0,0,1,1,0,1,1,0,0,0,0,0,0,0,0,0,0,0,0,0,0
54556000,8311934,8310910,8257662,7995448,262212,56,0,8,16384,32,2621464,3944480,33863,2139095040,0,0,0,0,0,0,0,0,1,1,0,1,1,0,0,0,0,0,0,0,0,0,0,0,0,0,0
55096000,8311934,8310910,8257662,7995448,262212,56,0,8,16384,32,2621464,3944480,33863,2139095040,0,0,0,0,0,0,0,0,1,1,0,1,1,0,0,0,0,0,0,0,0,0,0,0,0,0,0
55636000,8311934,8310910,8257662,7995448,262212,56,0,8,16384,32,2621464,3944480,33863,2139095040,0,0,0,0,0,0,0,0,1,1,0,1,1,0,0,0,0,0,0,0,0,0,0,0,0,0,0
56176000,8311934,8310910,8257662,7995448,262212,56,0,8,16384,32,2621464,3944480,33863,2139095040,0,0,0,0,0,0,0,0,1,1,0,1,1,0,0,0,0,0,0,0,0,0,0,0,0,0,0
56716000,8311934,8310910,8257662,7995448,262212,56,0,8,16384,32,2621464,3944480,33863,2139095040,0,0,0,0,0,0,0,0,1,1,0,1,1,0,0,0,0,0,0,0,0,0,0,0,0,0,0
57256000,8311934,8310910,8257662,7995448,262212,56,0,8,16384,32,2621464,3944480,33863,2139095040,0,0,0,0,0,0,0,0,1,1,0,1,1,0,0,0,0,0,0,0,0,0,0,0,0,0,0
57796000,8311934,8310910,8257662,7995448,262212,56,0,8,16384,32,2621464,3944480,33863,2139095040,0,0,0,0,0,0,0,0,1,1,0,1,1,0,0,0,0,0,0,0,0,0,0,0,0,0,0
58336000,8311934,8310910,8257662,7995448,262212,56,0,8,16384,32,2621464,3944480,33863,2139095040,0,0,0,0,0,0,0,0,1,1,0,1,1,0,0,0,0,0,0,0,0,0,0,0,0,0,0
58876000,8311934,8310910,8257662,7995448,262212,56,0,8,16384,32,2621464,3944480,33863,2139095040,0,0,0,0,0,0,0,0,1,1,0,1,1,0,0,0,0,0,0,0,0,0,0,0,0,0,0
59416000,8311934,8310910,8257662,7995448,262212,56,0,8,16384,32,2621464,3944480,33863,2139095040,0,0,0,0,0,0,0,0,1,1,0,1,1,0,0,0,0,0,0,0,0,0,0,0,0,0,0
59956000,8311934,8310910,8257662,7995448,262212,56,0,8,16384,32,2621464,3944480,33863,2139095040,0,0,0,0,0,0,0,0,1,1,0,1,1,0,0,0,0,0,0,0,0,0,0,0,0,0,0
60496000,8311934,8310910,8257662,7995448,262212,56,0,8,16384,32,2621464,3944480,33863,2139095040,0,0,0,0,0,0,0,0,1,1,0,1,1,0,0,0,0,0,0,0,0,0,0,0,0,0,0
61036000,8311934,8310910,8257662,7995448,262212,56,0,8,16384,32,2621464,3944480,33863,2139095040,0,0,0,0,0,0,0,0,1,1,0,1,1,0,0,0,0,0,0,0,0,0,0,0,0,0,0
61576000,8311934,8310910,8257662,7995448,262212,56,0,8,16384,32,2621464,3944480,33863,2139095040,0,0,0,0,0,0,0,0,1,1,0,1,1,0,0,0,0,0,0,0,0,0,0,0,0,0,0
62116000,8311934,8310910,8257662,7995448,262212,56,0,8,16384,32,2621464,3944480,33863,2139095040,0,0,0,0,0,0,0,0,1,1,0,1,1,0,0,0,0,0,0,0,0,0,0,0,0,0,0
62656000,8311934,8310910,8257662,7995448,262212,56,0,8,16384,32,2621464,3944480,33863,2139095040,0,0,0,0,0,0,0,0,1,1,0,1,1,0,0,0,0,0,0,0,0,0,0,0,0,0,0
63196000,8311934,8310910,8257662,7995448,262212,56,0,8,16384,32,2621464,3944480,33863,2139095040,0,0,0,0,0,0,0,0,1,1,0,1,1,0,0,0,0,0,0,0,0,0,0,0,0,0,0
63736000,8311934,8310910,8257662,7995448,262212,56,0,8,16384,32,2621464,3944480,33863,2139095040,0,0,0,0,0,0,0,0,1,1,0,1,1,0,0,0,0,0,0,0,0,0,0,0,0,0,0
64276000,8311934,8310910,8257662,7995448,262212,56,0,8,16384,32,2621464,3944480,33863,2139095040,0,0,0,0,0,0,0,0,1,1,0,1,1,0,0,0,0,0,0,0,0,0,0,0,0,0,0
64816000,8311934,8310910,8257662,7995448,262212,56,0,8,16384,32,2621464,3944480,33863,2139095040,0,0,0,0,0,0,0,0,1,1,0,1,1,0,0,0,0,0,0,0,0,0,0,0,0,0,0
65356000,8311934,8310910,8257662,7995448,262212,56,0,8,16384,32,2621464,3944480,33863,2139095040,0,0,0,0,0,0,0,0,1,1,0,1,1,0,0,0,0,0,0,0,0,0,0,0,0,0,0
65896000,8311934,8310910,8257662,7995448,262212,56,0,8,16384,32,2621464,3944480,33863,2139095040,0,0,0,0,0,0,0,0,1,1,0,1,1,0,0,0,0,0,0,0,0,0,0,0,0,0,0
66436000,8311934,8310910,8257662,7995448,262212,56,0,8,16384,32,2621464,3944480,33863,2139095040,0,0,0,0,0,0,0,0,1,1,0,1,1,0,0,0,0,0,0,0,0,0,0,0,0,0,0
66976000,8311934,8310910,8257662,7995448,262212,56,0,8,16384,32,2621464,3944480,33863,2139095040,0,0,0,0,0,0,0,0,1,1,0,1,1,0,0,0,0,0,0,0,0,0,0,0,0,0,0
67516000,8311934,8310910,8257662,7995448,262212,56,0,8,16384,32,2621464,3944480,33863,2139095040,0,0,0,0,0,0,0,0,1,1,0,1,1,0,0,0,0,0,0,0,0,0,0,0,0,0,0
68056000,8311934,8310910,8257662,7995448,262212,56,0,8,16384,32,2621464,3944480,33863,2139095040,0,0,0,0,0,0,0,0,1,1,0,1,1,0,0,0,0,0,0,0,0,0,0,0,0,0,0
68596000,8311934,8310910,8257662,7995448,262212,56,0,8,16384,32,2621464,3944480,33863,2139095040,0,0,0,0,0,0,0,0,1,1,0,1,1,0,0,0,0,0,0,0,0,0,0,0,0,0,0
69136000,8311934,8310910,8257662,7995448,262212,56,0,8,16384,32,2621464,3944480,33863,2139095040,0,0,0,0,0,0,0,0,1,1,0,1,1,0,0,0,0,0,0,0,0,0,0,0,0,0,0
69676000,8311934,8310910,8257662,7995448,262212,56,0,8,16384,32,2621464,3944480,33863,2139095040,0,0,0,0,0,0,0,0,1,1,0,1,1,0,0,0,0,0,0,0,0,0,0,0,0,0,0
70216000,8311934,8310910,8257662,7995448,262212,56,0,8,16384,32,2621464,3944480,33863,2139095040,0,0,0,0,0,0,0,0,1,1,0,1,1,0,0,0,0,0,0,0,0,0,0,0,0,0,0
70756000,8311934,8310910,8257662,7995448,262212,56,0,8,16384,32,2621464,3944480,33863,2139095040,0,0,0,0,0,0,0,0,1,1,0,1,1,0,0,0,0,0,0,0,0,0,0,0,0,0,0
71296000,8311934,8310910,8257662,7995448,262212,56,0,8,16384,32,2621464,3944480,33863,2139095040,0,0,0,0,0,0,0,0,1,1,0,1,1,0,0,0,0,0,0,0,0,0,0,0,0,0,0
71836000,8311934,8310910,8257662,7995448,262212,56,0,8,16384,32,2621464,3944480,33863,2139095040,0,0,0,0,0,0,0,0,1,1,0,1,1,0,0,0,0,0,0,0,0,0,0,0,0,0,0
72376000,8311934,8310910,8257662,7995448,262212,56,0,8,16384,32,2621464,3944480,33863,2139095040,0,0,0,0,0,0,0,0,1,1,0,1,1,0,0,0,0,0,0,0,0,0,0,0,0,0,0
72916000,8311934,8310910,8257662,7995448,262212,56,0,8,16384,32,2621464,3944480,33863,2139095040,0,0,0,0,0,0,0,0,1,1,0,1,1,0,0,0,0,0,0,0,0,0,0,0,0,0,0
73456000,8311934,8310910,8257662,7995448,262212,56,0,8,16384,32,2621464,3944480,33863,2139095040,0,0,0,0,0,0,0,0,1,1,0,1,1,0,0,0,0,0,0,0,0,0,0,0,0,0,0
73996000,8311934,8310910,8257662,7995448,262212,56,0,8,16384,32,2621464,3944480,33863,2139095040,0,0,0,0,0,0,0,0,1,1,0,1,1,0,0,0,0,0,0,0,0,0,0,0,0,0,0
74536000,8311934,8310910,8257662,7995448,262212,56,0,8,16384,32,2621464,3944480,33863,2139095040,0,0,0,0,0,0,0,0,1,1,0,1,1,0,0,0,0,0,0,0,0,0,0,0,0,0,0
75076000,8311934,8310910,8257662,7995448,262212,56,0,8,16384,32,2621464,3944480,33863,2139095040,0,0,0,0,0,0,0,0,1,1,0,1,1,0,0,0,0,0,0,0,0,0,0,0,0,0,0
75616000,8311934,8310910,8257662,7995448,262212,56,0,8,16384,32,2621464,3944480,33863,2139095040,0,0,0,0,0,0,0,0,1,1,0,1,1,0,0,0,0,0,0,0,0,0,0,0,0,0,0
76156000,8311934,8310910,8257662,7995448,262212,56,0,8,16384,32,2621464,3944480,33863,2139095040,0,0,0,0,0,0,0,0,1,1,0,1,1,0,0,0,0,0,0,0,0,0,0,0,0,0,0
76696000,8311934,8310910,8257662,7995448,262212,56,0,8,16384,32,2621464,3944480,33863,2139095040,0,0,0,0,0,0,0,0,1,1,0,1,1,0,0,0,0,0,0,0,0,0,0,0,0,0,0
77236000,8311934,8310910,8257662,7995448,262212,56,0,8,16384,32,2621464,3944480,33863,2139095040,0,0,0,0,0,0,0,0,1,1,0,1,1,0,0,0,0,0,0,0,0,0,0,0,0,0,0
77776000,8311934,8310910,8257662,7995448,262212,56,0,8,16384,32,2621464,3944480,33863,2139095040,0,0,0,0,0,0,0,0,1,1,0,1,1,0,0,0,0,0,0,0,0,0,0,0,0,0,0
78316000,8311934,8310910,8257662,7995448,262212,56,0,8,16384,32,2621464,3944480,33863,2139095040,0,0,0,0,0,0,0,0,1,1,0,1,1,0,0,0,0,0,0,0,0,0,0,0,0,0,0
78856000,8311934,8310910,8257662,7995448,262212,56,0,8,16384,32,2621464,3944480,33863,2139095040,0,0,0,0,0,0,0,0,1,1,0,1,1,0,0,0,0,0,0,0,0,0,0,0,0,0,0
79396000,8311934,8310910,8257662,7995448,262212,56,0,8,16384,32,2621464,3944480,33863,2139095040,0,0,0,0,0,0,0,0,1,1,0,1,1,0,0,0,0,0,0,0,0,0,0,0,0,0,0
79936000,8311934,8310910,8257662,7995448,262212,56,0,8,16384,32,2621464,3944480,33863,2139095040,0,0,0,0,0,0,0,0,1,1,0,1,1,0,0,0,0,0,0,0,0,0,0,0,0,0,0
80476000,8311934,8310910,8257662,7995448,262212,56,0,8,16384,32,2621464,3944480,33863,2139095040,0,0,0,0,0,0,0,0,1,1,0,1,1,0,0,0,0,0,0,0,0,0,0,0,0,0,0
81016000,8311934,8310910,8257662,7995448,262212,56,0,8,16384,32,2621464,3944480,33863,2139095040,0,0,0,0,0,0,0,0,1,1,0,1,1,0,0,0,0,0,0,0,0,0,0,0,0,0,0
81556000,8311934,8310910,8257662,7995448,262212,56,0,8,16384,32,2621464,3944480,33863,2139095040,0,0,0,0,0,0,0,0,1,1,0,1,1,0,0,0,0,0,0,0,0,0,0,0,0,0,0
82096000,8311934,8310910,8257662,7995448,262212,56,0,8,16384,32,2621464,3944480,33863,2139095040,0,0,0,0,0,0,0,0,1,1,0,1,1,0,0,0,0,0,0,0,0,0,0,0,0,0,0
82636000,8311934,8310910,8257662,7995448,262212,56,0,8,16384,32,2621464,3944480,33863,2139095040,0,0,0,0,0,0,0,0,1,1,0,1,1,0,0,0,0,0,0,0,0,0,0,0,0,0,0
83176000,8311934,8310910,8257662,7995448,262212,56,0,8,16384,32,2621464,3944480,33863,2139095040,0,0,0,0,0,0,0,0,1,1,0,1,1,0,0,0,0,0,0,0,0,0,0,0,0,0,0
83716000,8311934,8310910,8257662,7995448,262212,56,0,8,16384,32,2621464,3944480,33863,2139095040,0,0,0,0,0,0,0,0,1,1,0,1,1,0,0,0,0,0,0,0,0,0,0,0,0,0,0
84256000,8311934,8310910,8257662,7995448,262212,56,0,8,16384,32,2621464,3944480,33863,2139095040,0,0,0,0,0,0,0,0,1,1,0,1,1,0,0,0,0,0,0,0,0,0,0,0,0,0,0
84796000,8311934,8310910,8257662,7995448,262212,56,0,8,16384,32,2621464,3944480,33863,2139095040,0,0,0,0,0,0,0,0,1,1,0,1,1,0,0,0,0,0,0,0,0,0,0,0,0,0,0
85336000,8311934,8310910,8257662,7995448,262212,56,0,8,16384,32,2621464,3944480,33863,2139095040,0,0,0,0,0,0,0,0,1,1,0,1,1,0,0,0,0,0,0,0,0,0,0,0,0,0,0
85876000,8311934,8310910,8257662,7995448,262212,56,0,8,16384,32,2621464,3944480,33863,2139095040,0,0,0,0,0,0,0,0,1,1,0,1,1,0,0,0,0,0,0,0,0,0,0,0,0,0,0
86416000,8311934,8310910,8257662,7995448,262212,56,0,8,16384,32,2621464,3944480,33863,2139095040,0,0,0,0,0,0,0,0,1,1,0,1,1,0,0,0,0,0,0,0,0,0,0,0,0,0,0
86956000,8311934,8310910,8257662,7995448,262212,56,0,8,16384,32,2621464,3944480,33863,2139095040,0,0,0,0,0,0,0,0,1,1,0,1,1,0,0,0,0,0,0,0,0,0,0,0,0,0,0
87496000,8311934,8310910,8257662,7995448,262212,56,0,8,16384,32,2621464,3944480,33863,2139095040,0,0,0,0,0,0,0,0,1,1,0,1,1,0,0,0,0,0,0,0,0,0,0,0,0,0,0
88036000,8311934,8310910,8257662,7995448,262212,56,0,8,16384,32,2621464,3944480,33863,2139095040,0,0,0,0,0,0,0,0,1,1,0,1,1,0,0,0,0,0,0,0,0,0,0,0,0,0,0
88576000,8311934,8310910,8257662,7995448,262212,56,0,8,16384,32,2621464,3944480,33863,2139095040,0,0,0,0,0,0,0,0,1,1,0,1,1,0,0,0,0,0,0,0,0,0,0,0,0,0,0
89116000,8311934,8310910,8257662,7995448,262212,56,0,8,16384,32,2621464,3944480,33863,2139095040,0,0,0,0,0,0,0,0,1,1,0,1,1,0,0,0,0,0,0,0,0,0,0,0,0,0,0
89656000,8311934,8310910,8257662,7995448,262212,56,0,8,16384,32,2621464,3944480,33863,2139095040,0,0,0,0,0,0,0,0,1,1,0,1,1,0,0,0,0,0,0,0,0,0,0,0,0,0,0
90196000,8311934,8310910,8257662,7995448,262212,56,0,8,16384,32,2621464,3944480,33863,2139095040,0,0,0,0,0,0,0,0,1,1,0,1,1,0,0,0,0,0,0,0,0,0,0,0,0,0,0
90736000,8311934,8310910,8257662,7995448,262212,56,0,8,16384,32,2621464,3944480,33863,2139095040,0,0,0,0,0,0,0,0,1,1,0,1,1,0,0,0,0,0,0,0,0,0,0,0,0,0,0
91276000,8311934,8310910,8257662,7995448,262212,56,0,8,16384,32,2621464,3944480,33863,2139095040,0,0,0,0,0,0,0,0,1,1,0,1,1,0,0,0,0,0,0,0,0,0,0,0,0,0,0
91816000,8311934,8310910,8257662,7995448,262212,56,0,8,16384,32,2621464,3944480,33863,2139095040,0,0,0,0,0,0,0,0,1,1,0,1,1,0,0,0,0,0,0,0,0,0,0,0,0,0,0
92356000,8311934,8310910,8257662,7995448,262212,56,0,8,16384,32,2621464,3944480,33863,2139095040,0,0,0,0,0,0,0,0,1,1,0,1,1,0,0,0,0,0,0,0,0,0,0,0,0,0,0
92896000,8311934,8310910,8257662,7995448,262212,56,0,8,16384,32,2621464,3944480,33863,2139095040,0,0,0,0,0,0,0,0,1,1,0,1,1,0,0,0,0,0,0,0,0,0,0,0,0,0,0
93436000,8311934,8310910,8257662,7995448,262212,56,0,8,16384,32,2621464,3944480,33863,2139095040,0,0,0,0,0,0,0,0,1,1,0,1,1,0,0,0,0,0,0,0,0,0,0,0,0,0,0
93976000,8311934,8310910,8257662,7995448,262212,56,0,8,16384,32,2621464,3944480,33863,2139095040,0,0,0,0,0,0,0,0,1,1,0,1,1,0,0,0,0,0,0,0,0,0,0,0,0,0,0
94516000,8311934,8310910,8257662,7995448,262212,56,0,8,16384,32,2621464,3944480,33863,2139095040,0,0,0,0,0,0,0,0,1,1,0,1,1,0,0,0,0,0,0,0,0,0,0,0,0,0,0
95056000,8311934,8310910,8257662,7995448,262212,56,0,8,16384,32,2621464,3944480,33863,2139095040,0,0,0,0,0,0,0,0,1,1,0,1,1,0,0,0,0,0,0,0,0,0,0,0,0,0,0
95596000,8311934,8310910,8257662,7995448,262212,56,0,8,16384,32,2621464,3944480,33863,2139095040,0,0,0,0,0,0,0,0,1,1,0,1,1,0,0,0,0,0,0,0,0,0,0,0,0,0,0
96136000,8311934,8310910,8257662,7995448,262212,56,0,8,16384,32,2621464,3944480,33863,2139095040,0,0,0,0,0,0,0,0,1,1,0,1,1,0,0,0,0,0,0,0,0,0,0,0,0,0,0
96676000,8311934,8310910,8257662,7995448,262212,56,0,8,16384,32,2621464,3944480,33863,2139095040,0,0,0,0,0,0,0,0,1,1,0,1,1,0,0,0,0,0,0,0,0,0,0,0,0,0,0
97216000,8311934,8310910,8257662,7995448,262212,56,0,8,16384,32,2621464,3944480,33863,2139095040,0,0,0,0,0,0,0,0,1,1,0,1,1,0,0,0,0,0,0,0,0,0,0,0,0,0,0
97756000,8311934,8310910,8257662,7995448,262212,56,0,8,16384,32,2621464,3944480,33863,2139095040,0,0,0,0,0,0,0,0,1,1,0,1,1,0,0,0,0,0,0,0,0,0,0,0,0,0,0
98296000,8311934,8310910,8257662,7995448,262212,56,0,8,16384,32,2621464,3944480,33863,2139095040,0,0,0,0,0,0,0,0,1,1,0,1,1,0,0,0,0,0,0,0,0,0,0,0,0,0,0
98836000,8311934,8310910,8257662,7995448,262212,56,0,8,16384,32,2621464,3944480,33863,2139095040,0,0,0,0,0,0,0,0,1,1,0,1,1,0,0,0,0,0,0,0,0,0,0,0,0,0,0
99376000,8311934,8310910,8257662,7995448,262212,56,0,8,16384,32,2621464,3944480,33863,2139095040,0,0,0,0,0,0,0,0,1,1,0,1,1,0,0,0,0,0,0,0,0,0,0,0,0,0,0
99916000,8311934,8310910,8257662,7995448,262212,56,0,8,16384,32,2621464,3944480,33863,2139095040,0,0,0,0,0,0,0,0,1,1,0,1,1,0,0,0,0,0,0,0,0,0,0,0,0,0,0
100456000,8311934,8310910,8257662,7995448,262212,56,0,8,16384,32,2621464,3944480,33863,2139095040,0,0,0,0,0,0,0,0,1,1,0,1,1,0,0,0,0,0,0,0,0,0,0,0,0,0,0
100996000,8311934,8310910,8257662,7995448,262212,56,0,8,16384,32,2621464,3944480,33863,2139095040,0,0,0,0,0,0,0,0,1,1,0,1,1,0,0,0,0,0,0,0,0,0,0,0,0,0,0
101536000,8311934,8310910,8257662,7995448,262212,56,0,8,16384,32,2621464,3944480,33863,2139095040,0,0,0,0,0,0,0,0,1,1,0,1,1,0,0,0,0,0,0,0,0,0,0,0,0,0,0
102076000,8311934,8310910,8257662,7995448,262212,56,0,8,16384,32,2621464,3944480,33863,2139095040,0,0,0,0,0,0,0,0,1,1,0,1,1,0,0,0,0,0,0,0,0,0,0,0,0,0,0
102616000,8311934,8310910,8257662,7995448,262212,56,0,8,16384,32,2621464,3944480,33863,2139095040,0,0,0,0,0,0,0,0,1,1,0,1,1,0,0,0,0,0,0,0,0,0,0,0,0,0,0
103156000,8311934,8310910,8257662,7995448,262212,56,0,8,16384,32,2621464,3944480,33863,2139095040,0,0,0,0,0,0,0,0,1,1,0,1,1,0,0,0,0,0,0,0,0,0,0,0,0,0,0
103696000,8311934,8310910,8257662,7995448,262212,56,0,8,16384,32,2621464,3944480,33863,2139095040,0,0,0,0,0,0,0,0,1,1,0,1,1,0,0,0,0,0,0,0,0,0,0,0,0,0,0
104236000,8311934,8310910,8257662,7995448,262212,56,0,8,16384,32,2621464,3944480,33863,2139095040,0,0,0,0,0,0,0,0,1,1,0,1,1,0,0,0,0,0,0,0,0,0,0,0,0,0,0
104776000,8311934,8310910,8257662,7995448,262212,56,0,8,16384,32,2621464,3944480,33863,2139095040,0,0,0,0,0,0,0,0,1,1,0,1,1,0,0,0,0,0,0,0,0,0,0,0,0,0,0
105316000,8311934,8310910,8257662,7995448,262212,56,0,8,16384,32,2621464,3944480,33863,2139095040,0,0,0,0,0,0,0,0,1,1,0,1,1,0,0,0,0,0,0,0,0,0,0,0,0,0,0
105856000,8311934,8310910,8257662,7995448,262212,56,0,8,16384,32,2621464,3944480,33863,2139095040,0,0,0,0,0,0,0,0,1,1,0,1,1,0,0,0,0,0,0,0,0,0,0,0,0,0,0
106396000,8311934,8310910,8257662,7995448,262212,56,0,8,16384,32,2621464,3944480,33863,2139095040,0,0,0,0,0,0,0,0,1,1,0,1,1,0,0,0,0,0,0,0,0,0,0,0,0,0,0
106936000,8311934,8310910,8257662,7995448,262212,56,0,8,16384,32,2621464,3944480,33863,2139095040,0,0,0,0,0,0,0,0,1,1,0,1,1,0,0,0,0,0,0,0,0,0,0,0,0,0,0
107476000,8311934,8310910,8257662,7995448,262212,56,0,8,16384,32,2621464,3944480,33863,2139095040,0,0,0,0,0,0,0,0,1,1,0,1,1,0,0,0,0,0,0,0,0,0,0,0,0,0,0
108016000,8311934,8310910,8257662,7995448,262212,56,0,8,16384,32,2621464,3944480,33863,2139095040,0,0,0,0,0,0,0,0,1,1,0,1,1,0,0,0,0,0,0,0,0,0,0,0,0,0,0
108556000,8311934,8310910,8257662,7995448,262212,56,0,8,16384,32,2621464,3944480,33863,2139095040,0,0,0,0,0,0,0,0,1,1,0,1,1,0,0,0,0,0,0,0,0,0,0,0,0,0,0
109096000,8311934,8310910,8257662,7995448,262212,56,0,8,16384,32,2621464,3944480,33863,2139095040,0,0,0,0,0,0,0,0,1,1,0,1,1,0,0,0,0,0,0,0,0,0,0,0,0,0,0
109636000,8311934,8310910,8257662,7995448,262212,56,0,8,16384,32,2621464,3944480,33863,2139095040,0,0,0,0,0,0,0,0,1,1,0,1,1,0,0,0,0,0,0,0,0,0,0,0,0,0,0
110176000,8311934,8310910,8257662,7995448,262212,56,0,8,16384,32,2621464,3944480,33863,2139095040,0,0,0,0,0,0,0,0,1,1,0,1,1,0,0,0,0,0,0,0,0,0,0,0,0,0,0
110716000,8311934,8310910,8257662,7995448,262212,56,0,8,16384,32,2621464,3944480,33863,2139095040,0,0,0,0,0,0,0,0,1,1,0,1,1,0,0,0,0,0,0,0,0,0,0,0,0,0,0
111256000,8311934,8310910,8257662,7995448,262212,56,0,8,16384,32,2621464,3944480,33863,2139095040,0,0,0,0,0,0,0,0,1,1,0,1,1,0,0,0,0,0,0,0,0,0,0,0,0,0,0
111796000,8311934,8310910,8257662,7995448,262212,56,0,8,16384,32,2621464,3944480,33863,2139095040,0,0,0,0,0,0,0,0,1,1,0,1,1,0,0,0,0,0,0,0,0,0,0,0,0,0,0
112336000,8311934,8310910,8257662,7995448,262212,56,0,8,16384,32,2621464,3944480,33863,2139095040,0,0,0,0,0,0,0,0,1,1,0,1,1,0,0,0,0,0,0,0,0,0,0,0,0,0,0
112876000,8311934,8310910,8257662,7995448,262212,56,0,8,16384,32,2621464,3944480,33863,2139095040,0,0,0,0,0,0,0,0,1,1,0,1,1,0,0,0,0,0,0,0,0,0,0,0,0,0,0
113416000,8311934,8310910,8257662,7995448,262212,56,0,8,16384,32,2621464,3944480,33863,2139095040,0,0,0,0,0,0,0,0,1,1,0,1,1,0,0,0,0,0,0,0,0,0,0,0,0,0,0
113956000,8311934,8310910,8257662,7995448,262212,56,0,8,16384,32,2621464,3944480,33863,2139095040,0,0,0,0,0,0,0,0,1,1,0,1,1,0,0,0,0,0,0,0,0,0,0,0,0,0,0
114496000,8311934,8310910,8257662,7995448,262212,56,0,8,16384,32,2621464,3944480,33863,2139095040,0,0,0,0,0,0,0,0,1,1,0,1,1,0,0,0,0,0,0,0,0,0,0,0,0,0,0
115036000,8311934,8310910,8257662,7995448,262212,56,0,8,16384,32,2621464,3944480,33863,2139095040,0,0,0,0,0,0,0,0,1,1,0,1,1,0,0,0,0,0,0,0,0,0,0,0,0,0,0
115576000,8311934,8310910,8257662,7995448,262212,56,0,8,16384,32,2621464,3944480,33863,2139095040,0,0,0,0,0,0,0,0,1,1,0,1,1,0,0,0,0,0,0,0,0,0,0,0,0,0,0
116116000,8311934,8310910,8257662,7995448,262212,56,0,8,16384,32,2621464,3944480,33863,2139095040,0,0,0,0,0,0,0,0,1,1,0,1,1,0,0,0,0,0,0,0,0,0,0,0,0,0,0
116656000,8311934,8310910,8257662,7995448,262212,56,0,8,16384,32,2621464,3944480,33863,2139095040,0,0,0,0,0,0,0,0,1,1,0,1,1,0,0,0,0,0,0,0,0,0,0,0,0,0,0
117196000,8311934,8310910,8257662,7995448,262212,56,0,8,16384,32,2621464,3944480,33863,2139095040,0,0,0,0,0,0,0,0,1,1,0,1,1,0,0,0,0,0,0,0,0,0,0,0,0,0,0
117736000,8311934,8310910,8257662,7995448,262212,56,0,8,16384,32,2621464,3944480,33863,2139095040,0,0,0,0,0,0,0,0,1,1,0,1,1,0,0,0,0,0,0,0,0,0,0,0,0,0,0
118276000,8311934,8310910,8257662,7995448,262212,56,0,8,16384,32,2621464,3944480,33863,2139095040,0,0,0,0,0,0,0,0,1,1,0,1,1,0,0,0,0,0,0,0,0,0,0,0,0,0,0
118816000,8311934,8310910,8257662,7995448,262212,56,0,8,16384,32,2621464,3944480,33863,2139095040,0,0,0,0,0,0,0,0,1,1,0,1,1,0,0,0,0,0,0,0,0,0,0,0,0,0,0
119356000,8311934,8310910,8257662,7995448,262212,56,0,8,16384,32,2621464,3944480,33863,2139095040,0,0,0,0,0,0,0,0,1,1,0,1,1,0,0,0,0,0,0,0,0,0,0,0,0,0,0
119896000,8311934,8310910,8257662,7995448,262212,56,0,8,16384,32,2621464,3944480,33863,2139095040,0,0,0,0,0,0,0,0,1,1,0,1,1,0,0,0,0,0,0,0,0,0,0,0,0,0,0
120436000,8311934,8310910,8257662,7995448,262212,56,0,8,16384,32,2621464,3944480,33863,2139095040,0,0,0,0,0,0,0,0,1,1,0,1,1,0,0,0,0,0,0,0,0,0,0,0,0,0,0
120976000,8311934,8310910,8257662,7995448,262212,56,0,8,16384,32,2621464,3944480,33863,2139095040,0,0,0,0,0,0,0,0,1,1,0,1,1,0,0,0,0,0,0,0,0,0,0,0,0,0,0
121516000,8311934,8310910,8257662,7995448,262212,56,0,8,16384,32,2621464,3944480,33863,2139095040,0,0,0,0,0,0,0,0,1,1,0,1,1,0,0,0,0,0,0,0,0,0,0,0,0,0,0
122056000,8311934,8310910,8257662,7995448,262212,56,0,8,16384,32,2621464,3944480,33863,2139095040,0,0,0,0,0,0,0,0,1,1,0,1,1,0,0,0,0,0,0,0,0,0,0,0,0,0,0
122596000,8311934,8310910,8257662,7995448,262212,56,0,8,16384,32,2621464,3944480,33863,2139095040,0,0,0,0,0,0,0,0,1,1,0,1,1,0,0,0,0,0,0,0,0,0,0,0,0,0,0
123136000,8311934,8310910,8257662,7995448,262212,56,0,8,16384,32,2621464,3944480,33863,2139095040,0,0,0,0,0,0,0,0,1,1,0,1,1,0,0,0,0,0,0,0,0,0,0,0,0,0,0
123676000,8311934,8310910,8257662,7995448,262212,56,0,8,16384,32,2621464,3944480,33863,2139095040,0,0,0,0,0,0,0,0,1,1,0,1,1,0,0,0,0,0,0,0,0,0,0,0,0,0,0
124216000,8311934,8310910,8257662,7995448,262212,56,0,8,16384,32,2621464,3944480,33863,2139095040,0,0,0,0,0,0,0,0,1,1,0,1,1,0,0,0,0,0,0,0,0,0,0,0,0,0,0
124756000,8311934,8310910,8257662,7995448,262212,56,0,8,16384,32,2621464,3944480,33863,2139095040,0,0,0,0,0,0,0,0,1,1,0,1,1,0,0,0,0,0,0,0,0,0,0,0,0,0,0
125296000,8311934,8310910,8257662,7995448,262212,56,0,8,16384,32,2621464,3944480,33863,2139095040,0,0,0,0,0,0,0,0,1,1,0,1,1,0,0,0,0,0,0,0,0,0,0,0,0,0,0
125836000,8311934,8310910,8257662,7995448,262212,56,0,8,16384,32,2621464,3944480,33863,2139095040,0,0,0,0,0,0,0,0,1,1,0,1,1,0,0,0,0,0,0,0,0,0,0,0,0,0,0
126376000,8311934,8310910,8257662,7995448,262212,56,0,8,16384,32,2621464,3944480,33863,2139095040,0,0,0,0,0,0,0,0,1,1,0,1,1,0,0,0,0,0,0,0,0,0,0,0,0,0,0
126916000,8311934,8310910,8257662,7995448,262212,56,0,8,16384,32,2621464,3944480,33863,2139095040,0,0,0,0,0,0,0,0,1,1,0,1,1,0,0,0,0,0,0,0,0,0,0,0,0,0,0
127456000,8311934,8310910,8257662,7995448,262212,56,0,8,16384,32,2621464,3944480,33863,2139095040,0,0,0,0,0,0,0,0,1,1,0,1,1,0,0,0,0,0,0,0,0,0,0,0,0,0,0
127996000,8311934,8310910,8257662,7995448,262212,56,0,8,16384,32,2621464,3944480,33863,2139095040,0,0,0,0,0,0,0,0,1,1,0,1,1,0,0,0,0,0,0,0,0,0,0,0,0,0,0
128536000,8311934,8310910,8257662,7995448,262212,56,0,8,16384,32,2621464,3944480,33863,2139095040,0,0,0,0,0,0,0,0,1,1,0,1,1,0,0,0,0,0,0,0,0,0,0,0,0,0,0
129076000,8311934,8310910,8257662,7995448,262212,56,0,8,16384,32,2621464,3944480,33863,2139095040,0,0,0,0,0,0,0,0,1,1,0,1,1,0,0,0,0,0,0,0,0,0,0,0,0,0,0
129616000,8311934,8310910,8257662,7995448,262212,56,0,8,16384,32,2621464,3944480,33863,2139095040,0,0,0,0,0,0,0,0,1,1,0,1,1,0,0,0,0,0,0,0,0,0,0,0,0,0,0
130156000,8311934,8310910,8257662,7995448,262212,56,0,8,16384,32,2621464,3944480,33863,2139095040,0,0,0,0,0,0,0,0,1,1,0,1,1,0,0,0,0,0,0,0,0,0,0,0,0,0,0
130696000,8311934,8310910,8257662,7995448,262212,56,0,8,16384,32,2621464,3944480,33863,2139095040,0,0,0,0,0,0,0,0,1,1,0,1,1,0,0,0,0,0,0,0,0,0,0,0,0,0,0
131236000,8311934,8310910,8257662,7995448,262212,56,0,8,16384,32,2621464,3944480,33863,2139095040,0,0,0,0,0,0,0,0,1,1,0,1,1,0,0,0,0,0,0,0,0,0,0,0,0,0,0
131776000,8311934,8310910,8257662,7995448,262212,56,0,8,16384,32,2621464,3944480,33863,2139095040,0,0,0,0,0,0,0,0,1,1,0,1,1,0,0,0,0,0,0,0,0,0,0,0,0,0,0
132316000,8311934,8310910,8257662,7995448,262212,56,0,8,16384,32,2621464,3944480,33863,2139095040,0,0,0,0,0,0,0,0,1,1,0,1,1,0,0,0,0,0,0,0,0,0,0,0,0,0,0
132856000,8311934,8310910,8257662,7995448,262212,56,0,8,16384,32,2621464,3944480,33863,2139095040,0,0,0,0,0,0,0,0,1,1,0,1,1,0,0,0,0,0,0,0,0,0,0,0,0,0,0
133396000,8311934,8310910,8257662,7995448,262212,56,0,8,16384,32,2621464,3944480,33863,2139095040,0,0,0,0,0,0,0,0,1,1,0,1,1,0,0,0,0,0,0,0,0,0,0,0,0,0,0
133936000,8311934,8310910,8257662,7995448,262212,56,0,8,16384,32,2621464,3944480,33863,2139095040,0,0,0,0,0,0,0,0,1,1,0,1,1,0,0,0,0,0,0,0,0,0,0,0,0,0,0
134476000,8311934,8310910,8257662,7995448,262212,56,0,8,16384,32,2621464,3944480,33863,2139095040,0,0,0,0,0,0,0,0,1,1,0,1,1,0,0,0,0,0,0,0,0,0,0,0,0,0,0
135016000,8311934,8310910,8257662,7995448,262212,56,0,8,16384,32,2621464,3944480,33863,2139095040,0,0,0,0,0,0,0,0,1,1,0,1,1,0,0,0,0,0,0,0,0,0,0,0,0,0,0
135556000,8311934,8310910,8257662,7995448,262212,56,0,8,16384,32,2621464,3944480,33863,2139095040,0,0,0,0,0,0,0,0,1,1,0,1,1,0,0,0,0,0,0,0,0,0,0,0,0,0,0
136096000,8311934,8310910,8257662,7995448,262212,56,0,8,16384,32,2621464,3944480,33863,2139095040,0,0,0,0,0,0,0,0,1,1,0,1,1,0,0,0,0,0,0,0,0,0,0,0,0,0,0
136636000,8311934,8310910,8257662,7995448,262212,56,0,8,16384,32,2621464,3944480,33863,2139095040,0,0,0,0,0,0,0,0,1,1,0,1,1,0,0,0,0,0,0,0,0,0,0,0,0,0,0
137176000,8311934,8310910,8257662,7995448,262212,56,0,8,16384,32,2621464,3944480,33863,2139095040,0,0,0,0,0,0,0,0,1,1,0,1,1,0,0,0,0,0,0,0,0,0,0,0,0,0,0
137716000,8311934,8310910,8257662,7995448,262212,56,0,8,16384,32,2621464,3944480,33863,2139095040,0,0,0,0,0,0,0,0,1,1,0,1,1,0,0,0,0,0,0,0,0,0,0,0,0,0,0
138256000,8311934,8310910,8257662,7995448,262212,56,0,8,16384,32,2621464,3944480,33863,2139095040,0,0,0,0,0,0,0,0,1,1,0,1,1,0,0,0,0,0,0,0,0,0,0,0,0,0,0
138796000,8311934,8310910,8257662,7995448,262212,56,0,8,16384,32,2621464,3944480,33863,2139095040,0,0,0,0,0,0,0,0,1,1,0,1,1,0,0,0,0,0,0,0,0,0,0,0,0,0,0
139336000,8311934,8310910,8257662,7995448,262212,56,0,8,16384,32,2621464,3944480,33863,2139095040,0,0,0,0,0,0,0,0,1,1,0,1,1,0,0,0,0,0,0,0,0,0,0,0,0,0,0
139876000,8311934,8310910,8257662,7995448,262212,56,0,8,16384,32,2621464,3944480,33863,2139095040,0,0,0,0,0,0,0,0,1,1,0,1,1,0,0,0,0,0,0,0,0,0,0,0,0,0,0
140416000,8311934,8310910,8257662,7995448,262212,56,0,8,16384,32,2621464,3944480,33863,2139095040,0,0,0,0,0,0,0,0,1,1,0,1,1,0,0,0,0,0,0,0,0,0,0,0,0,0,0
140956000,8311934,8310910,8257662,7995448,262212,56,0,8,16384,32,2621464,3944480,33863,2139095040,0,0,0,0,0,0,0,0,1,1,0,1,1,0,0,0,0,0,0,0,0,0,0,0,0,0,0
141496000,8311934,8310910,8257662,7995448,262212,56,0,8,16384,32,2621464,3944480,33863,2139095040,0,0,0,0,0,0,0,0,1,1,0,1,1,0,0,0,0,0,0,0,0,0,0,0,0,0,0
142036000,8311934,8310910,8257662,7995448,262212,56,0,8,16384,32,2621464,3944480,33863,2139095040,0,0,0,0,0,0,0,0,1,1,0,1,1,0,0,0,0,0,0,0,0,0,0,0,0,0,0
142576000,8311934,8310910,8257662,7995448,262212,56,0,8,16384,32,2621464,3944480,33863,2139095040,0,0,0,0,0,0,0,0,1,1,0,1,1,0,0,0,0,0,0,0,0,0,0,0,0,0,0
143116000,8311934,8310910,8257662,7995448,262212,56,0,8,16384,32,2621464,3944480,33863,2139095040,0,0,0,0,0,0,0,0,1,1,0,1,1,0,0,0,0,0,0,0,0,0,0,0,0,0,0
143656000,8311934,8310910,8257662,7995448,262212,56,0,8,16384,32,2621464,3944480,33863,2139095040,0,0,0,0,0,0,0,0,1,1,0,1,1,0,0,0,0,0,0,0,0,0,0,0,0,0,0
144196000,8311934,8310910,8257662,7995448,262212,56,0,8,16384,32,2621464,3944480,33863,2139095040,0,0,0,0,0,0,0,0,1,1,0,1,1,0,0,0,0,0,0,0,0,0,0,0,0,0,0
144736000,8311934,8310910,8257662,7995448,262212,56,0,8,16384,32,2621464,3944480,33863,2139095040,0,0,0,0,0,0,0,0,1,1,0,1,1,0,0,0,0,0,0,0,0,0,0,0,0,0,0
145276000,8311934,8310910,8257662,7995448,262212,56,0,8,16384,32,2621464,3944480,33863,2139095040,0,0,0,0,0,0,0,0,1,1,0,1,1,0,0,0,0,0,0,0,0,0,0,0,0,0,0
145816000,8311934,8310910,8257662,7995448,262212,56,0,8,16384,32,2621464,3944480,33863,2139095040,0,0,0,0,0,0,0,0,1,1,0,1,1,0,0,0,0,0,0,0,0,0,0,0,0,0,0
146356000,8311934,8310910,8257662,7995448,262212,56,0,8,16384,32,2621464,3944480,33863,2139095040,0,0,0,0,0,0,0,0,1,1,0,1,1,0,0,0,0,0,0,0,0,0,0,0,0,0,0
146896000,8311934,8310910,8257662,7995448,262212,56,0,8,16384,32,2621464,3944480,33863,2139095040,0,0,0,0,0,0,0,0,1,1,0,1,1,0,0,0,0,0,0,0,0,0,0,0,0,0,0
147436000,8311934,8310910,8257662,7995448,262212,56,0,8,16384,32,2621464,3944480,33863,2139095040,0,0,0,0,0,0,0,0,1,1,0,1,1,0,0,0,0,0,0,0,0,0,0,0,0,0,0
147976000,8311934,8310910,8257662,7995448,262212,56,0,8,16384,32,2621464,3944480,33863,2139095040,0,0,0,0,0,0,0,0,1,1,0,1,1,0,0,0,0,0,0,0,0,0,0,0,0,0,0
148516000,8311934,8310910,8257662,7995448,262212,56,0,8,16384,32,2621464,3944480,33863,2139095040,0,0,0,0,0,0,0,0,1,1,0,1,1,0,0,0,0,0,0,0,0,0,0,0,0,0,0
149056000,8311934,8310910,8257662,7995448,262212,56,0,8,16384,32,2621464,3944480,33863,2139095040,0,0,0,0,0,0,0,0,1,1,0,1,1,0,0,0,0,0,0,0,0,0,0,0,0,0,0
149596000,8311934,8310910,8257662,7995448,262212,56,0,8,16384,32,2621464,3944480,33863,2139095040,0,0,0,0,0,0,0,0,1,1,0,1,1,0,0,0,0,0,0,0,0,0,0,0,0,0,0
150136000,8311934,8310910,8257662,7995448,262212,56,0,8,16384,32,2621464,3944480,33863,2139095040,0,0,0,0,0,0,0,0,1,1,0,1,1,0,0,0,0,0,0,0,0,0,0,0,0,0,0
150676000,8311934,8310910,8257662,7995448,262212,56,0,8,16384,32,2621464,3944480,33863,2139095040,0,0,0,0,0,0,0,0,1,1,0,1,1,0,0,0,0,0,0,0,0,0,0,0,0,0,0
151216000,8311934,8310910,8257662,7995448,262212,56,0,8,16384,32,2621464,3944480,33863,2139095040,0,0,0,0,0,0,0,0,1,1,0,1,1,0,0,0,0,0,0,0,0,0,0,0,0,0,0
151756000,8311934,8310910,8257662,7995448,262212,56,0,8,16384,32,2621464,3944480,33863,2139095040,0,0,0,0,0,0,0,0,1,1,0,1,1,0,0,0,0,0,0,0,0,0,0,0,0,0,0
152296000,8311934,8310910,8257662,7995448,262212,56,0,8,16384,32,2621464,3944480,33863,2139095040,0,0,0,0,0,0,0,0,1,1,0,1,1,0,0,0,0,0,0,0,0,0,0,0,0,0,0
152836000,8311934,8310910,8257662,7995448,262212,56,0,8,16384,32,2621464,3944480,33863,2139095040,0,0,0,0,0,0,0,0,1,1,0,1,1,0,0,0,0,0,0,0,0,0,0,0,0,0,0
153376000,8311934,8310910,8257662,7995448,262212,56,0,8,16384,32,2621464,3944480,33863,2139095040,0,0,0,0,0,0,0,0,1,1,0,1,1,0,0,0,0,0,0,0,0,0,0,0,0,0,0
153916000,8311934,8310910,8257662,7995448,262212,56,0,8,16384,32,2621464,3944480,33863,2139095040,0,0,0,0,0,0,0,0,1,1,0,1,1,0,0,0,0,0,0,0,0,0,0,0,0,0,0
154456000,8311934,8310910,8257662,7995448,262212,56,0,8,16384,32,2621464,3944480,33863,2139095040,0,0,0,0,0,0,0,0,1,1,0,1,1,0,0,0,0,0,0,0,0,0,0,0,0,0,0
154996000,8311934,8310910,8257662,7995448,262212,56,0,8,16384,32,2621464,3944480,33863,2139095040,0,0,0,0,0,0,0,0,1,1,0,1,1,0,0,0,0,0,0,0,0,0,0,0,0,0,0
155536000,8311934,8310910,8257662,7995448,262212,56,0,8,16384,32,2621464,3944480,33863,2139095040,0,0,0,0,0,0,0,0,1,1,0,1,1,0,0,0,0,0,0,0,0,0,0,0,0,0,0
156076000,8311934,8310910,8257662,7995448,262212,56,0,8,16384,32,2621464,3944480,33863,2139095040,0,0,0,0,0,0,0,0,1,1,0,1,1,0,0,0,0,0,0,0,0,0,0,0,0,0,0
156616000,8311934,8310910,8257662,7995448,262212,56,0,8,16384,32,2621464,3944480,33863,2139095040,0,0,0,0,0,0,0,0,1,1,0,1,1,0,0,0,0,0,0,0,0,0,0,0,0,0,0
157156000,8311934,8310910,8257662,7995448,262212,56,0,8,16384,32,2621464,3944480,33863,2139095040,0,0,0,0,0,0,0,0,1,1,0,1,1,0,0,0,0,0,0,0,0,0,0,0,0,0,0
157696000,8311934,8310910,8257662,7995448,262212,56,0,8,16384,32,2621464,3944480,33863,2139095040,0,0,0,0,0,0,0,0,1,1,0,1,1,0,0,0,0,0,0,0,0,0,0,0,0,0,0
158236000,8311934,8310910,8257662,7995448,262212,56,0,8,16384,32,2621464,3944480,33863,2139095040,0,0,0,0,0,0,0,0,1,1,0,1,1,0,0,0,0,0,0,0,0,0,0,0,0,0,0
158776000,8311934,8310910,8257662,7995448,262212,56,0,8,16384,32,2621464,3944480,33863,2139095040,0,0,0,0,0,0,0,0,1,1,0,1,1,0,0,0,0,0,0,0,0,0,0,0,0,0,0
159316000,8311934,8310910,8257662,7995448,262212,56,0,8,16384,32,2621464,3944480,33863,2139095040,0,0,0,0,0,0,0,0,1,1,0,1,1,0,0,0,0,0,0,0,0,0,0,0,0,0,0
159856000,8311934,8310910,8257662,7995448,262212,56,0,8,16384,32,2621464,3944480,33863,2139095040,0,0,0,0,0,0,0,0,1,1,0,1,1,0,0,0,0,0,0,0,0,0,0,0,0,0,0
160396000,8311934,8310910,8257662,7995448,262212,56,0,8,16384,32,2621464,3944480,33863,2139095040,0,0,0,0,0,0,0,0,1,1,0,1,1,0,0,0,0,0,0,0,0,0,0,0,0,0,0
160936000,8311934,8310910,8257662,7995448,262212,56,0,8,16384,32,2621464,3944480,33863,2139095040,0,0,0,0,0,0,0,0,1,1,0,1,1,0,0,0,0,0,0,0,0,0,0,0,0,0,0
161476000,8311934,8310910,8257662,7995448,262212,56,0,8,16384,32,2621464,3944480,33863,2139095040,0,0,0,0,0,0,0,0,1,1,0,1,1,0,0,0,0,0,0,0,0,0,0,0,0,0,0
162016000,8311934,8310910,8257662,7995448,262212,56,0,8,16384,32,2621464,3944480,33863,2139095040,0,0,0,0,0,0,0,0,1,1,0,1,1,0,0,0,0,0,0,0,0,0,0,0,0,0,0
162556000,8311934,8310910,8257662,7995448,262212,56,0,8,16384,32,2621464,3944480,33863,2139095040,0,0,0,0,0,0,0,0,1,1,0,1,1,0,0,0,0,0,0,0,0,0,0,0,0,0,0
163096000,8311934,8310910,8257662,7995448,262212,56,0,8,16384,32,2621464,3944480,33863,2139095040,0,0,0,0,0,0,0,0,1,1,0,1,1,0,0,0,0,0,0,0,0,0,0,0,0,0,0
163636000,8311934,8310910,8257662,7995448,262212,56,0,8,16384,32,2621464,3944480,33863,2139095040,0,0,0,0,0,0,0,0,1,1,0,1,1,0,0,0,0,0,0,0,0,0,0,0,0,0,0
164176000,8311934,8310910,8257662,7995448,262212,56,0,8,16384,32,2621464,3944480,33863,2139095040,0,0,0,0,0,0,0,0,1,1,0,1,1,0,0,0,0,0,0,0,0,0,0,0,0,0,0
164716000,8311934,8310910,8257662,7995448,262212,56,0,8,16384,32,2621464,3944480,33863,2139095040,0,0,0,0,0,0,0,0,1,1,0,1,1,0,0,0,0,0,0,0,0,0,0,0,0,0,0
165256000,8311934,8310910,8257662,7995448,262212,56,0,8,16384,32,2621464,3944480,33863,2139095040,0,0,0,0,0,0,0,0,1,1,0,1,1,0,0,0,0,0,0,0,0,0,0,0,0,0,0
165796000,8311934,8310910,8257662,7995448,262212,56,0,8,16384,32,2621464,3944480,33863,2139095040,0,0,0,0,0,0,0,0,1,1,0,1,1,0,0,0,0,0,0,0,0,0,0,0,0,0,0
166336000,8311934,8310910,8257662,7995448,262212,56,0,8,16384,32,2621464,3944480,33863,2139095040,0,0,0,0,0,0,0,0,1,1,0,1,1,0,0,0,0,0,0,0,0,0,0,0,0,0,0
166876000,8311934,8310910,8257662,7995448,262212,56,0,8,16384,32,2621464,3944480,33863,2139095040,0,0,0,0,0,0,0,0,1,1,0,1,1,0,0,0,0,0,0,0,0,0,0,0,0,0,0
167416000,8311934,8310910,8257662,7995448,262212,56,0,8,16384,32,2621464,3944480,33863,2139095040,0,0,0,0,0,0,0,0,1,1,0,1,1,0,0,0,0,0,0,0,0,0,0,0,0,0,0
167956000,8311934,8310910,8257662,7995448,262212,56,0,8,16384,32,2621464,3944480,33863,2139095040,0,0,0,0,0,0,0,0,1,1,0,1,1,0,0,0,0,0,0,0,0,0,0,0,0,0,0
168496000,8311934,8310910,8257662,7995448,262212,56,0,8,16384,32,2621464,3944480,33863,2139095040,0,0,0,0,0,0,0,0,1,1,0,1,1,0,0,0,0,0,0,0,0,0,0,0,0,0,0
169036000,8311934,8310910,8257662,7995448,262212,56,0,8,16384,32,2621464,3944480,33863,2139095040,0,0,0,0,0,0,0,0,1,1,0,1,1,0,0,0,0,0,0,0,0,0,0,0,0,0,0
169576000,8311934,8310910,8257662,7995448,262212,56,0,8,16384,32,2621464,3944480,33863,2139095040,0,0,0,0,0,0,0,0,1,1,0,1,1,0,0,0,0,0,0,0,0,0,0,0,0,0,0
170116000,8311934,8310910,8257662,7995448,262212,56,0,8,16384,32,2621464,3944480,33863,2139095040,0,0,0,0,0,0,0,0,1,1,0,1,1,0,0,0,0,0,0,0,0,0,0,0,0,0,0
170656000,8311934,8310910,8257662,7995448,262212,56,0,8,16384,32,2621464,3944480,33863,2139095040,0,0,0,0,0,0,0,0,1,1,0,1,1,0,0,0,0,0,0,0,0,0,0,0,0,0,0
171196000,8311934,8310910,8257662,7995448,262212,56,0,8,16384,32,2621464,3944480,33863,2139095040,0,0,0,0,0,0,0,0,1,1,0,1,1,0,0,0,0,0,0,0,0,0,0,0,0,0,0
171736000,8311934,8310910,8257662,7995448,262212,56,0,8,16384,32,2621464,3944480,33863,2139095040,0,0,0,0,0,0,0,0,1,1,0,1,1,0,0,0,0,0,0,0,0,0,0,0,0,0,0
172276000,8311934,8310910,8257662,7995448,262212,56,0,8,16384,32,2621464,3944480,33863,2139095040,0,0,0,0,0,0,0,0,1,1,0,1,1,0,0,0,0,0,0,0,0,0,0,0,0,0,0
172816000,8311934,8310910,8257662,7995448,262212,56,0,8,16384,32,2621464,3944480,33863,2139095040,0,0,0,0,0,0,0,0,1,1,0,1,1,0,0,0,0,0,0,0,0,0,0,0,0,0,0
173356000,8311934,8310910,8257662,7995448,262212,56,0,8,16384,32,2621464,3944480,33863,2139095040,0,0,0,0,0,0,0,0,1,1,0,1,1,0,0,0,0,0,0,0,0,0,0,0,0,0,0
173896000,8311934,8310910,8257662,7995448,262212,56,0,8,16384,32,2621464,3944480,33863,2139095040,0,0,0,0,0,0,0,0,1,1,0,1,1,0,0,0,0,0,0,0,0,0,0,0,0,0,0
174436000,8311934,8310910,8257662,7995448,262212,56,0,8,16384,32,2621464,3944480,33863,2139095040,0,0,0,0,0,0,0,0,1,1,0,1,1,0,0,0,0,0,0,0,0,0,0,0,0,0,0
174976000,8311934,8310910,8257662,7995448,262212,56,0,8,16384,32,2621464,3944480,33863,2139095040,0,0,0,0,0,0,0,0,1,1,0,1,1,0,0,0,0,0,0,0,0,0,0,0,0,0,0
175516000,8311934,8310910,8257662,7995448,262212,56,0,8,16384,32,2621464,3944480,33863,2139095040,0,0,0,0,0,0,0,0,1,1,0,1,1,0,0,0,0,0,0,0,0,0,0,0,0,0,0
176056000,8311934,8310910,8257662,7995448,262212,56,0,8,16384,32,2621464,3944480,33863,2139095040,0,0,0,0,0,0,0,0,1,1,0,1,1,0,0,0,0,0,0,0,0,0,0,0,0,0,0
176596000,8311934,8310910,8257662,7995448,262212,56,0,8,16384,32,2621464,3944480,33863,2139095040,0,0,0,0,0,0,0,0,1,1,0,1,1,0,0,0,0,0,0,0,0,0,0,0,0,0,0
177136000,8311934,8310910,8257662,7995448,262212,56,0,8,16384,32,2621464,3944480,33863,2139095040,0,0,0,0,0,0,0,0,1,1,0,1,1,0,0,0,0,0,0,0,0,0,0,0,0,0,0
177676000,8311934,8310910,8257662,7995448,262212,56,0,8,16384,32,2621464,3944480,33863,2139095040,0,0,0,0,0,0,0,0,1,1,0,1,1,0,0,0,0,0,0,0,0,0,0,0,0,0,0
178216000,8311934,8310910,8257662,7995448,262212,56,0,8,16384,32,2621464,3944480,33863,2139095040,0,0,0,0,0,0,0,0,1,1,0,1,1,0,0,0,0,0,0,0,0,0,0,0,0,0,0
178756000,8311934,8310910,8257662,7995448,262212,56,0,8,16384,32,2621464,3944480,33863,2139095040,0,0,0,0,0,0,0,0,1,1,0,1,1,0,0,0,0,0,0,0,0,0,0,0,0,0,0
179296000,8311934,8310910,8257662,7995448,262212,56,0,8,16384,32,2621464,3944480,33863,2139095040,0,0,0,0,0,0,0,0,1,1,0,1,1,0,0,0,0,0,0,0,0,0,0,0,0,0,0
179836000,8311934,8310910,8257662,7995448,262212,56,0,8,16384,32,2621464,3944480,33863,2139095040,0,0,0,0,0,0,0,0,1,1,0,1,1,0,0,0,0,0,0,0,0,0,0,0,0,0,0
180376000,8311934,8310910,8257662,7995448,262212,56,0,8,16384,32,2621464,3944480,33863,2139095040,0,0,0,0,0,0,0,0,1,1,0,1,1,0,0,0,0,0,0,0,0,0,0,0,0,0,0
180916000,8311934,8310910,8257662,7995448,262212,56,0,8,16384,32,2621464,3944480,33863,2139095040,0,0,0,0,0,0,0,0,1,1,0,1,1,0,0,0,0,0,0,0,0,0,0,0,0,0,0
