timestamp,timestamp_sample,time_last_fuse,device_id,observation,observation_variance,innovation,innovation_filtered,innovation_variance,test_ratio,test_ratio_filtered,estimator_instance,innovation_rejected,fused
625256000,625104000,625104000,0,-488.09763,12.369782,0.03137207,0.024398593,12.449396,3.1622637e-06,3.9218025e-06,0,0,1
625328000,625176000,625176000,0,-488.03632,12.369847,-0.029327393,0.017635882,12.450907,2.7631593e-06,3.080339e-06,0,0,1
625400000,625248000,625248000,0,-488.1258,12.36991,0.061157227,0.023114093,12.452437,1.2014375e-05,4.204903e-06,0,0,1
625472000,625320000,625320000,0,-488.04538,12.369972,-0.018981934,0.017815292,12.453988,1.157264e-06,3.5299447e-06,0,0,1
625544000,625392000,625392000,0,-488.13477,12.370033,0.07107544,0.024519365,12.45556,1.6223174e-05,5.127694e-06,0,0,1
625616000,625464000,625464000,0,-488.08243,12.370093,0.016082764,0.023457415,12.456082,8.306152e-07,4.586803e-06,0,0,1
625688000,625534666,625536000,0,-488.09167,12.370152,0.022766113,0.02337181,12.450769,1.665105e-06,4.2250067e-06,0,0,1
625752000,625596000,625600000,0,-488.09146,12.370074,0.023132324,0.023345644,12.451927,1.7189449e-06,3.9511824e-06,0,0,1
625808000,625653333,625656000,0,-488.1053,12.369863,0.03744507,0.024796056,12.452741,4.503854e-06,4.008036e-06,0,0,1
625880000,625725333,625728000,0,-488.08148,12.3699255,0.014404297,0.023488002,12.454296,6.663846e-07,3.5874084e-06,0,0,1
625944000,625786000,625792000,0,-488.13297,12.369853,0.06655884,0.028148483,12.4555025,1.4226897e-05,4.7386548e-06,0,0,1
626000000,625845333,625848000,0,-488.0854,12.369646,0.019073486,0.027185826,12.456351,1.1682325e-06,4.359911e-06,0,0,1
626064000,625908000,625912000,0,-488.0899,12.369578,0.018981934,0.026272118,12.449648,1.1576674e-06,4.0032614e-06,0,0,1
626120000,625968000,625968000,0,-488.05215,12.369376,-0.018463135,0.021479055,12.450454,1.0951804e-06,3.4569998e-06,0,0,1
626192000,626040000,626040000,0,-488.05234,12.369449,-0.017700195,0.016547402,12.451992,1.0064153e-06,2.8951713e-06,0,0,1
626264000,626112000,626112000,0,-487.94922,12.369519,-0.120147705,-0.0006589722,12.45355,4.6365803e-05,-3.3055107e-06,0,0,1
626336000,626181333,626184000,0,-488.03018,12.369589,-0.03781128,-0.0051833554,12.455128,4.5914994e-06,-3.4621175e-06,0,0,1
626408000,626254666,626256000,0,-488.04932,12.3696575,-0.017852783,-0.006803857,12.456725,1.0234531e-06,-3.1501966e-06,0,0,1
626472000,626316000,626320000,0,-488.10114,12.36959,0.031707764,-0.0025958964,12.449979,3.2301493e-06,-2.45305e-06,0,0,1
626528000,626374666,626376000,0,-488.0633,12.369388,-0.005859375,-0.002938597,12.450788,1.1029752e-07,-2.2070355e-06,0,0,1
626592000,626436000,626440000,0,-488.09152,12.369324,0.023010254,-0.000103303464,12.451967,1.7008454e-06,-1.7800421e-06,0,0,1
626648000,626496000,626496000,0,-488.11475,12.369127,0.04650879,0.004890849,12.452801,6.9480516e-06,-8.448893e-07,0,0,1
626720000,626568000,626568000,0,-488.04388,12.3692045,-0.024414062,0.001202119,12.454381,1.914335e-06,-9.795049e-07,0,0,1
626792000,626638666,626640000,0,-488.12866,12.36928,0.060516357,0.008547045,12.455979,1.1760551e-05,5.981059e-07,0,0,1
626864000,626710666,626712000,0,-488.15155,12.369354,0.0796814,0.017501019,12.449618,2.039942e-05,3.090579e-06,0,0,1
626936000,626782666,626784000,0,-488.08505,12.369427,0.012664795,0.016892264,12.451141,5.1528457e-07,2.766416e-06,0,0,1
627008000,626854666,626856000,0,-488.05676,12.369498,-0.01574707,0.012783816,12.452685,7.9651966e-07,2.3179346e-06,0,0,1
627072000,626916000,626920000,0,-488.09448,12.369433,0.022064209,0.013797835,12.453883,1.5636226e-06,2.2355148e-06,0,0,1
627128000,626974666,626976000,0,-488.0379,12.369234,-0.034606934,0.008714808,12.454728,3.846378e-06,1.5968499e-06,0,0,1
627200000,627048000,627048000,0,-488.16968,12.369309,0.097595215,0.020083323,12.456329,3.05863e-05,5.304832e-06,0,0,1
627272000,627118666,627120000,0,-488.09833,12.369384,0.02053833,0.020139666,12.449933,1.3552619e-06,4.815754e-06,0,0,1
627344000,627190666,627192000,0,-488.07935,12.369455,0.0017089844,0.017819721,12.451458,9.382444e-09,4.2107563e-06,0,0,1
627416000,627264000,627264000,0,-488.1028,12.369526,0.02545166,0.018795907,12.453004,2.0807413e-06,3.9383103e-06,0,0,1
627488000,627334666,627336000,0,-488.01337,12.369596,-0.0,0.008543802,12.45457,1.3153103e-05,1.8218677e-06,0,0,1
627560000,627406666,627408000,0,-488.05154,12.369664,-0.0,0.004218557,12.456156,2.1405078e-06,1.3231072e-06,0,0,1
627632000,627478666,627480000,0,-488.09406,12.369732,0.013824463,0.005427692,12.449753,6.1403875e-07,1.2338538e-06,0,0,1
627696000,627538000,627544000,0,-488.07513,12.369661,-0.0,0.004275685,12.450905,9.479801e-08,1.0929108e-06,0,0,1
627752000,627600000,627600000,0,-488.0517,12.369458,-0.0,0.00059551746,12.451716,2.7171693e-06,6.725817e-07,0,0,1
627824000,627672000,627672000,0,-488.11304,12.369529,0.031799316,0.004523268,12.453264,3.2479727e-06,9.967567e-07,0,0,1
627896000,627744000,627744000,0,-488.00943,12.369598,-0.0,-0.0051501486,12.454832,1.6800373e-05,-1.2434413e-06,0,0,1
627968000,627816000,627816000,0,-488.08524,12.369666,0.0032043457,-0.004098534,12.456419,3.2972018e-08,-1.0827739e-06,0,0,1
628040000,627886666,627888000,0,-487.9819,12.369734,-0.0,-0.016156234,12.44999,3.308068e-05,-5.0450985e-06,0,0,1
628112000,627960000,627960000,0,-488.0392,12.369799,-0.0,-0.019804362,12.451501,6.412399e-06,-5.219987e-06,0,0,1
628184000,628032000,628032000,0,-487.9927,12.3698635,-0.0,-0.028824102,12.4530325,2.6869433e-05,-7.945092e-06,0,0,1
628256000,628102666,628104000,0,-488.04053,12.369926,-0.0,-0.030696573,12.454584,6.2023446e-06,-7.729286e-06,0,0,1
628328000,628176000,628176000,0,-488.14896,12.369988,0.06414795,-0.0185652,12.456156,1.32142195e-05,-5.050444e-06,0,0,1
628400000,628248000,628248000,0,-488.04504,12.370049,-0.0,-0.021356555,12.4577465,5.3294593e-06,-5.0855647e-06,0,0,1
628472000,628318666,628320000,0,-488.0736,12.37011,-0.0,-0.020472977,12.451224,6.497105e-07,-4.5362694e-06,0,0,1
628544000,628392000,628392000,0,-488.07843,12.370168,-0.0,-0.019107325,12.452739,3.0825157e-07,-3.995472e-06,0,0,1
628616000,628462666,628464000,0,-488.0269,12.370224,-0.0,-0.024378639,12.454272,1.2217276e-05,-5.013584e-06,0,0,1
628688000,628536000,628536000,0,-488.08853,12.37028,-0.0,-0.02129945,12.455828,2.9908012e-10,-4.372345e-06,0,0,1
628760000,628606666,628608000,0,-488.0228,12.370336,-0.0,-0.02687372,12.457402,1.41205655e-05,-5.5794744e-06,0,0,1
628832000,628677333,628680000,0,-488.10794,12.37039,0.019714355,-0.021104613,12.450891,1.248604e-06,-4.733938e-06,0,0,1
628904000,628752000,628752000,0,-487.91995,12.370443,-0.0,-0.040278003,12.452389,9.138741e-05,-1.59929e-05,0,0,1
628976000,628824000,628824000,0,-488.12817,12.370495,0.03942871,-0.030244991,12.453907,4.9932064e-06,-1.3351293e-05,0,0,1
629048000,628896000,628896000,0,-488.07614,12.370545,-0.0,-0.028058989,12.455444,5.326302e-07,-1.1737755e-05,0,0,1
629120000,628968000,628968000,0,-488.10913,12.370596,0.020111084,-0.021995623,12.457004,1.2987256e-06,-1.0096799e-05,0,0,1
629192000,629040000,629040000,0,-488.0338,12.3706455,-0.0,-0.026195195,12.458582,9.839343e-06,-1.0064392e-05,0,0,1
629264000,629112000,629112000,0,-488.02496,12.370694,-0.0,-0.03130282,12.451991,1.4322405e-05,-1.0600365e-05,0,0,1
629336000,629184000,629184000,0,-487.98334,12.370741,-0.0,-0.04097259,12.453492,3.7550115e-05,-1.39926415e-05,0,0,1
629408000,629256000,629256000,0,-487.99377,12.370787,-0.0,-0.048076864,12.455014,3.0474856e-05,-1.6067326e-05,0,0,1
629480000,629328000,629328000,0,-488.0229,12.370832,-0.0,-0.050587654,12.456557,1.4858748e-05,-1.5915197e-05,0,0,1
629552000,629397333,629400000,0,-488.15033,12.370877,0.059692383,-0.037157822,12.458119,1.1440509e-05,-1.2583837e-05,0,0,1
629624000,629469333,629472000,0,-487.9901,12.370921,-0.0,-0.04538763,12.4515505,3.377655e-05,-1.525145e-05,0,0,1
629688000,629532000,629536000,0,-487.90662,12.370829,-0.0,-0.061079428,12.45268,0.00011146188,-2.5966881e-05,0,0,1
629744000,629590666,629592000,0,-488.04926,12.370603,-0.0,-0.059270546,12.453466,6.1770825e-06,-2.3888737e-05,0,0,1
629816000,629662666,629664000,0,-488.12482,12.370651,0.031433105,-0.047853306,12.45499,3.1731543e-06,-2.0482345e-05,0,0,1
629888000,629734666,629736000,0,-488.08694,12.370699,-0.0,-0.04270949,12.456536,1.5683167e-07,-1.7923889e-05,0,0,1
629952000,629796000,629800000,0,-488.15744,12.370611,0.0630188,-0.031157117,12.457728,1.2751503e-05,-1.4572151e-05,0,0,1
630008000,629856000,629856000,0,-488.0911,12.37039,-0.0,-0.02826681,12.458561,5.612203e-08,-1.3016862e-05,0,0,1
630080000,629928000,629928000,0,-488.1193,12.370443,0.026763916,-0.021339865,12.451972,2.3010243e-06,-1.1088737e-05,0,0,1
630152000,630000000,630000000,0,-488.0486,12.370495,-0.0,-0.024319755,12.453479,6.508089e-06,-1.0512152e-05,0,0,1
630224000,630070666,630072000,0,-488.14294,12.370546,0.047027588,-0.0154847605,12.455008,7.102666e-06,-8.330896e-06,0,0,1
630296000,630144000,630144000,0,-488.11432,12.370596,0.012908936,-0.01185298,12.456555,5.351098e-07,-7.196863e-06,0,0,1
630368000,630216000,630216000,0,-488.10013,12.3706455,-0.0,-0.01165938,12.458123,3.4161812e-07,-6.333965e-06,0,0,1
630440000,630288000,630288000,0,-488.05325,12.370694,-0.0,-0.01820487,12.451555,1.3018625e-05,-7.1753907e-06,0,0,1
630512000,630360000,630360000,0,-488.19946,12.370741,0.064697266,-0.007769637,12.453047,1.3444858e-05,-4.579835e-06,0,0,1
630584000,630432000,630432000,0,-488.18002,12.370787,0.022033691,-0.004018169,12.454558,1.5592157e-06,-3.8070875e-06,0,0,1
630656000,630504000,630504000,0,-488.1845,12.370832,-0.0,-0.0036660405,12.456091,4.7851803e-09,-3.328476e-06,0,0,1
630728000,630576000,630576000,0,-488.2643,12.370876,0.046173096,0.0026074168,12.457643,6.8454515e-06,-2.047842e-06,0,0,1
630800000,630646666,630648000,0,-488.2733,12.37092,0.017425537,0.0044423556,12.459214,9.748587e-07,-1.6735387e-06,0,0,1
630864000,630706000,630712000,0,-488.3623,12.370829,0.07998657,0.012456066,12.452223,2.0551677e-05,6.8410645e-07,0,0,1
630920000,630766666,630768000,0,-488.32397,12.370603,0.00579834,0.011735677,12.453002,1.0799242e-07,6.2176895e-07,0,0,1
630984000,630828000,630832000,0,-488.36618,12.370516,0.0051574707,0.011016911,12.454156,8.543173e-08,5.631662e-07,0,0,1
631040000,630886666,630888000,0,-488.46002,12.3702965,0.060424805,0.016205277,12.454962,1.17259515e-05,1.73538e-06,0,0,1
631112000,630958666,630960000,0,-488.46884,12.370351,0.018188477,0.01645491,12.456515,1.0623218e-06,1.6506594e-06,0,0,1
631176000,631020000,631024000,0,-488.53436,12.37027,0.037322998,0.018735057,12.457717,4.4727494e-06,1.9590143e-06,0,0,1
631232000,631078666,631080000,0,-488.44952,12.370055,-0.0,0.008272072,12.450476,2.1027789e-05,-4.5484967e-07,0,0,1
631304000,631152000,631152000,0,-488.7179,12.370114,0.13458252,0.024428189,12.451972,5.818341e-05,7.045452e-06,0,0,1
631376000,631224000,631224000,0,-488.5523,12.3701725,-0.0,0.010616674,12.453489,2.33686e-05,3.2171101e-06,0,0,1
631448000,631294666,631296000,0,-488.74564,12.37023,0.05404663,0.015994638,12.455027,9.381074e-06,3.9803986e-06,0,0,1
631520000,631366666,631368000,0,-488.7686,12.370286,0.022125244,0.016766323,12.456584,1.5719443e-06,3.6772365e-06,0,0,1
631584000,631428000,631432000,0,-488.93268,12.370206,0.13717651,0.029922906,12.4577875,6.0419698e-05,9.877185e-06,0,0,1
631640000,631488000,631488000,0,-488.75293,12.369992,-0.0,0.018042259,12.4505415,2.1059417e-05,6.56255e-06,0,0,1
631712000,631558666,631560000,0,-488.9744,12.370053,0.08502197,0.026336407,12.452042,2.3221048e-05,8.625384e-06,0,0,1
631776000,631620000,631624000,0,-488.91254,12.369977,-0.0,0.020517744,12.453201,2.3271068e-06,7.428663e-06,0,0,1
631832000,631678666,631680000,0,-489.01608,12.369767,0.033050537,0.021833824,12.454014,3.5083885e-06,7.0169917e-06,0,0,1
631904000,631750666,631752000,0,-489.0533,12.369832,0.013824463,0.020825652,12.455573,6.1375187e-07,6.2109893e-06,0,0,1
631968000,631812000,631816000,0,-489.0673,12.369761,-0.0,0.016089287,12.456781,1.6287972e-06,5.354377e-06,0,0,1
632024000,631872000,631872000,0,-489.19897,12.369556,0.06869507,0.021725621,12.449604,1.5161967e-05,6.40519e-06,0,0,1
632096000,631942666,631944000,0,-489.20767,12.369625,0.020385742,0.021559702,12.451105,1.3350734e-06,5.7773536e-06,0,0,1
632160000,632004000,632008000,0,-489.28262,12.369557,0.045135498,0.024135705,12.452269,6.544071e-06,5.8611286e-06,0,0,1
632216000,632064000,632064000,0,-489.28687,12.369355,0.0051574707,0.022102322,12.453085,8.543908e-08,5.2423047e-06,0,0,1
632288000,632136000,632136000,0,-489.3948,12.369429,0.05682373,0.026472848,12.454647,1.0370221e-05,5.8877768e-06,0,0,1
632360000,632208000,632208000,0,-489.4647,12.3695,0.07046509,0.03201033,12.456227,1.5944888e-05,7.153707e-06,0,0,1
632432000,632278666,632280000,0,-489.3889,12.369571,-0.0,0.020609368,12.449788,1.1589064e-05,4.8327756e-06,0,0,1
632496000,632340000,632344000,0,-489.53033,12.369504,0.032073975,0.021862045,12.450937,3.3049394e-06,4.665837e-06,0,0,1
632552000,632398666,632400000,0,-489.56757,12.369303,0.026153564,0.0223127,12.451744,2.1973112e-06,4.406615e-06,0,0,1
632624000,632472000,632472000,0,-489.60016,12.369377,0.0038757324,0.019954465,12.453289,4.8248467e-08,3.8491453e-06,0,0,1
632696000,632542666,632544000,0,-489.67526,12.36945,0.02468872,0.020540712,12.454852,1.9575757e-06,3.6149108e-06,0,0,1
632768000,632614666,632616000,0,-489.72195,12.36952,0.017547607,0.020163957,12.456434,9.887855e-07,3.2843495e-06,0,0,1
632840000,632686666,632688000,0,-489.7312,12.369591,-0.0,0.0146948695,12.449982,1.7419693e-06,2.6516661e-06,0,0,1
632912000,632760000,632760000,0,-489.82062,12.369658,0.01373291,0.014571827,12.4514885,6.058483e-07,2.3899897e-06,0,0,1
632984000,632830666,632832000,0,-489.89093,12.369725,0.032348633,0.016773142,12.453015,3.361223e-06,2.5102584e-06,0,0,1
633056000,632902666,632904000,0,-489.9939,12.369791,0.08428955,0.02527171,12.454563,2.2818074e-05,5.0664867e-06,0,0,1
633128000,632974666,632976000,0,-490.00717,12.369856,0.046966553,0.028002528,12.456131,7.083603e-06,5.3203894e-06,0,0,1
633200000,633048000,633048000,0,-489.9973,12.369919,-0.0,0.02282037,12.457717,5.026774e-07,4.575573e-06,0,0,1
633272000,633120000,633120000,0,-490.14767,12.369982,0.08963013,0.03122999,12.451181,2.5808184e-05,7.248209e-06,0,0,1
633344000,633190666,633192000,0,-490.21725,12.370042,0.11090088,0.041095696,12.452692,3.9506333e-05,1.1242757e-05,0,0,1
633416000,633262666,633264000,0,-490.13168,12.370102,-0.0,0.03314934,12.454224,1.5592575e-06,9.631314e-06,0,0,1
633488000,633336000,633336000,0,-490.23517,12.37016,0.03579712,0.033488013,12.455775,4.1151475e-06,8.925753e-06,0,0,1
633560000,633408000,633408000,0,-490.15033,12.370218,-0.0,0.017456675,12.457348,2.8294839e-05,4.2406436e-06,0,0,1
633632000,633478666,633480000,0,-490.31555,12.370275,0.03060913,0.019085353,12.450828,3.0099811e-06,4.0882496e-06,0,0,1
633704000,633550666,633552000,0,-490.33875,12.37033,0.011230469,0.018096626,12.452323,4.0514024e-07,3.6246415e-06,0,0,1
633776000,633622666,633624000,0,-490.33862,12.370383,-0.0,0.012023453,12.453837,2.919919e-06,2.8008508e-06,0,0,1
633848000,633696000,633696000,0,-490.44223,12.370437,0.03475952,0.014931577,12.455374,3.8801704e-06,2.9389043e-06,0,0,1
633920000,633766666,633768000,0,-490.48883,12.370489,0.046569824,0.018849365,12.45693,6.9639905e-06,3.4373338e-06,0,0,1
633992000,633838666,633840000,0,-490.51184,12.370541,0.04058838,0.021585744,12.458506,5.2892906e-06,3.6704473e-06,0,0,1
634064000,633912000,633912000,0,-490.52554,12.370591,0.022583008,0.021713302,12.451912,1.6382777e-06,3.4105167e-06,0,0,1
634136000,633984000,633984000,0,-490.5488,12.37064,0.028808594,0.022606416,12.453411,2.6657278e-06,3.316767e-06,0,0,1
634208000,634056000,634056000,0,-490.5955,12.3706875,0.061676025,0.027524268,12.454931,1.2216629e-05,4.4370295e-06,0,0,1
634280000,634126666,634128000,0,-490.5667,12.370735,0.020141602,0.026610067,12.456472,1.3027255e-06,4.0489062e-06,0,0,1
634352000,634198666,634200000,0,-490.63223,12.370782,0.0730896,0.032460637,12.458033,1.7152273e-05,5.698281e-06,0,0,1
634416000,634260000,634264000,0,-490.62686,12.370692,0.0602417,0.035496127,12.458146,1.1652014e-05,6.3488137e-06,0,0,1
634472000,634318666,634320000,0,-490.61215,12.370469,0.030517578,0.034973323,12.451887,2.9917476e-06,5.9962854e-06,0,0,1
634544000,634392000,634392000,0,-490.65414,12.370521,0.055999756,0.03766277,12.45339,1.0072672e-05,6.517688e-06,0,0,1
634616000,634464000,634464000,0,-490.5597,12.370571,-0.0,0.025926862,12.454914,9.918346e-06,4.4488165e-06,0,0,1
634688000,634536000,634536000,0,-490.64474,12.370621,0.012756348,0.024269035,12.456458,5.225383e-07,3.9546e-06,0,0,1
634760000,634608000,634608000,0,-490.62585,12.370669,-0.0,0.018379258,12.458021,1.628635e-06,3.251815e-06,0,0,1
634832000,634680000,634680000,0,-490.61197,12.370717,-0.0,0.009059121,12.451456,9.9538165e-06,1.5895678e-06,0,0,1
634904000,634752000,634752000,0,-490.59372,12.370764,-0.0,-0.0032903152,12.452944,2.5471742e-05,-1.8167507e-06,0,0,1
634976000,634824000,634824000,0,-490.71198,12.37081,0.014862061,-0.0010054009,12.454452,7.0940365e-07,-1.4987733e-06,0,0,1
635048000,634894666,634896000,0,-490.70242,12.370854,-0.0,-0.0024416344,12.448503,5.1043816e-07,-1.376387e-06,0,0,1
635120000,634966666,634968000,0,-490.71194,12.370898,-0.0,-0.0042124786,12.449943,8.7576444e-07,-1.3133715e-06,0,0,1
635184000,635028000,635032000,0,-490.74496,12.370806,0.005126953,-0.0031920085,12.451053,8.444474e-08,-1.1606395e-06,0,0,1
635240000,635088000,635088000,0,-490.6886,12.37058,-0.0,-0.00937314,12.451826,1.1907288e-05,-2.312066e-06,0,0,1
635312000,635160000,635160000,0,-490.7502,12.370629,-0.0,-0.0096069295,12.45333,4.0510747e-07,-2.0720292e-06,0,0,1
635384000,635232000,635232000,0,-490.77377,12.370677,0.00091552734,-0.008282425,12.454853,2.6919316e-09,-1.8108756e-06,0,0,1
635456000,635302666,635304000,0,-490.7221,12.370725,-0.0,-0.015060471,12.448838,1.276061e-05,-3.1667894e-06,0,0,1
635528000,635376000,635376000,0,-490.84012,12.37077,0.04473877,-0.007411671,12.450293,6.4305555e-06,-1.9392123e-06,0,0,1
635600000,635448000,635448000,0,-490.8162,12.370816,0.010559082,-0.0051496183,12.45177,3.5816342e-07,-1.6500322e-06,0,0,1
635672000,635520000,635520000,0,-490.69403,12.370861,-0.0,-0.019755507,12.453268,4.717116e-05,-7.3799642e-06,0,0,1
635744000,635592000,635592000,0,-490.883,12.370904,0.05871582,-0.009877998,12.454785,1.1072202e-05,-5.057314e-06,0,0,1
635816000,635664000,635664000,0,-490.82608,12.370948,-0.0,-0.009583433,12.456326,1.8245849e-07,-4.4436956e-06,0,0,1
635888000,635734666,635736000,0,-490.8074,12.37099,-0.0,-0.013271638,12.45018,4.9792493e-06,-4.5100137e-06,0,0,1
635960000,635808000,635808000,0,-490.85,12.371031,-0.0,-0.012354778,12.45165,1.196722e-07,-3.948454e-06,0,0,1
636032000,635878666,635880000,0,-490.7327,12.371071,-0.0,-0.02726737,12.45314,5.6631674e-05,-1.0472257e-05,0,0,1
636104000,635952000,635952000,0,-490.88425,12.371111,0.008972168,-0.022632044,12.454653,2.5853726e-07,-9.099702e-06,0,0,1
636176000,636024000,636024000,0,-490.81842,12.37115,-0.0,-0.028211229,12.456186,1.4396213e-05,-9.766396e-06,0,0,1
636248000,636094666,636096000,0,-490.84256,12.371188,-0.0,-0.030854931,12.450007,7.891555e-06,-9.534233e-06,0,0,1
636320000,636168000,636168000,0,-490.88528,12.371225,-0.0,-0.02909817,12.451468,9.415974e-07,-8.435166e-06,0,0,1
636392000,636240000,636240000,0,-490.9089,12.371263,-0.0,-0.025881063,12.452952,4.025351e-08,-7.3784636e-06,0,0,1
636464000,636309333,636312000,0,-490.8902,12.371298,-0.0,-0.026538605,12.454456,3.1425564e-06,-6.8626177e-06,0,0,1
636536000,636382666,636384000,0,-490.9046,12.371334,-0.0,-0.026337123,12.455983,2.001192e-06,-6.24081e-06,0,0,1
636608000,636456000,636456000,0,-490.93768,12.371368,0.0011901855,-0.022816159,12.457529,4.548387e-09,-5.441979e-06,0,0,1
636680000,636528000,636528000,0,-490.83908,12.371403,-0.0,-0.033154678,12.451233,3.5384423e-05,-9.210958e-06,0,0,1
636752000,636600000,636600000,0,-490.93872,12.371436,-0.0,-0.030302795,12.452707,3.540081e-07,-8.096097e-06,0,0,1
636824000,636670666,636672000,0,-490.99985,12.371469,0.046325684,-0.020813834,12.454205,6.8926734e-06,-6.2400263e-06,0,0,1
636896000,636741333,636744000,0,-490.9759,12.371501,0.018493652,-0.015946299,12.455724,1.098339e-06,-5.3312997e-06,0,0,1
636960000,636802000,636808000,0,-490.95694,12.371397,-0.0,-0.014547742,12.456895,2.931033e-08,-4.7575977e-06,0,0,1
637016000,636862666,636864000,0,-490.98514,12.3711605,0.020965576,-0.010705078,12.456657,1.4114713e-06,-4.090083e-06,0,0,1
637080000,636924000,636928000,0,-490.76428,12.371063,-0.0,-0.031616412,12.451037,0.00013119973,-1.7978684e-05,0,0,1
637136000,636982666,636984000,0,-490.93057,12.370832,-0.0,-0.032151572,12.451814,4.3297096e-06,-1.6545393e-05,0,0,1
637208000,637054666,637056000,0,-490.9591,12.370877,-0.0,-0.029195473,12.453324,2.4127456e-07,-1.4493126e-05,0,0,1
637272000,637116000,637120000,0,-490.70093,12.370785,-0.0,-0.055155586,12.454492,0.00022858918,-3.788627e-05,0,0,1
637328000,637176000,637176000,0,-490.9336,12.370561,-0.0,-0.052855853,12.45531,3.6453878e-06,-3.4217606e-05,0,0,1
637400000,637248000,637248000,0,-490.99026,12.37061,0.02407837,-0.043171827,12.456884,1.8616785e-06,-2.9676157e-05,0,0,1
637472000,637318666,637320000,0,-491.0135,12.370659,0.04699707,-0.032006145,12.450563,7.0959827e-06,-2.5122636e-05,0,0,1
637544000,637392000,637392000,0,-490.93793,12.370707,-0.0,-0.031308297,12.452064,2.2644217e-06,-2.2198887e-05,0,0,1
637616000,637464000,637464000,0,-490.97107,12.370753,0.009246826,-0.026203457,12.453588,2.7463184e-07,-1.9370053e-05,0,0,1
637688000,637536000,637536000,0,-490.99915,12.370799,0.039764404,-0.017899811,12.455133,5.0780923e-06,-1.6292664e-05,0,0,1
637760000,637606666,637608000,0,-490.89545,12.370844,-0.0,-0.023313094,12.456701,1.219073e-05,-1.5784719e-05,0,0,1
637832000,637680000,637680000,0,-490.93362,12.370889,-0.0,-0.023325102,12.450355,1.7602289e-06,-1.3990874e-05,0,0,1
637904000,637752000,637752000,0,-490.8728,12.370932,-0.0,-0.03058024,12.451847,2.105721e-05,-1.4880343e-05,0,0,1
637976000,637824000,637824000,0,-490.94403,12.370975,-0.0,-0.027476205,12.453362,1.1258407e-07,-1.3021464e-05,0,0,1
638048000,637896000,637896000,0,-490.91122,12.371016,-0.0,-0.028331524,12.454901,3.7720665e-06,-1.1857204e-05,0,0,1
638120000,637968000,637968000,0,-490.874,12.371057,-0.0,-0.03315872,12.456461,1.4278031e-05,-1.2161924e-05,0,0,1
638192000,638038666,638040000,0,-490.9122,12.371097,-0.0,-0.031905808,12.458043,1.7045282e-06,-1.0866977e-05,0,0,1
638256000,638100000,638104000,0,-490.92178,12.371001,-0.0,-0.029506674,12.451222,3.1796796e-07,-9.714343e-06,0,0,1
638312000,638158666,638160000,0,-490.96414,12.370772,0.037384033,-0.022482423,12.452012,4.4894464e-06,-8.222791e-06,0,0,1
638384000,638232000,638232000,0,-490.90277,12.370817,-0.0,-0.021819994,12.453537,9.616865e-07,-7.2940375e-06,0,0,1
638456000,638302666,638304000,0,-490.90292,12.370862,-0.0,-0.020380199,12.455085,3.3366172e-07,-6.432129e-06,0,0,1
638528000,638374666,638376000,0,-490.89362,12.370906,-0.0,-0.019420553,12.456654,5.2253006e-07,-5.688263e-06,0,0,1
638592000,638436000,638440000,0,-490.89374,12.370814,-0.0,-0.018032162,12.45787,1.4473105e-07,-5.0825506e-06,0,0,1
638648000,638494666,638496000,0,-490.9267,12.370589,0.033325195,-0.012639081,12.450677,3.567898e-06,-4.1741596e-06,0,0,1
638712000,638556000,638560000,0,-490.95923,12.370502,0.0708313,-0.0035187146,12.451828,1.6116743e-05,-1.95708e-06,0,0,1
638768000,638616000,638616000,0,-490.83176,12.370283,-0.0,-0.008778742,12.452638,8.891464e-06,-2.7000497e-06,0,0,1
638840000,638688000,638688000,0,-490.8182,12.3703375,-0.0,-0.01526812,12.454188,1.16911715e-05,-3.8317994e-06,0,0,1
638912000,638758666,638760000,0,-490.84225,12.370392,-0.0,-0.017141355,12.455762,2.9669382e-06,-3.724703e-06,0,0,1
638984000,638832000,638832000,0,-490.805,12.370445,-0.0,-0.022904053,12.457356,1.2420601e-05,-4.836978e-06,0,0,1
639056000,638904000,638904000,0,-490.83847,12.370497,-0.0,-0.02268694,12.45088,1.4410499e-06,-4.4095186e-06,0,0,1
639128000,638974666,638976000,0,-490.83395,12.370547,-0.0,-0.022371748,12.4523945,1.3031521e-06,-4.024855e-06,0,0,1
639200000,639046666,639048000,0,-490.83417,12.370598,-0.0,-0.021311231,12.453931,6.2472094e-07,-3.5968662e-06,0,0,1
639272000,639120000,639120000,0,-490.81082,12.370646,-0.0,-0.022555156,12.455489,3.0934366e-06,-3.5324736e-06,0,0,1
639344000,639190666,639192000,0,-490.80643,12.370695,-0.02911377,-0.023367314,12.457069,2.7217047e-06,-3.4320753e-06,0,0,1
639416000,639264000,639264000,0,-490.86774,12.370742,0.03857422,-0.015444497,12.458669,4.7773015e-06,-2.3820305e-06,0,0,1
639488000,639336000,639336000,0,-490.86267,12.370789,0.042266846,-0.008180132,12.452086,5.7387533e-06,-1.3598341e-06,0,0,1
639560000,639406666,639408000,0,-490.7355,12.370833,-0.07888794,-0.016935933,12.453608,1.9988769e-05,-3.6666688e-06,0,0,1
639632000,639480000,639480000,0,-490.68463,12.370878,-0.122558594,-0.030445917,12.455151,4.8239028e-05,-9.36783e-06,0,0,1
639704000,639552000,639552000,0,-490.69052,12.370922,-0.109069824,-0.040342633,12.456715,3.8200204e-05,-1.29970795e-05,0,0,1
639776000,639622666,639624000,0,-490.7479,12.370965,-0.04449463,-0.04085678,12.458299,6.3564767e-06,-1.2174769e-05,0,0,1
639840000,639684000,639688000,0,-490.75772,12.370872,-0.020629883,-0.038646694,12.451366,1.367214e-06,-1.0993885e-05,0,0,1
639896000,639744000,639744000,0,-490.76733,12.370645,-0.006591797,-0.03521224,12.452154,1.3957998e-07,-9.830924e-06,0,0,1
639968000,639814666,639816000,0,-490.68756,12.370692,-0.0814209,-0.040934294,12.453677,2.129287e-05,-1.1250265e-05,0,0,1
640040000,639888000,639888000,0,-490.6743,12.37074,-0.08911133,-0.04709652,12.455222,2.5502006e-05,-1.3073177e-05,0,0,1
640112000,639958666,639960000,0,-490.7878,12.370786,0.02960205,-0.03759888,12.456786,2.8138284e-06,-1.1105877e-05,0,0,1
640184000,640032000,640032000,0,-490.68423,12.3708315,-0.07009888,-0.04175589,12.45837,1.5776872e-05,-1.1703334e-05,0,0,1
640256000,640102666,640104000,0,-490.67084,12.370876,-0.07220459,-0.045526374,12.451779,1.6747816e-05,-1.2327996e-05,0,0,1
640320000,640164000,640168000,0,-490.6997,12.370785,-0.039398193,-0.04485678,12.452925,4.985873e-06,-1.1525761e-05,0,0,1
640376000,640224000,640224000,0,-490.7987,12.37056,0.06295776,-0.03330522,12.453725,1.2730907e-05,-8.926832e-06,0,0,1
640448000,640293333,640296000,0,-490.73706,12.370609,0.0047302246,-0.02867329,12.455268,7.185723e-08,-7.830978e-06,0,0,1
640520000,640368000,640368000,0,-490.65717,12.370658,-0.07141113,-0.034226254,12.456831,1.6375112e-05,-8.941125e-06,0,0,1
640592000,640440000,640440000,0,-490.77057,12.370707,0.046173096,-0.024106055,12.458414,6.8450277e-06,-6.9540574e-06,0,0,1
640664000,640512000,640512000,0,-490.71844,12.370753,0.0019226074,-0.02082972,12.451818,1.1874311e-08,-6.0772268e-06,0,0,1
640736000,640581333,640584000,0,-490.756,12.370799,0.042938232,-0.013064101,12.453321,5.921928e-06,-4.6159776e-06,0,0,1
640808000,640654666,640656000,0,-490.61475,12.370844,-0.095458984,-0.02360294,12.454846,2.9265453e-05,-7.768805e-06,0,0,1
640872000,640716000,640720000,0,-490.6767,12.370753,-0.030395508,-0.024345128,12.456024,2.9668756e-06,-7.244123e-06,0,0,1
640928000,640774666,640776000,0,-490.6535,12.370529,-0.051513672,-0.027198121,12.456846,8.521125e-06,-7.378222e-06,0,0,1
641000000,640848000,640848000,0,-490.6681,12.37058,-0.034729004,-0.02816138,12.458429,3.87241e-06,-6.9298007e-06,0,0,1
641072000,640920000,640920000,0,-490.5933,12.370629,-0.10336304,-0.037627324,12.451836,3.432078e-05,-1.03776165e-05,0,0,1
641144000,640992000,640992000,0,-490.6131,12.370678,-0.083221436,-0.043366443,12.4533415,2.224562e-05,-1.1871491e-05,0,0,1
641216000,641064000,641064000,0,-490.66083,12.370725,-0.036865234,-0.04254811,12.454868,4.3647046e-06,-1.092658e-05,0,0,1
641288000,641134666,641136000,0,-490.68,12.370771,-0.021057129,-0.039886866,12.456415,1.4238533e-06,-9.7498505e-06,0,0,1
641360000,641206666,641208000,0,-490.8398,12.370817,0.13378906,-0.018025562,12.457983,5.7471625e-05,-1.2884066e-06,0,0,1
641432000,641278666,641280000,0,-490.71643,12.370863,0.010986328,-0.014373716,12.451417,3.877451e-07,-1.0774224e-06,0,0,1
641504000,641352000,641352000,0,-490.6741,12.370906,-0.037872314,-0.017379375,12.452906,4.607157e-06,-1.5289037e-06,0,0,1
641576000,641422666,641424000,0,-490.68854,12.370949,-0.029022217,-0.018821117,12.454418,2.7051897e-06,-1.674564e-06,0,0,1
641648000,641493333,641496000,0,-490.67944,12.370992,-0.042816162,-0.021792477,12.455953,5.887061e-06,-2.196207e-06,0,0,1
641712000,641554000,641560000,0,-490.60944,12.370897,-0.11639404,-0.032028846,12.457137,4.35014e-05,-6.6656376e-06,0,0,1
641768000,641616000,641616000,0,-490.73264,12.37067,0.004699707,-0.027976941,12.457964,7.091768e-08,-5.922459e-06,0,0,1
641840000,641686666,641688000,0,-490.695,12.370719,-0.03112793,-0.02836713,12.451401,3.1127356e-06,-5.5745286e-06,0,0,1
641904000,641748000,641752000,0,-490.72348,12.37063,-0.0051879883,-0.025834467,12.452542,8.645695e-08,-4.974876e-06,0,0,1
641960000,641806666,641808000,0,-490.5874,12.370408,-0.14334106,-0.038173936,12.4533415,6.599566e-05,-1.1382721e-05,0,0,1
642032000,641880000,641880000,0,-490.76248,12.3704605,0.030578613,-0.029379936,12.454885,3.0030037e-06,-9.542671e-06,0,0,1
642104000,641952000,641952000,0,-490.69647,12.370512,-0.036743164,-0.030306775,12.45645,4.3352966e-06,-8.8871975e-06,0,0,1
642176000,642024000,642024000,0,-490.74844,12.370563,0.01550293,-0.02454052,12.458038,7.7168113e-07,-7.671395e-06,0,0,1
642248000,642096000,642096000,0,-490.753,12.370613,0.021972656,-0.018685713,12.451466,1.5509744e-06,-6.5105373e-06,0,0,1
642320000,642166666,642168000,0,-490.67767,12.370662,-0.052825928,-0.022913322,12.452978,8.9635705e-06,-6.814298e-06,0,0,1
642384000,642228000,642232000,0,-490.64062,12.370574,-0.08947754,-0.03018644,12.45415,2.5714255e-05,-8.879397e-06,0,0,1
642440000,642288000,642288000,0,-490.65088,12.370353,-0.079193115,-0.035437156,12.454974,2.014151e-05,-1.0086052e-05,0,0,1
642512000,642358666,642360000,0,-490.67044,12.370407,-0.060668945,-0.038561627,12.456556,1.1819385e-05,-1.0300691e-05,0,0,1
642584000,642432000,642432000,0,-490.718,12.37046,-0.01473999,-0.03551465,12.458161,6.975903e-07,-9.072378e-06,0,0,1
642656000,642504000,642504000,0,-490.72278,12.370512,-0.008453369,-0.032108333,12.451568,2.2955969e-07,-7.9592955e-06,0,0,1
642728000,642576000,642576000,0,-490.64307,12.370562,-0.08816528,-0.039164454,12.4530945,2.4967665e-05,-1.0100209e-05,0,0,1
642800000,642648000,642648000,0,-490.6627,12.370611,-0.066986084,-0.042666476,12.454647,1.441112e-05,-1.0642841e-05,0,0,1
642872000,642720000,642720000,0,-490.65396,12.370661,-0.07342529,-0.046538215,12.456224,1.7312706e-05,-1.1482404e-05,0,0,1
642944000,642792000,642792000,0,-490.6547,12.370708,-0.06982422,-0.049469322,12.457826,1.5654165e-05,-1.2007521e-05,0,0,1
643016000,642862666,642864000,0,-490.6084,12.370755,-0.11279297,-0.057310738,12.459449,4.0843715e-05,-1.557833e-05,0,0,1
643088000,642936000,642936000,0,-490.63766,12.370802,-0.07122803,-0.05909087,12.452749,1.6296584e-05,-1.5670199e-05,0,0,1
643160000,643008000,643008000,0,-490.66183,12.370847,-0.04421997,-0.05721901,12.454293,6.280263e-06,-1.4488249e-05,0,0,1
643232000,643080000,643080000,0,-490.59653,12.370891,-0.10800171,-0.06361124,12.45586,3.7458252e-05,-1.7379578e-05,0,0,1
643304000,643150666,643152000,0,-490.61166,12.3709345,-0.09213257,-0.06714306,12.45745,2.7255692e-05,-1.8602545e-05,0,0,1
643376000,643224000,643224000,0,-490.71585,12.370977,0.011474609,-0.05708723,12.459063,4.227177e-07,-1.6169062e-05,0,0,1
643448000,643296000,643296000,0,-490.62653,12.371019,-0.06542969,-0.05813733,12.45236,1.3751752e-05,-1.5864785e-05,0,0,1
643520000,643368000,643368000,0,-490.6694,12.37106,-0.02420044,-0.053865556,12.453888,1.8810553e-06,-1.4104596e-05,0,0,1
643592000,643437333,643440000,0,-490.7119,12.3711,0.016143799,-0.045339864,12.455439,8.3697495e-07,-1.2285021e-05,0,0,1
643664000,643510666,643512000,0,-490.64133,12.37114,-0.056762695,-0.04680092,12.45701,1.0345993e-05,-1.2037007e-05,0,0,1
643736000,643584000,643584000,0,-490.65128,12.371179,-0.04852295,-0.04702118,12.458604,7.55936e-06,-1.146428e-05,0,0,1
643808000,643656000,643656000,0,-490.66113,12.371217,-0.040740967,-0.046230663,12.460218,5.328402e-06,-1.06919315e-05,0,0,1
643880000,643726666,643728000,0,-490.61456,12.371254,-0.07904053,-0.05029353,12.453422,2.0066469e-05,-1.1852788e-05,0,0,1
643952000,643800000,643800000,0,-490.59656,12.37129,-0.099365234,-0.056570195,12.454953,3.170931e-05,-1.4392595e-05,0,0,1
644024000,643872000,643872000,0,-490.66327,12.3713255,-0.035339355,-0.053897783,12.456508,4.0103378e-06,-1.3085738e-05,0,0,1
644096000,643944000,643944000,0,-490.71994,12.371361,0.018157959,-0.04482783,12.458084,1.0586266e-06,-1.1305328e-05,0,0,1
644168000,644014666,644016000,0,-490.69632,12.371395,-0.009155273,-0.04041047,12.459682,2.6908882e-07,-9.9387025e-06,0,0,1
644240000,644085333,644088000,0,-490.71048,12.371429,0.012481689,-0.033860713,12.4529085,5.0042144e-07,-8.646002e-06,0,0,1
644304000,644148000,644152000,0,-490.50378,12.371326,-0.1972351,-0.052056525,12.4540615,0.00012494458,-2.1598747e-05,0,0,1
644360000,644206666,644208000,0,-490.71228,12.371091,0.010284424,-0.045510046,12.454868,3.3968846e-07,-1.9294974e-05,0,0,1
644432000,644280000,644280000,0,-490.6042,12.371131,-0.10079956,-0.052582018,12.456429,3.2627497e-05,-2.1000309e-05,0,0,1
644504000,644350666,644352000,0,-490.6709,12.37117,-0.036376953,-0.05057533,12.458011,4.2487773e-06,-1.8925954e-05,0,0,1
644576000,644424000,644424000,0,-490.67126,12.371208,-0.038726807,-0.04905981,12.459615,4.814806e-06,-1.7121025e-05,0,0,1
644648000,644496000,644496000,0,-490.63406,12.371245,-0.067993164,-0.05144303,12.452839,1.4849851e-05,-1.6835143e-05,0,0,1
644720000,644566666,644568000,0,-490.6488,12.371282,-0.055023193,-0.051886365,12.45436,9.723669e-06,-1.5954523e-05,0,0,1
644792000,644640000,644640000,0,-490.67285,12.371318,-0.03277588,-0.049441982,12.455905,3.449796e-06,-1.4355069e-05,0,0,1
644864000,644712000,644712000,0,-490.6403,12.371353,-0.06707764,-0.051661856,12.457472,1.4447263e-05,-1.4366674e-05,0,0,1
644936000,644784000,644784000,0,-490.68317,12.3713875,-0.0256958,-0.048393402,12.459061,2.1198202e-06,-1.2825112e-05,0,0,1
645008000,644856000,644856000,0,-490.73978,12.371422,0.028839111,-0.03867183,12.460671,2.669822e-06,-1.0874701e-05,0,0,1
645080000,644928000,644928000,0,-490.68784,12.371455,-0.019104004,-0.036208745,12.453819,1.1722121e-06,-9.653409e-06,0,0,1
645152000,644998666,645000000,0,-490.74908,12.371488,0.039794922,-0.026797153,12.455347,5.0858025e-06,-7.828241e-06,0,0,1
645224000,645072000,645072000,0,-490.69235,12.371519,-0.019683838,-0.025887303,12.456897,1.2441412e-06,-6.986082e-06,0,0,1
645296000,645144000,645144000,0,-490.75357,12.371551,0.038909912,-0.01773101,12.458469,4.86089e-06,-5.494855e-06,0,0,1
645368000,645214666,645216000,0,-490.7391,12.371581,0.020935059,-0.012942962,12.460062,1.4069807e-06,-4.6401956e-06,0,0,1
645432000,645276000,645280000,0,-490.8375,12.371477,0.123931885,0.002012629,12.45289,4.933509e-05,1.2573983e-06,0,0,1
645488000,645334666,645336000,0,-490.65787,12.371238,-0.05886841,-0.0043805414,12.453676,1.1130815e-05,-4.3498858e-08,0,0,1
645560000,645406666,645408000,0,-490.68192,12.371275,-0.037139893,-0.0085040955,12.455207,4.4298636e-06,-5.9562865e-07,0,0,1
645632000,645478666,645480000,0,-490.73862,12.37131,0.017303467,-0.005255591,12.4567585,9.614378e-07,-3.996343e-07,0,0,1
645704000,645550666,645552000,0,-490.7244,12.3713455,0.00048828125,-0.0045325863,12.458332,7.654911e-10,-3.4923434e-07,0,0,1
645776000,645622666,645624000,0,-490.71497,12.371381,-0.011199951,-0.005371835,12.459927,4.026955e-07,-3.5596372e-07,0,0,1
645840000,645684000,645688000,0,-490.56955,12.37128,-0.15270996,-0.021470692,12.452784,7.490801e-05,-8.501872e-06,0,0,1
645896000,645744000,645744000,0,-490.7025,12.371045,-0.019744873,-0.021285783,12.453573,1.2522029e-06,-7.725122e-06,0,0,1
645968000,645816000,645816000,0,-490.6886,12.371085,-0.03463745,-0.022966413,12.455105,3.8530484e-06,-7.237728e-06,0,0,1
646040000,645888000,645888000,0,-490.68893,12.371125,-0.034942627,-0.024473907,12.456659,3.9207534e-06,-6.8202066e-06,0,0,1
646112000,645958666,645960000,0,-490.68457,12.371164,-0.039886475,-0.026382457,12.458235,5.108046e-06,-6.6081884e-06,0,0,1
646184000,646032000,646032000,0,-490.6662,12.371202,-0.059173584,-0.030576704,12.45983,1.1240965e-05,-7.2007574e-06,0,0,1
646256000,646104000,646104000,0,-490.66208,12.371241,-0.058654785,-0.034111008,12.453038,1.1050745e-05,-7.685371e-06,0,0,1
646328000,646174666,646176000,0,-490.64386,12.371277,-0.07873535,-0.039636873,12.454552,1.9910007e-05,-9.199157e-06,0,0,1
646392000,646236000,646240000,0,-490.76672,12.371178,0.041809082,-0.030737706,12.455722,5.6134822e-06,-7.5806583e-06,0,0,1
646448000,646296000,646296000,0,-490.59256,12.370945,-0.13589478,-0.042004533,12.456538,5.9301834e-05,-1.3122212e-05,0,0,1
646520000,646368000,646368000,0,-490.6502,12.370987,-0.08248901,-0.04710048,12.458115,2.1847405e-05,-1.4220488e-05,0,0,1
646592000,646440000,646440000,0,-490.7074,12.371029,-0.03024292,-0.04497855,12.459712,2.9362932e-06,-1.28001e-05,0,0,1
646664000,646510666,646512000,0,-490.62314,12.37107,-0.11602783,-0.053776637,12.452952,4.324262e-05,-1.656982e-05,0,0,1
646736000,646584000,646584000,0,-490.6853,12.37111,-0.05770874,-0.054279584,12.454469,1.0695915e-05,-1.5818501e-05,0,0,1
646808000,646654666,646656000,0,-490.6624,12.371149,-0.083465576,-0.05789371,12.456006,2.2371545e-05,-1.6629969e-05,0,0,1
646872000,646716000,646720000,0,-490.62564,12.371053,-0.12042236,-0.06472588,12.449551,4.659299e-05,-1.990387e-05,0,0,1
646928000,646774666,646776000,0,-490.79587,12.370822,0.049743652,-0.05270534,12.450314,7.949779e-06,-1.6978935e-05,0,0,1
647000000,646846666,646848000,0,-490.69208,12.370866,-0.054656982,-0.052951,12.451799,9.59664e-06,-1.6049695e-05,0,0,1
647064000,646908000,646912000,0,-490.6879,12.370774,-0.058166504,-0.05352087,12.452949,1.0867602e-05,-1.5483474e-05,0,0,1
647120000,646968000,646968000,0,-490.69318,12.370549,-0.0519104,-0.053348318,12.4537525,8.655029e-06,-1.4751855e-05,0,0,1
647192000,647040000,647040000,0,-490.6749,12.3706,-0.06896973,-0.05531465,12.455302,1.5276459e-05,-1.4817889e-05,0,0,1
647264000,647112000,647112000,0,-490.67087,12.370648,-0.06652832,-0.05672616,12.449197,1.4221054e-05,-1.4742763e-05,0,0,1
647336000,647182666,647184000,0,-490.69968,12.370696,-0.036224365,-0.05418741,12.450672,4.2156908e-06,-1.3439188e-05,0,0,1
647408000,647253333,647256000,0,-490.69064,12.370743,-0.043762207,-0.052896433,12.45217,6.151958e-06,-1.2536793e-05,0,0,1
647472000,647316000,647320000,0,-490.6676,12.370653,-0.06530762,-0.054278728,12.453328,1.3699422e-05,-1.2666281e-05,0,0,1
647528000,647376000,647376000,0,-490.64944,12.370431,-0.08175659,-0.057222784,12.45414,2.1468011e-05,-1.3609323e-05,0,0,1
647600000,647446666,647448000,0,-490.65494,12.370483,-0.07409668,-0.05931229,12.4557,1.7631504e-05,-1.4107392e-05,0,0,1
647672000,647520000,647520000,0,-490.63217,12.370535,-0.08514404,-0.06261638,12.449533,2.3292465e-05,-1.5282236e-05,0,0,1
647744000,647592000,647592000,0,-490.741,12.3705845,0.025604248,-0.051511683,12.451018,2.106101e-06,-1.3093494e-05,0,0,1
647816000,647662666,647664000,0,-490.67972,12.370633,-0.03463745,-0.049422134,12.452525,3.8538465e-06,-1.1949342e-05,0,0,1
647888000,647736000,647736000,0,-490.6472,12.370682,-0.065979004,-0.05153989,12.454055,1.3981724e-05,-1.22093e-05,0,0,1
647960000,647808000,647808000,0,-490.676,12.3707285,-0.035827637,-0.049562123,12.455603,4.122224e-06,-1.1191346e-05,0,0,1
648032000,647880000,647880000,0,-490.6059,12.370775,-0.09838867,-0.05570812,12.449407,3.1102947e-05,-1.3697701e-05,0,0,1
648104000,647952000,647952000,0,-490.7524,12.37082,0.049621582,-0.04244984,12.450881,7.910448e-06,-1.0977795e-05,0,0,1
648176000,648024000,648024000,0,-490.71436,12.370865,0.011993408,-0.035596844,12.452377,4.620542e-07,-9.537814e-06,0,0,1
648248000,648096000,648096000,0,-490.64383,12.370909,-0.058258057,-0.038449302,12.453896,1.0901011e-05,-9.709405e-06,0,0,1
648320000,648168000,648168000,0,-490.65378,12.370952,-0.048065186,-0.039659694,12.455435,7.41929e-06,-9.421139e-06,0,0,1
648392000,648238666,648240000,0,-490.63077,12.370994,-0.07147217,-0.043599058,12.456995,1.6402899e-05,-1.0285696e-05,0,0,1
648456000,648300000,648304000,0,-490.54224,12.3709,-0.1546936,-0.05573777,12.450332,7.6881835e-05,-1.7562303e-05,0,0,1
648512000,648360000,648360000,0,-490.62357,12.370672,-0.073150635,-0.057603434,12.451108,1.7190487e-05,-1.7522465e-05,0,0,1
648584000,648430666,648432000,0,-490.66187,12.37072,-0.035217285,-0.05483134,12.452614,3.9839256e-06,-1.5845977e-05,0,0,1
648648000,648492000,648496000,0,-490.67157,12.370631,-0.026062012,-0.05168787,12.453779,2.181598e-06,-1.4352942e-05,0,0,1
648704000,648550666,648552000,0,-490.61078,12.370409,-0.087524414,-0.055451095,12.454595,2.4603043e-05,-1.5429314e-05,0,0,1
648776000,648622666,648624000,0,-490.6586,12.370461,-0.040252686,-0.05353801,12.456162,5.2031396e-06,-1.4142103e-05,0,0,1
648848000,648696000,648696000,0,-490.6637,12.370513,-0.029083252,-0.05041005,12.449878,2.7175706e-06,-1.26808145e-05,0,0,1
648920000,648768000,648768000,0,-490.67334,12.3705635,-0.020568848,-0.046653815,12.451371,1.3591355e-06,-1.1255708e-05,0,0,1
648992000,648840000,648840000,0,-490.55615,12.370613,-0.13885498,-0.058259554,12.452886,6.1931685e-05,-1.7634502e-05,0,0,1
649064000,648910666,648912000,0,-490.6514,12.370662,-0.043884277,-0.056479454,12.454421,6.1852083e-06,-1.6216727e-05,0,0,1
649136000,648984000,648984000,0,-490.62366,12.370709,-0.07241821,-0.05851815,12.455978,1.6841383e-05,-1.6296626e-05,0,0,1
649208000,649056000,649056000,0,-490.65723,12.370756,-0.0395813,-0.05613449,12.457555,5.0304548e-06,-1.4878507e-05,0,0,1
649280000,649128000,649128000,0,-490.6905,12.370803,-0.001373291,-0.049241472,12.4511595,6.058643e-09,-1.3006451e-05,0,0,1
649352000,649200000,649200000,0,-490.7797,12.370848,0.0864563,-0.032160636,12.452662,2.400994e-05,-8.347046e-06,0,0,1
649424000,649272000,649272000,0,-490.7319,12.370892,0.03656006,-0.023510478,12.4541855,4.2929755e-06,-6.7559945e-06,0,0,1
649496000,649342666,649344000,0,-490.71747,12.3709345,0.020141602,-0.018105008,12.45573,1.3028032e-06,-5.7580673e-06,0,0,1
649568000,649416000,649416000,0,-490.60928,12.370977,-0.08984375,-0.027280966,12.457296,2.5918624e-05,-8.336763e-06,0,0,1
649640000,649488000,649488000,0,-490.69937,12.371019,0.007080078,-0.0229558,12.450891,1.610407e-07,-7.2671096e-06,0,0,1
649712000,649560000,649560000,0,-490.61948,12.371059,-0.07421875,-0.029408477,12.452379,1.7694363e-05,-8.579631e-06,0,0,1
649784000,649632000,649632000,0,-490.65308,12.371099,-0.041503906,-0.03093098,12.453891,5.5326464e-06,-8.196094e-06,0,0,1
649856000,649704000,649704000,0,-490.66757,12.371139,-0.02810669,-0.030575475,12.455422,2.5370027e-06,-7.4837612e-06,0,0,1
649928000,649774666,649776000,0,-490.71008,12.371178,0.013214111,-0.025152978,12.456976,5.606906e-07,-6.487611e-06,0,0,1
649992000,649836000,649840000,0,-490.54565,12.37108,-0.15252686,-0.039070446,12.458176,7.469614e-05,-1.39403965e-05,0,0,1
650048000,649896000,649896000,0,-490.6692,12.37085,-0.021453857,-0.037182953,12.450988,1.4786553e-06,-1.260521e-05,0,0,1
650120000,649968000,649968000,0,-490.60367,12.3708935,-0.08773804,-0.04354653,12.452483,2.472748e-05,-1.413109e-05,0,0,1
650192000,650038666,650040000,0,-490.66556,12.370936,-0.026367188,-0.0414192,12.454,2.2329486e-06,-1.2657734e-05,0,0,1
650264000,650110666,650112000,0,-490.63293,12.370979,-0.05984497,-0.04373853,12.45554,1.15014545e-05,-1.2512189e-05,0,0,1
650328000,650172000,650176000,0,-490.76028,12.370886,0.06716919,-0.03162023,12.456728,1.4487592e-05,-9.562065e-06,0,0,1
650384000,650232000,650232000,0,-490.6986,12.370659,0.0042419434,-0.027777854,12.457559,5.777724e-08,-8.531368e-06,0,0,1
650456000,650304000,650304000,0,-490.59998,12.3707075,-0.091308594,-0.03577473,12.451101,2.6784006e-05,-1.0828902e-05,0,0,1
650528000,650374666,650376000,0,-490.72293,12.370753,0.030853271,-0.027524136,12.452601,3.0577526e-06,-9.109308e-06,0,0,1
650592000,650436000,650440000,0,-490.6663,12.370665,-0.02722168,-0.027491089,12.453763,2.3800671e-06,-8.37404e-06,0,0,1
650648000,650496000,650496000,0,-490.5351,12.370441,-0.15930176,-0.04161366,12.454576,8.150274e-05,-1.6209258e-05,0,0,1
650720000,650568000,650568000,0,-490.60236,12.370494,-0.09234619,-0.047999572,12.456139,2.7385113e-05,-1.7616008e-05,0,0,1
650792000,650638666,650640000,0,-490.65018,12.370544,-0.045410156,-0.04767892,12.457721,6.6210578e-06,-1.6254495e-05,0,0,1
650856000,650700000,650704000,0,-490.62247,12.37046,-0.06442261,-0.049508415,12.450884,1.3333261e-05,-1.5935308e-05,0,0,1
650912000,650760000,650760000,0,-490.67004,12.370241,-0.017456055,-0.046074234,12.451676,9.788686e-07,-1.43328325e-05,0,0,1
650984000,650830666,650832000,0,-490.81577,12.3702965,0.12701416,-0.024640568,12.453202,5.181831e-05,-6.1412866e-06,0,0,1
651048000,650892000,650896000,0,-490.70657,12.370216,0.015899658,-0.020210952,12.454384,8.119202e-07,-5.3815465e-06,0,0,1
651104000,650952000,650952000,0,-490.697,12.370002,0.005218506,-0.017486367,12.455213,8.745833e-08,-4.795582e-06,0,0,1
651176000,651022666,651024000,0,-490.64062,12.370063,-0.052642822,-0.021839818,12.4567995,8.898808e-06,-5.3036874e-06,0,0,1
651240000,651084000,651088000,0,-490.52374,12.3699875,-0.16378784,-0.037349727,12.450011,8.618934e-05,-1.4141635e-05,0,0,1
651296000,651144000,651144000,0,-490.68964,12.369777,0.0021972656,-0.03311255,12.450808,1.5510564e-08,-1.2624798e-05,0,0,1
651368000,651214666,651216000,0,-490.67554,12.369842,-0.013000488,-0.030622058,12.452336,5.429108e-07,-1.1128689e-05,0,0,1
651440000,651288000,651288000,0,-490.671,12.369905,-0.018829346,-0.029113676,12.453885,1.1387426e-06,-9.850895e-06,0,0,1
651512000,651360000,651360000,0,-490.6477,12.369967,-0.04336548,-0.030907609,12.455454,6.0393295e-06,-9.371118e-06,0,0,1
651584000,651432000,651432000,0,-490.70444,12.3700285,0.012298584,-0.025469067,12.457043,4.8568563e-07,-8.1304015e-06,0,0,1
651656000,651502666,651504000,0,-490.68552,12.370089,-0.0026245117,-0.022640208,12.450579,2.212929e-08,-7.126348e-06,0,0,1
651728000,651576000,651576000,0,-490.648,12.370148,-0.041900635,-0.02510377,12.452091,5.6397375e-06,-6.9361986e-06,0,0,1
651800000,651648000,651648000,0,-490.67188,12.370205,-0.01940918,-0.024386968,12.453624,1.2099811e-06,-6.215416e-06,0,0,1
651872000,651720000,651720000,0,-490.72842,12.370261,0.035827637,-0.016807508,12.455177,4.1223648e-06,-4.9141568e-06,0,0,1
651944000,651790666,651792000,0,-490.58722,12.370317,-0.10699463,-0.027975447,12.456752,3.6760306e-05,-8.857689e-06,0,0,1
652008000,651850000,651856000,0,-490.6493,12.370236,-0.045410156,-0.029824916,12.457969,6.6209263e-06,-8.620414e-06,0,0,1
652064000,651910666,651912000,0,-490.63562,12.370023,-0.052246094,-0.032250963,12.450728,8.769461e-06,-8.636541e-06,0,0,1
652136000,651982666,651984000,0,-490.71594,12.370082,0.027252197,-0.024761055,12.452243,2.385698e-06,-7.249126e-06,0,0,1
652200000,652044000,652048000,0,-490.56073,12.370006,-0.12911987,-0.036163792,12.453416,5.354978e-05,-1.2308154e-05,0,0,1
652256000,652104000,652104000,0,-490.77795,12.369796,0.08792114,-0.02286898,12.454241,2.4827294e-05,-8.329356e-06,0,0,1
652328000,652176000,652176000,0,-490.72546,12.369861,0.033447266,-0.015780222,12.455816,3.5926014e-06,-6.8286904e-06,0,0,1
652400000,652248000,652248000,0,-490.6923,12.369924,-0.0013427734,-0.013962921,12.457411,5.789455e-09,-5.9698637e-06,0,0,1
652472000,652320000,652320000,0,-490.72046,12.369987,0.034118652,-0.007910695,12.450907,3.7397515e-06,-4.747674e-06,0,0,1
652544000,652390666,652392000,0,-490.6732,12.370047,-0.014465332,-0.00872236,12.452424,6.721449e-07,-4.2429983e-06,0,0,1
652608000,652452000,652456000,0,-490.6827,12.369971,-0.0058288574,-0.008406202,12.4536,1.0912693e-07,-3.791312e-06,0,0,1
652664000,652512000,652512000,0,-490.7532,12.369761,0.06384277,-0.0006652414,12.454426,1.3090606e-05,-1.9825352e-06,0,0,1
652736000,652584000,652584000,0,-490.61176,12.369826,-0.07937622,-0.010572916,12.456003,2.0233085e-05,-4.2798074e-06,0,0,1
652808000,652656000,652656000,0,-490.77216,12.369891,0.08026123,0.00086075254,12.457601,2.0684129e-05,-1.1374939e-06,0,0,1
652880000,652728000,652728000,0,-490.6399,12.369954,-0.0435791,-0.0047330745,12.451077,6.10112e-06,-1.762286e-06,0,0,1
652952000,652798666,652800000,0,-490.6591,12.370015,-0.025756836,-0.007336463,12.452598,2.131008e-06,-1.8079452e-06,0,0,1
653016000,652860000,652864000,0,-490.711,12.36994,0.024871826,-0.0038172335,12.453775,1.9868921e-06,-1.3933034e-06,0,0,1
653072000,652920000,652920000,0,-490.5887,12.369731,-0.09890747,-0.014005473,12.454602,3.141871e-05,-4.610311e-06,0,0,1
653144000,652992000,652992000,0,-490.6272,12.369797,-0.061340332,-0.019963706,12.456182,1.2082792e-05,-5.5509026e-06,0,0,1
653216000,653061333,653064000,0,-490.71698,12.369862,0.027313232,-0.014206352,12.457781,2.3953307e-06,-4.5832157e-06,0,0,1
653280000,653124000,653128000,0,-490.65567,12.36979,-0.029785156,-0.01594144,12.450887,2.850096e-06,-4.3901896e-06,0,0,1
653336000,653184000,653184000,0,-490.7217,12.369584,0.035369873,-0.010443799,12.451693,4.01882e-06,-3.4892244e-06,0,0,1
653408000,653254666,653256000,0,-490.67914,12.369652,-0.008666992,-0.010223776,12.453233,2.4127633e-07,-3.0870285e-06,0,0,1
653472000,653316000,653320000,0,-490.55713,12.369584,-0.13180542,-0.023508359,12.454429,5.5795954e-05,-8.846254e-06,0,0,1
653528000,653374666,653376000,0,-490.72742,12.369382,0.038085938,-0.017040288,12.45527,4.658393e-06,-7.4281193e-06,0,0,1
653600000,653448000,653448000,0,-490.65662,12.369454,-0.03463745,-0.019291107,12.456869,3.8525027e-06,-6.9707694e-06,0,0,1
653672000,653518666,653520000,0,-490.65695,12.369526,-0.025817871,-0.020099321,12.450385,2.1415e-06,-6.3727575e-06,0,0,1
653736000,653580000,653584000,0,-490.73233,12.36946,0.04849243,-0.012604663,12.4515505,7.5541307e-06,-4.85104e-06,0,0,1
653792000,653640000,653640000,0,-490.71777,12.369261,0.032562256,-0.007765351,12.452371,3.4059394e-06,-3.9663637e-06,0,0,1
653864000,653712000,653712000,0,-490.71277,12.369335,0.025970459,-0.0035188855,12.453933,2.1662706e-06,-3.1944237e-06,0,0,1
653936000,653782666,653784000,0,-490.66556,12.369409,-0.023010254,-0.0059325164,12.455514,1.700361e-06,-3.0094127e-06,0,0,1
654008000,653856000,653856000,0,-490.71277,12.36948,0.022705078,-0.002269539,12.457114,1.655345e-06,-2.412753e-06,0,0,1
654080000,653926666,653928000,0,-490.56696,12.369551,-0.11804199,-0.01660573,12.450611,4.476539e-05,-7.657312e-06,0,0,1
654152000,654000000,654000000,0,-490.72305,12.36962,0.03744507,-0.0096922,12.452136,4.5040724e-06,-6.101774e-06,0,0,1
654224000,654070666,654072000,0,-490.66635,12.369688,-0.021118164,-0.011107086,12.45368,1.4324339e-06,-5.523566e-06,0,0,1
654296000,654142666,654144000,0,-490.73227,12.369754,0.04336548,-0.0042504002,12.455244,6.039431e-06,-4.068084e-06,0,0,1
654368000,654214666,654216000,0,-490.64267,12.36982,-0.048187256,-0.009780914,12.456829,7.4561885e-06,-4.4945587e-06,0,0,1
654440000,654286666,654288000,0,-490.6713,12.369884,-0.01260376,-0.010136236,12.450335,5.10363e-07,-3.9930515e-06,0,0,1
654512000,654360000,654360000,0,-490.68082,12.3699465,-0.004486084,-0.009413537,12.451841,6.4648916e-08,-3.4905775e-06,0,0,1
654584000,654432000,654432000,0,-490.72308,12.3700075,0.03616333,-0.0036765886,12.453368,4.2005872e-06,-2.522459e-06,0,0,1
654656000,654504000,654504000,0,-490.69928,12.370068,0.0105896,-0.0018808448,12.454916,3.6014575e-07,-2.1596136e-06,0,0,1
654728000,654576000,654576000,0,-490.7133,12.370128,0.023132324,0.0012676658,12.456485,1.7183161e-06,-1.6714826e-06,0,0,1
654800000,654648000,654648000,0,-490.80225,12.370186,0.11050415,0.0150177125,12.458072,3.9207247e-05,3.4740915e-06,0,0,1
654872000,654720000,654720000,0,-490.773,12.370243,0.08154297,0.02339152,12.451495,2.1360505e-05,5.7255284e-06,0,0,1
654944000,654790666,654792000,0,-490.72525,12.370298,0.03161621,0.02440999,12.453005,3.2107423e-06,5.4141206e-06,0,0,1
655008000,654852000,654856000,0,-490.63104,12.370218,-0.06427002,0.014720395,12.454173,1.326667e-05,3.3729696e-06,0,0,1
655064000,654912000,654912000,0,-490.57065,12.370004,-0.12545776,-0.0002986919,12.45499,5.0548893e-05,-2.4043727e-06,0,0,1
655136000,654982666,654984000,0,-490.6986,12.370065,0.0018310547,-3.49638e-05,12.45656,1.0766251e-08,-2.1053042e-06,0,0,1
655200000,655044000,655048000,0,-490.7127,12.369988,0.01461792,0.0015660792,12.457774,6.861051e-07,-1.8003018e-06,0,0,1
655256000,655102666,655104000,0,-490.77826,12.36978,0.08319092,0.010137574,12.450495,2.223439e-05,7.2360194e-07,0,0,1
655328000,655176000,655176000,0,-490.754,12.3698435,0.057006836,0.016132526,12.452004,1.0439378e-05,1.966327e-06,0,0,1
655400000,655246666,655248000,0,-490.72528,12.369907,0.02658081,0.017426345,12.453536,2.2693619e-06,2.0038522e-06,0,0,1
655464000,655308000,655312000,0,-490.69687,12.369834,-0.0031738281,0.015175473,12.4547205,3.235138e-08,1.781367e-06,0,0,1
655520000,655368000,655368000,0,-490.7063,12.369628,0.005218506,0.014108655,12.455553,8.7455945e-08,1.5998766e-06,0,0,1
655592000,655440000,655440000,0,-490.7203,12.369696,0.017974854,0.014595309,12.457142,1.0374622e-06,1.5290832e-06,0,0,1
655664000,655510666,655512000,0,-490.60275,12.369762,-0.09692383,0.0007858109,12.450613,3.0180774e-05,-2.397572e-06,0,0,1
655728000,655572000,655576000,0,-490.707,12.369692,0.0072021484,0.0014868901,12.451768,1.6662997e-07,-2.117395e-06,0,0,1
655784000,655630666,655632000,0,-490.58017,12.369488,-0.12033081,-0.011305292,12.452579,4.6510864e-05,-6.7791916e-06,0,0,1
655856000,655704000,655704000,0,-490.68457,12.369558,-0.016082764,-0.011916369,12.45413,8.307454e-07,-6.018338e-06,0,0,1
655928000,655776000,655776000,0,-490.62842,12.369627,-0.07312012,-0.019620337,12.455701,1.7169814e-05,-7.42202e-06,0,0,1
656000000,655848000,655848000,0,-490.61035,12.369695,-0.09173584,-0.028697811,12.457291,2.7021813e-05,-9.889127e-06,0,0,1
656072000,655920000,655920000,0,-490.6957,12.369761,-0.0030517578,-0.025469637,12.450755,2.9920194e-08,-8.648108e-06,0,0,1
656144000,655992000,655992000,0,-490.69574,12.369826,-0.0037231445,-0.022732316,12.452269,4.452781e-08,-7.5651396e-06,0,0,1
656216000,656062666,656064000,0,-490.6864,12.36989,-0.013580322,-0.021599017,12.453803,5.923497e-07,-6.701694e-06,0,0,1
656288000,656136000,656136000,0,-490.65836,12.369953,-0.04208374,-0.024219178,12.455357,5.687645e-06,-6.571989e-06,0,0,1
656360000,656208000,656208000,0,-490.7198,12.370014,0.019073486,-0.018769752,12.45693,1.1681783e-06,-5.5977025e-06,0,0,1
656432000,656280000,656280000,0,-490.78064,12.370075,0.08001709,-0.006335045,12.457433,2.055876e-05,-2.3052808e-06,0,0,1
656504000,656350666,656352000,0,-490.747,12.370134,0.048706055,0.00048073567,12.451911,7.620613e-06,-1.0761498e-06,0,0,1
656576000,656422666,656424000,0,-490.77002,12.370192,0.07058716,0.00930532,12.453427,1.6003776e-05,1.0737708e-06,0,0,1
656648000,656494666,656496000,0,-490.73178,12.370249,0.03100586,0.012036856,12.454965,3.0874862e-06,1.3272454e-06,0,0,1
656720000,656568000,656568000,0,-490.75494,12.370304,0.053131104,0.017293138,12.456522,9.064855e-06,2.3169473e-06,0,0,1
656792000,656640000,656640000,0,-490.72156,12.370359,0.018493652,0.017444253,12.458098,1.0981297e-06,2.1635296e-06,0,0,1
656864000,656712000,656712000,0,-490.70734,12.370414,0.0071105957,0.016143514,12.45151,1.624239e-07,1.9116421e-06,0,0,1
656936000,656784000,656784000,0,-490.68845,12.370465,-0.012664795,0.012517294,12.453009,5.152073e-07,1.6061646e-06,0,0,1
657008000,656856000,656856000,0,-490.74023,12.370517,0.038391113,0.015774138,12.45453,4.733627e-06,1.999831e-06,0,0,1
657080000,656928000,656928000,0,-490.81497,12.370567,0.11187744,0.027871057,12.456071,4.0194256e-05,6.8075205e-06,0,0,1
657152000,657000000,657000000,0,-490.6308,12.370618,-0.0741272,0.015032117,12.457632,1.7643293e-05,3.729796e-06,0,0,1
657224000,657072000,657072000,0,-490.67377,12.3706665,-0.031463623,0.009179506,12.459212,3.1782413e-06,2.8602528e-06,0,0,1
657296000,657142666,657144000,0,-490.75388,12.370714,0.05114746,0.01437643,12.452555,8.403296e-06,3.5466521e-06,0,0,1
657368000,657216000,657216000,0,-490.68295,12.370761,-0.020843506,0.009871518,12.454059,1.3953739e-06,2.9145276e-06,0,0,1
657440000,657288000,657288000,0,-490.71603,12.370807,0.01184082,0.010119403,12.455584,4.5025598e-07,2.6043397e-06,0,0,1
657512000,657358666,657360000,0,-490.70654,12.370852,0.0016479492,0.009070376,12.4571295,8.720265e-09,2.2829222e-06,0,0,1
657576000,657420000,657424000,0,-490.78632,12.370761,0.080718994,0.016899042,12.45832,2.0919535e-05,4.3192463e-06,0,0,1
657632000,657480000,657480000,0,-490.81372,12.370537,0.106903076,0.026542332,12.458058,3.669358e-05,7.787925e-06,0,0,1
657704000,657550666,657552000,0,-490.75165,12.370587,0.04660034,0.02902613,12.452501,6.9756006e-06,7.687334e-06,0,0,1
657776000,657624000,657624000,0,-490.70895,12.370637,0.0029296875,0.025688186,12.454009,2.7567248e-08,6.7075885e-06,0,0,1
657848000,657696000,657696000,0,-490.69012,12.370685,-0.016693115,0.020353477,12.455537,8.948955e-07,5.750632e-06,0,0,1
657920000,657768000,657768000,0,-490.78888,12.370732,0.0814209,0.028040286,12.457085,2.1287044e-05,7.706264e-06,0,0,1
657992000,657840000,657840000,0,-490.76932,12.370779,0.060455322,0.0321205,12.4586525,1.17343225e-05,8.213292e-06,0,0,1
658064000,657910666,657912000,0,-490.7781,12.370825,0.07531738,0.037469603,12.452051,1.8222567e-05,9.452748e-06,0,0,1
658136000,657984000,657984000,0,-490.68347,12.37087,-0.020324707,0.030077249,12.453543,1.3268312e-06,8.073954e-06,0,0,1
658208000,658056000,658056000,0,-490.66492,12.370913,-0.039245605,0.021351296,12.455054,4.946482e-06,6.435018e-06,0,0,1
658280000,658128000,658128000,0,-490.66528,12.370955,-0.03894043,0.013762129,12.456587,4.8692536e-06,5.0121025e-06,0,0,1
658352000,658200000,658200000,0,-490.75958,12.370998,0.05529785,0.018990401,12.45814,9.818005e-06,5.617041e-06,0,0,1
658424000,658272000,658272000,0,-490.6886,12.371039,-0.016479492,0.014525659,12.459712,8.718457e-07,4.800258e-06,0,0,1
658496000,658344000,658344000,0,-490.7545,12.37108,0.04949951,0.018927962,12.453027,7.8702205e-06,5.186687e-06,0,0,1
658568000,658414666,658416000,0,-490.76813,12.37112,0.06225586,0.024293289,12.454524,1.2447821e-05,6.0858383e-06,0,0,1
658640000,658488000,658488000,0,-490.81915,12.37116,0.11230469,0.03555065,12.456041,4.050193e-05,1.0487932e-05,0,0,1
658712000,658560000,658560000,0,-490.73355,12.371198,0.025390625,0.034271766,12.457579,2.0700134e-06,9.428334e-06,0,0,1
658784000,658632000,658632000,0,-490.6253,12.371235,-0.08358765,0.019436317,12.459135,2.2431397e-05,5.4180186e-06,0,0,1
658856000,658704000,658704000,0,-490.59323,12.371272,-0.11276245,0.0027959142,12.452485,4.0844443e-05,-4.052281e-07,0,0,1
658928000,658776000,658776000,0,-490.78683,12.371308,0.08102417,0.012642827,12.453967,2.1085381e-05,2.2998836e-06,0,0,1
659000000,658848000,658848000,0,-490.69687,12.371343,-0.010192871,0.009768404,12.455467,3.3365146e-07,1.9683896e-06,0,0,1
659072000,658918666,658920000,0,-490.7486,12.371378,0.04095459,0.013630213,12.45699,5.3858225e-06,2.391573e-06,0,0,1
659144000,658992000,658992000,0,-490.7623,12.371412,0.053833008,0.018772472,12.458533,9.304443e-06,3.2757844e-06,0,0,1
659216000,659062666,659064000,0,-490.75238,12.371446,0.043395996,0.021821622,12.460094,6.0455804e-06,3.6187703e-06,0,0,1
659280000,659124000,659128000,0,-490.7285,12.371344,0.024017334,0.022061536,12.453051,1.8528226e-06,3.4258146e-06,0,0,1
659336000,659184000,659184000,0,-490.69067,12.371107,-0.009399414,0.01869072,12.453819,2.837651e-07,3.0283597e-06,0,0,1
659408000,659256000,659256000,0,-490.70486,12.371146,0.014312744,0.018139645,12.455326,6.578861e-07,2.7299784e-06,0,0,1
659480000,659328000,659328000,0,-490.67184,12.371185,-0.006439209,0.015045804,12.456854,1.3314248e-07,2.3695857e-06,0,0,1
659552000,659400000,659400000,0,-490.62027,12.3712225,-0.04309082,0.007727908,12.4584,5.961661e-06,1.3208975e-06,0,0,1
659624000,659470666,659472000,0,-490.6911,12.37126,0.045532227,0.012409246,12.459967,6.655503e-06,1.9814856e-06,0,0,1
659696000,659542666,659544000,0,-490.68597,12.371297,0.05758667,0.018095914,12.453272,1.0651738e-05,3.072846e-06,0,0,1
659760000,659604000,659608000,0,-490.6056,12.371197,-0.0,0.015628498,12.454403,6.4635614e-08,2.73003e-06,0,0,1
659816000,659664000,659664000,0,-490.60095,12.370964,0.008026123,0.014813958,12.455189,2.0688132e-07,2.4596927e-06,0,0,1
659888000,659734666,659736000,0,-490.53043,12.371006,-0.0,0.008089489,12.456719,5.0075464e-06,1.535019e-06,0,0,1
659960000,659808000,659808000,0,-490.4886,12.371047,-0.0,-0.00021343026,12.45827,1.0367206e-05,1.2629243e-08,0,0,1
660032000,659880000,659880000,0,-490.5173,12.371088,-0.0,-0.0008088674,12.451702,7.851659e-08,1.1563417e-09,0,0,1
660104000,659952000,659952000,0,-490.51263,12.371127,0.020019531,0.0018128888,12.4531765,1.2873234e-06,1.6305148e-07,0,0,1
660176000,660022666,660024000,0,-490.3434,12.371165,-0.0,-0.012734069,12.454672,4.2964155e-05,-5.1774227e-06,0,0,1
660248000,660096000,660096000,0,-490.43375,12.371203,0.012634277,-0.009489254,12.456189,5.125965e-07,-4.4496237e-06,0,0,1
660320000,660168000,660168000,0,-490.36792,12.371242,-0.0,-0.009746842,12.457727,4.2727248e-07,-3.943314e-06,0,0,1
660392000,660240000,660240000,0,-490.3727,12.371278,0.038513184,-0.0036721542,12.459284,4.76196e-06,-2.8475451e-06,0,0,1
660464000,660312000,660312000,0,-490.22208,12.371314,-0.0,-0.012045084,12.452651,1.5825373e-05,-4.4811177e-06,0,0,1
660536000,660384000,660384000,0,-490.23688,12.371349,-0.0,-0.010986043,12.454134,4.2358494e-08,-3.922393e-06,0,0,1
660608000,660456000,660456000,0,-490.18994,12.371384,0.0034179688,-0.009172951,12.455637,3.7517182e-08,-3.4239426e-06,0,0,1
660680000,660526666,660528000,0,-490.1054,12.371417,-0.0,-0.011385265,12.457161,2.3475156e-06,-3.2906478e-06,0,0,1
660744000,660588000,660592000,0,-490.06342,12.371316,-0.0,-0.012585442,12.458335,1.6066011e-06,-3.1066409e-06,0,0,1
660800000,660648000,660648000,0,-490.0355,12.37108,-0.0,-0.0123454435,12.459148,3.4361426e-07,-2.8106024e-06,0,0,1
660872000,660718666,660720000,0,-489.95575,12.37112,-0.0,-0.015668953,12.452509,4.9321166e-06,-3.073311e-06,0,0,1
660936000,660780000,660784000,0,-489.9749,12.371024,0.025146484,-0.011209266,12.453638,2.0310392e-06,-2.5155857e-06,0,0,1
660992000,660838666,660840000,0,-489.89014,12.370794,-0.0,-0.012163281,12.454423,1.3227562e-06,-2.3903256e-06,0,0,1
661056000,660900000,660904000,0,-489.9608,12.370705,0.09552002,-0.00039729662,12.4555855,2.9301147e-05,1.0724341e-06,0,0,1
661112000,660958666,660960000,0,-489.7955,12.3704815,-0.0,-0.0036083236,12.456396,3.0810575e-06,6.362724e-07,0,0,1
661184000,661032000,661032000,0,-489.7207,12.370533,-0.0,-0.010215923,12.457963,9.807312e-06,-6.995456e-07,0,0,1
661256000,661104000,661104000,0,-489.6837,12.370584,-0.0,-0.0138815325,12.451404,4.9710443e-06,-1.2372168e-06,0,0,1
661328000,661176000,661176000,0,-489.65118,12.370632,-0.0,-0.014819327,12.452893,1.4616528e-06,-1.2654675e-06,0,0,1
661400000,661246666,661248000,0,-489.50586,12.370681,-0.0,-0.02736339,12.454404,4.330584e-05,-6.4713586e-06,0,0,1
661472000,661320000,661320000,0,-489.48822,12.370728,-0.0,-0.03450808,12.455935,2.2240987e-05,-8.48842e-06,0,0,1
661544000,661390666,661392000,0,-489.56882,12.370774,0.04763794,-0.024335876,12.457485,7.286778e-06,-6.534965e-06,0,0,1
661616000,661464000,661464000,0,-489.51672,12.37082,0.045654297,-0.015383573,12.459056,6.691726e-06,-4.8431657e-06,0,0,1
661688000,661536000,661536000,0,-489.36136,12.370866,-0.0,-0.021318153,12.452429,1.2560009e-05,-5.8145165e-06,0,0,1
661760000,661608000,661608000,0,-489.34317,12.370909,-0.0,-0.02246844,12.453923,2.9793052e-06,-5.4576367e-06,0,0,1
661832000,661680000,661680000,0,-489.35754,12.370953,0.034179688,-0.015337907,12.45544,3.7517777e-06,-4.2984097e-06,0,0,1
661904000,661752000,661752000,0,-489.19287,12.370995,-0.0,-0.023544645,12.456975,2.082698e-05,-6.378929e-06,0,0,1
661976000,661824000,661824000,0,-489.19836,12.371036,-0.0,-0.02373475,12.45853,2.0154853e-06,-5.829684e-06,0,0,1
662048000,661896000,661896000,0,-489.13287,12.371077,-0.0,-0.025552718,12.451934,4.6820705e-06,-5.685229e-06,0,0,1
662120000,661968000,661968000,0,-489.01587,12.371117,-0.0,-0.03556214,12.453414,3.5460573e-05,-9.4331745e-06,0,0,1
662192000,662038666,662040000,0,-489.05917,12.371155,-0.0,-0.032560468,12.454913,4.1168707e-07,-8.316037e-06,0,0,1
662264000,662110666,662112000,0,-488.97006,12.371194,-0.0,-0.034719545,12.456435,7.936125e-06,-8.268215e-06,0,0,1
662336000,662184000,662184000,0,-488.88135,12.371231,-0.0,-0.04155178,12.457976,2.4940606e-05,-1.0400748e-05,0,0,1
662408000,662256000,662256000,0,-488.83994,12.371268,-0.0,-0.04632826,12.4595375,2.0289608e-05,-1.1645499e-05,0,0,1
662480000,662326666,662328000,0,-488.8548,12.3713045,-0.0,-0.041914053,12.452879,3.6645991e-07,-1.02488075e-05,0,0,1
662552000,662400000,662400000,0,-488.7751,12.37134,-0.0,-0.04170155,12.454365,5.20389e-06,-9.603522e-06,0,0,1
662624000,662470666,662472000,0,-488.72855,12.371374,-0.0,-0.041061096,12.455871,4.285232e-06,-8.944954e-06,0,0,1
662688000,662532000,662536000,0,-488.78055,12.371273,0.060394287,-0.029975604,12.457031,1.1712164e-05,-6.68786e-06,0,0,1
662744000,662592000,662592000,0,-488.67194,12.371039,-0.0,-0.027764473,12.457836,2.800015e-07,-6.001304e-06,0,0,1
662816000,662664000,662664000,0,-488.65326,12.371079,0.022460938,-0.021442395,12.459402,1.6196402e-06,-5.0420244e-06,0,0,1
662888000,662734666,662736000,0,-488.53568,12.3711195,-0.0,-0.02406645,12.452756,5.838314e-06,-5.1406296e-06,0,0,1
662960000,662808000,662808000,0,-488.4375,12.371159,-0.0,-0.032550156,12.454247,2.6242955e-05,-7.839786e-06,0,0,1
663032000,662878666,662880000,0,-488.48062,12.371197,0.003112793,-0.028133987,12.45576,3.1116464e-08,-6.865126e-06,0,0,1
663096000,662940000,662944000,0,-488.35852,12.371099,-0.0,-0.033206105,12.456924,1.7848275e-05,-8.065197e-06,0,0,1
663152000,663000000,663000000,0,-488.35455,12.370869,-0.0,-0.0338957,12.457734,5.0459084e-06,-7.741702e-06,0,0,1
663224000,663072000,663072000,0,-488.31268,12.370913,-0.0,-0.03359725,12.459306,3.1905602e-06,-7.168831e-06,0,0,1
663296000,663144000,663144000,0,-488.20502,12.370955,-0.0,-0.04054278,12.452668,2.531542e-05,-9.453017e-06,0,0,1
663368000,663216000,663216000,0,-488.1777,12.370997,-0.0,-0.043756068,12.4541645,1.4020429e-05,-1.0027936e-05,0,0,1
663440000,663286666,663288000,0,-488.23468,12.371038,0.03933716,-0.03346657,12.455682,4.9693367e-06,-8.170812e-06,0,0,1
663504000,663348000,663352000,0,-488.17798,12.370944,-0.0,-0.030526772,12.456851,1.3823843e-07,-7.2931352e-06,0,0,1
663560000,663408000,663408000,0,-488.0982,12.370716,-0.0,-0.03651595,12.457664,2.3983359e-05,-9.081374e-06,0,0,1
663632000,663478666,663480000,0,-488.09436,12.370764,-0.0,-0.04374311,12.458154,2.8903329e-05,-1.1535942e-05,0,0,1
663696000,663540000,663544000,0,-488.1422,12.370674,-0.0,-0.0433784,12.452254,5.244307e-06,-1.0848488e-05,0,0,1
663752000,663600000,663600000,0,-488.18488,12.370451,0.002319336,-0.038482215,12.453037,1.7278738e-08,-9.684299e-06,0,0,1
663824000,663670666,663672000,0,-488.04868,12.370503,-0.0,-0.05029925,12.454558,5.759238e-05,-1.5616792e-05,0,0,1
663896000,663744000,663744000,0,-488.19553,12.370554,0.012664795,-0.042245645,12.456098,5.150796e-07,-1.35533965e-05,0,0,1
663968000,663814666,663816000,0,-488.14377,12.370604,-0.0,-0.0419006,12.457658,4.9994333e-06,-1.24941525e-05,0,0,1
664040000,663888000,663888000,0,-488.20987,12.370653,0.032440186,-0.03239182,12.451126,3.3807887e-06,-1.0463621e-05,0,0,1
664112000,663957333,663960000,0,-488.12036,12.370701,-0.0,-0.035482332,12.452609,1.0720154e-05,-1.0494861e-05,0,0,1
664176000,664020000,664024000,0,-488.14908,12.370612,-0.0,-0.03482062,12.453754,2.8029187e-06,-9.638172e-06,0,0,1
664232000,664080000,664080000,0,-488.10242,12.370391,-0.0,-0.03930016,12.454554,1.8859293e-05,-1.0626149e-05,0,0,1
664304000,664152000,664152000,0,-488.20175,12.370443,0.022064209,-0.031575974,12.456098,1.5633447e-06,-9.0918065e-06,0,0,1
664376000,664224000,664224000,0,-488.09357,12.370496,-0.0,-0.03855313,12.457662,2.4306255e-05,-1.1006912e-05,0,0,1
664448000,664296000,664296000,0,-488.09912,12.370547,-0.0,-0.043253783,12.451131,1.8505589e-05,-1.1950801e-05,0,0,1
664520000,664368000,664368000,0,-488.12802,12.370597,-0.0,-0.043840207,12.452619,7.3739257e-06,-1.1374691e-05,0,0,1
664592000,664438666,664440000,0,-488.3069,12.3706455,0.1298523,-0.022331735,12.454128,5.4155913e-05,-3.2599864e-06,0,0,1
664656000,664498000,664504000,0,-488.1366,12.370559,-0.0,-0.024436735,12.455294,5.7124475e-06,-3.5201429e-06,0,0,1
664712000,664558666,664560000,0,-488.19803,12.370338,0.018463135,-0.019794822,12.456107,1.0946834e-06,-3.0208028e-06,0,0,1
664784000,664629333,664632000,0,-488.1556,12.370392,-0.025054932,-0.020446192,12.457675,2.0156237e-06,-2.896329e-06,0,0,1
664848000,664692000,664696000,0,-488.1183,12.370311,-0.054138184,-0.024198636,12.450792,9.416085e-06,-3.6224665e-06,0,0,1
664904000,664752000,664752000,0,-488.17514,12.370094,0.0024108887,-0.021347616,12.451574,1.8671965e-08,-3.2323446e-06,0,0,1
664976000,664822666,664824000,0,-488.18454,12.370152,0.011077881,-0.017332342,12.453086,3.9418163e-07,-2.783269e-06,0,0,1
665040000,664884000,664888000,0,-488.14685,12.370075,-0.027374268,-0.01842957,12.454256,2.406729e-06,-2.7421265e-06,0,0,1
665096000,664942666,664944000,0,-488.23163,12.3698635,0.057159424,-0.010491904,12.455074,1.049275e-05,-1.3523206e-06,0,0,1
665168000,665014666,665016000,0,-488.1231,12.369927,-0.0524292,-0.015770724,12.456647,8.826841e-06,-2.2931692e-06,0,0,1
665240000,665086666,665088000,0,-488.14706,12.369989,-0.019348145,-0.016221028,12.450182,1.2027156e-06,-2.1559094e-06,0,0,1
665312000,665160000,665160000,0,-488.15665,12.370049,-0.010192871,-0.015449978,12.451677,3.33753e-07,-1.922841e-06,0,0,1
665384000,665232000,665232000,0,-488.13327,12.370109,-0.034057617,-0.017792199,12.453193,3.7256996e-06,-2.1497742e-06,0,0,1
665456000,665304000,665304000,0,-488.13358,12.370167,-0.034088135,-0.019843435,12.454729,3.7319187e-06,-2.3489254e-06,0,0,1
665528000,665374666,665376000,0,-488.12454,12.370225,-0.043426514,-0.022763746,12.456286,6.055937e-06,-2.8079673e-06,0,0,1
665600000,665448000,665448000,0,-488.0827,12.370281,-0.085510254,-0.030789526,12.457863,2.3477554e-05,-5.4517727e-06,0,0,1
665672000,665520000,665520000,0,-488.17273,12.370337,0.0107421875,-0.02556176,12.451319,3.7070643e-07,-4.7188732e-06,0,0,1
665744000,665592000,665592000,0,-488.1726,12.37039,0.010009766,-0.021084225,12.452819,3.218401e-07,-4.084378e-06,0,0,1
665816000,665664000,665664000,0,-488.18192,12.370443,0.018707275,-0.016075505,12.45434,1.1239846e-06,-3.42878e-06,0,0,1
665888000,665736000,665736000,0,-488.13947,12.370495,-0.024230957,-0.017102065,12.455881,1.8855005e-06,-3.234521e-06,0,0,1
665960000,665808000,665808000,0,-488.10217,12.370546,-0.061920166,-0.022743504,12.457443,1.2311055e-05,-4.3770215e-06,0,0,1
666032000,665878666,665880000,0,-488.1779,12.370597,0.019012451,-0.017572833,12.450938,1.1612724e-06,-3.6912104e-06,0,0,1
666104000,665952000,665952000,0,-488.22467,12.3706455,0.06539917,-0.006960051,12.452423,1.3738857e-05,-1.4617654e-06,0,0,1
666176000,666024000,666024000,0,-488.30853,12.370693,0.14855957,0.012615843,12.453929,7.0885086e-05,7.644831e-06,0,0,1
666248000,666094666,666096000,0,-488.18033,12.37074,0.019073486,0.013415498,12.455456,1.1683167e-06,6.84284e-06,0,0,1
666320000,666168000,666168000,0,-488.25525,12.370787,0.09359741,0.023671405,12.457004,2.8130284e-05,9.565674e-06,0,0,1
666392000,666238666,666240000,0,-488.16983,12.370832,0.007171631,0.021628225,12.4585705,1.6513063e-07,8.401597e-06,0,0,1
666464000,666310666,666312000,0,-488.17447,12.370877,0.016815186,0.021022389,12.45199,9.082901e-07,7.458384e-06,0,0,1
666536000,666384000,666384000,0,-488.24472,12.37092,0.0864563,0.029391909,12.453481,2.4008363e-05,9.575258e-06,0,0,1
666608000,666456000,666456000,0,-488.11243,12.370963,-0.046722412,0.019811086,12.454993,7.0107913e-06,7.4875043e-06,0,0,1
666680000,666528000,666528000,0,-488.16452,12.371005,0.0054016113,0.017997306,12.456526,9.369356e-08,6.5568147e-06,0,0,1
666752000,666598666,666600000,0,-488.21613,12.371046,0.056518555,0.02276742,12.458078,1.0256307e-05,7.014926e-06,0,0,1
666816000,666660000,666664000,0,-488.2813,12.370952,0.12106323,0.033507682,12.459275,4.705348e-05,1.1389727e-05,0,0,1
666872000,666718666,666720000,0,-488.18622,12.370725,0.028747559,0.03300782,12.451923,2.6547614e-06,1.047246e-05,0,0,1
666936000,666780000,666784000,0,-488.16714,12.370635,0.009246826,0.03041158,12.45306,2.7464347e-07,9.358198e-06,0,0,1
666992000,666838666,666840000,0,-488.17645,12.370413,0.0184021,0.029150454,12.453854,1.0876546e-06,8.489702e-06,0,0,1
667064000,666912000,666912000,0,-488.10117,12.370465,-0.05722046,0.018102925,12.455389,1.0514905e-05,6.058861e-06,0,0,1
667136000,666984000,666984000,0,-488.14868,12.370518,-0.009490967,0.014629569,12.456944,2.8924734e-07,5.2597984e-06,0,0,1
667208000,667056000,667056000,0,-488.16284,12.370568,0.0044555664,0.013348925,12.458519,6.373814e-08,4.605749e-06,0,0,1
667280000,667126666,667128000,0,-488.1299,12.370618,-0.02532959,0.008559335,12.451926,2.0610084e-06,3.7801994e-06,0,0,1
667352000,667200000,667200000,0,-488.1208,12.3706665,-0.034576416,0.0030419277,12.453425,3.839999e-06,2.8055151e-06,0,0,1
