timestamp,noutputs,output[0],output[1],output[2],output[3],output[4],output[5],output[6],output[7],output[8],output[9],output[10],output[11],output[12],output[13],output[14],output[15]
2015920000,16,1002.0,1000.0,1002.0,1000.0,900.0,900.0,900.0,900.0,900.0,900.0,900.0,900.0,900.0,900.0,900.0,900.0
2015928000,16,1000.0,1002.0,1000.0,1002.0,900.0,900.0,900.0,900.0,900.0,900.0,900.0,900.0,900.0,900.0,900.0,900.0
2016020000,16,1000.0,1001.0,1002.0,1001.0,900.0,900.0,900.0,900.0,900.0,900.0,900.0,900.0,900.0,900.0,900.0,900.0
2016120000,16,1002.0,1000.0,1002.0,1000.0,900.0,900.0,900.0,900.0,900.0,900.0,900.0,900.0,900.0,900.0,900.0,900.0
2016220000,16,1002.0,1000.0,1002.0,1000.0,900.0,900.0,900.0,900.0,900.0,900.0,900.0,900.0,900.0,900.0,900.0,900.0
2016320000,16,1002.0,1000.0,1002.0,1000.0,900.0,900.0,900.0,900.0,900.0,900.0,900.0,900.0,900.0,900.0,900.0,900.0
2016420000,16,1001.0,1002.0,1001.0,1001.0,900.0,900.0,900.0,900.0,900.0,900.0,900.0,900.0,900.0,900.0,900.0,900.0
2016516000,16,1000.0,1002.0,1000.0,1002.0,900.0,900.0,900.0,900.0,900.0,900.0,900.0,900.0,900.0,900.0,900.0,900.0
2016620000,16,1000.0,1002.0,1000.0,1002.0,900.0,900.0,900.0,900.0,900.0,900.0,900.0,900.0,900.0,900.0,900.0,900.0
2016720000,16,1002.0,1000.0,1002.0,1000.0,900.0,900.0,900.0,900.0,900.0,900.0,900.0,900.0,900.0,900.0,900.0,900.0
2016820000,16,1002.0,1000.0,1002.0,1000.0,900.0,900.0,900.0,900.0,900.0,900.0,900.0,900.0,900.0,900.0,900.0,900.0
2016920000,16,1001.0,1001.0,1000.0,1001.0,900.0,900.0,900.0,900.0,900.0,900.0,900.0,900.0,900.0,900.0,900.0,900.0
2017020000,16,1021.0,1016.0,1019.0,1019.0,900.0,900.0,900.0,900.0,900.0,900.0,900.0,900.0,900.0,900.0,900.0,900.0
2017120000,16,1032.0,1033.0,1031.0,1035.0,900.0,900.0,900.0,900.0,900.0,900.0,900.0,900.0,900.0,900.0,900.0,900.0
2017220000,16,1047.0,1052.0,1050.0,1051.0,900.0,900.0,900.0,900.0,900.0,900.0,900.0,900.0,900.0,900.0,900.0,900.0
2017320000,16,1067.0,1068.0,1062.0,1074.0,900.0,900.0,900.0,900.0,900.0,900.0,900.0,900.0,900.0,900.0,900.0,900.0
2017420000,16,1091.0,1086.0,1089.0,1090.0,900.0,900.0,900.0,900.0,900.0,900.0,900.0,900.0,900.0,900.0,900.0,900.0
2017520000,16,1115.0,1110.0,1112.0,1114.0,900.0,900.0,900.0,900.0,900.0,900.0,900.0,900.0,900.0,900.0,900.0,900.0
2017620000,16,1140.0,1132.0,1132.0,1139.0,900.0,900.0,900.0,900.0,900.0,900.0,900.0,900.0,900.0,900.0,900.0,900.0
2017720000,16,1161.0,1159.0,1159.0,1160.0,900.0,900.0,900.0,900.0,900.0,900.0,900.0,900.0,900.0,900.0,900.0,900.0
2017820000,16,1191.0,1187.0,1185.0,1191.0,900.0,900.0,900.0,900.0,900.0,900.0,900.0,900.0,900.0,900.0,900.0,900.0
2017916000,16,1222.0,1214.0,1214.0,1219.0,900.0,900.0,900.0,900.0,900.0,900.0,900.0,900.0,900.0,900.0,900.0,900.0
2018020000,16,1256.0,1246.0,1249.0,1252.0,900.0,900.0,900.0,900.0,900.0,900.0,900.0,900.0,900.0,900.0,900.0,900.0
2018116000,16,1287.0,1279.0,1277.0,1287.0,900.0,900.0,900.0,900.0,900.0,900.0,900.0,900.0,900.0,900.0,900.0,900.0
2018220000,16,1323.0,1316.0,1315.0,1322.0,900.0,900.0,900.0,900.0,900.0,900.0,900.0,900.0,900.0,900.0,900.0,900.0
2018320000,16,1340.0,1322.0,1327.0,1335.0,900.0,900.0,900.0,900.0,900.0,900.0,900.0,900.0,900.0,900.0,900.0,900.0
2018416000,16,1343.0,1334.0,1333.0,1345.0,900.0,900.0,900.0,900.0,900.0,900.0,900.0,900.0,900.0,900.0,900.0,900.0
2018516000,16,1361.0,1341.0,1344.0,1359.0,900.0,900.0,900.0,900.0,900.0,900.0,900.0,900.0,900.0,900.0,900.0,900.0
2018620000,16,1370.0,1356.0,1359.0,1366.0,900.0,900.0,900.0,900.0,900.0,900.0,900.0,900.0,900.0,900.0,900.0,900.0
2018720000,16,1385.0,1365.0,1364.0,1382.0,900.0,900.0,900.0,900.0,900.0,900.0,900.0,900.0,900.0,900.0,900.0,900.0
2018820000,16,1399.0,1377.0,1383.0,1391.0,900.0,900.0,900.0,900.0,900.0,900.0,900.0,900.0,900.0,900.0,900.0,900.0
2018920000,16,1410.0,1388.0,1398.0,1400.0,900.0,900.0,900.0,900.0,900.0,900.0,900.0,900.0,900.0,900.0,900.0,900.0
2019020000,16,1426.0,1401.0,1409.0,1417.0,900.0,900.0,900.0,900.0,900.0,900.0,900.0,900.0,900.0,900.0,900.0,900.0
2019120000,16,1439.0,1415.0,1416.0,1437.0,900.0,900.0,900.0,900.0,900.0,900.0,900.0,900.0,900.0,900.0,900.0,900.0
2019220000,16,1456.0,1428.0,1433.0,1450.0,900.0,900.0,900.0,900.0,900.0,900.0,900.0,900.0,900.0,900.0,900.0,900.0
2019320000,16,1467.0,1443.0,1443.0,1467.0,900.0,900.0,900.0,900.0,900.0,900.0,900.0,900.0,900.0,900.0,900.0,900.0
2019420000,16,1489.0,1455.0,1468.0,1475.0,900.0,900.0,900.0,900.0,900.0,900.0,900.0,900.0,900.0,900.0,900.0,900.0
2019520000,16,1502.0,1470.0,1477.0,1493.0,900.0,900.0,900.0,900.0,900.0,900.0,900.0,900.0,900.0,900.0,900.0,900.0
2019620000,16,1521.0,1488.0,1501.0,1505.0,900.0,900.0,900.0,900.0,900.0,900.0,900.0,900.0,900.0,900.0,900.0,900.0
2019720000,16,1543.0,1496.0,1517.0,1520.0,900.0,900.0,900.0,900.0,900.0,900.0,900.0,900.0,900.0,900.0,900.0,900.0
2019820000,16,1559.0,1518.0,1532.0,1541.0,900.0,900.0,900.0,900.0,900.0,900.0,900.0,900.0,900.0,900.0,900.0,900.0
2019920000,16,1577.0,1530.0,1545.0,1561.0,900.0,900.0,900.0,900.0,900.0,900.0,900.0,900.0,900.0,900.0,900.0,900.0
2020020000,16,1625.0,1573.0,1593.0,1603.0,900.0,900.0,900.0,900.0,900.0,900.0,900.0,900.0,900.0,900.0,900.0,900.0
2020116000,16,1639.0,1592.0,1610.0,1622.0,900.0,900.0,900.0,900.0,900.0,900.0,900.0,900.0,900.0,900.0,900.0,900.0
2020216000,16,1659.0,1607.0,1626.0,1640.0,900.0,900.0,900.0,900.0,900.0,900.0,900.0,900.0,900.0,900.0,900.0,900.0
2020320000,16,1678.0,1632.0,1644.0,1664.0,900.0,900.0,900.0,900.0,900.0,900.0,900.0,900.0,900.0,900.0,900.0,900.0
2020420000,16,1707.0,1650.0,1670.0,1685.0,900.0,900.0,900.0,900.0,900.0,900.0,900.0,900.0,900.0,900.0,900.0,900.0
2020520000,16,1728.0,1667.0,1692.0,1699.0,900.0,900.0,900.0,900.0,900.0,900.0,900.0,900.0,900.0,900.0,900.0,900.0
2020620000,16,1740.0,1694.0,1716.0,1717.0,900.0,900.0,900.0,900.0,900.0,900.0,900.0,900.0,900.0,900.0,900.0,900.0
2020720000,16,1730.0,1729.0,1730.0,1727.0,900.0,900.0,900.0,900.0,900.0,900.0,900.0,900.0,900.0,900.0,900.0,900.0
2020820000,16,1737.0,1747.0,1745.0,1739.0,900.0,900.0,900.0,900.0,900.0,900.0,900.0,900.0,900.0,900.0,900.0,900.0
2020920000,16,1742.0,1748.0,1745.0,1745.0,900.0,900.0,900.0,900.0,900.0,900.0,900.0,900.0,900.0,900.0,900.0,900.0
2021020000,16,1754.0,1748.0,1752.0,1749.0,900.0,900.0,900.0,900.0,900.0,900.0,900.0,900.0,900.0,900.0,900.0,900.0
2021120000,16,1755.0,1747.0,1757.0,1743.0,900.0,900.0,900.0,900.0,900.0,900.0,900.0,900.0,900.0,900.0,900.0,900.0
2021220000,16,1756.0,1751.0,1762.0,1747.0,900.0,900.0,900.0,900.0,900.0,900.0,900.0,900.0,900.0,900.0,900.0,900.0
2021320000,16,1756.0,1751.0,1753.0,1754.0,900.0,900.0,900.0,900.0,900.0,900.0,900.0,900.0,900.0,900.0,900.0,900.0
2021420000,16,1751.0,1738.0,1745.0,1743.0,900.0,900.0,900.0,900.0,900.0,900.0,900.0,900.0,900.0,900.0,900.0,900.0
2021520000,16,1732.0,1717.0,1732.0,1718.0,900.0,900.0,900.0,900.0,900.0,900.0,900.0,900.0,900.0,900.0,900.0,900.0
2021620000,16,1731.0,1731.0,1734.0,1728.0,900.0,900.0,900.0,900.0,900.0,900.0,900.0,900.0,900.0,900.0,900.0,900.0
2021716000,16,1720.0,1719.0,1718.0,1717.0,900.0,900.0,900.0,900.0,900.0,900.0,900.0,900.0,900.0,900.0,900.0,900.0
2021820000,16,1728.0,1722.0,1726.0,1723.0,900.0,900.0,900.0,900.0,900.0,900.0,900.0,900.0,900.0,900.0,900.0,900.0
2021920000,16,1725.0,1718.0,1723.0,1719.0,900.0,900.0,900.0,900.0,900.0,900.0,900.0,900.0,900.0,900.0,900.0,900.0
2022016000,16,1720.0,1719.0,1723.0,1717.0,900.0,900.0,900.0,900.0,900.0,900.0,900.0,900.0,900.0,900.0,900.0,900.0
2022120000,16,1721.0,1721.0,1723.0,1721.0,900.0,900.0,900.0,900.0,900.0,900.0,900.0,900.0,900.0,900.0,900.0,900.0
2022220000,16,1724.0,1725.0,1726.0,1724.0,900.0,900.0,900.0,900.0,900.0,900.0,900.0,900.0,900.0,900.0,900.0,900.0
2022320000,16,1724.0,1715.0,1724.0,1714.0,900.0,900.0,900.0,900.0,900.0,900.0,900.0,900.0,900.0,900.0,900.0,900.0
2022420000,16,1719.0,1725.0,1721.0,1725.0,900.0,900.0,900.0,900.0,900.0,900.0,900.0,900.0,900.0,900.0,900.0,900.0
2022520000,16,1722.0,1712.0,1723.0,1712.0,900.0,900.0,900.0,900.0,900.0,900.0,900.0,900.0,900.0,900.0,900.0,900.0
2022620000,16,1725.0,1718.0,1724.0,1716.0,900.0,900.0,900.0,900.0,900.0,900.0,900.0,900.0,900.0,900.0,900.0,900.0
2022720000,16,1722.0,1711.0,1720.0,1710.0,900.0,900.0,900.0,900.0,900.0,900.0,900.0,900.0,900.0,900.0,900.0,900.0
2022820000,16,1720.0,1716.0,1719.0,1718.0,900.0,900.0,900.0,900.0,900.0,900.0,900.0,900.0,900.0,900.0,900.0,900.0
2022920000,16,1711.0,1717.0,1715.0,1713.0,900.0,900.0,900.0,900.0,900.0,900.0,900.0,900.0,900.0,900.0,900.0,900.0
2023020000,16,1716.0,1720.0,1722.0,1714.0,900.0,900.0,900.0,900.0,900.0,900.0,900.0,900.0,900.0,900.0,900.0,900.0
2023120000,16,1715.0,1712.0,1717.0,1709.0,900.0,900.0,900.0,900.0,900.0,900.0,900.0,900.0,900.0,900.0,900.0,900.0
2023220000,16,1718.0,1715.0,1719.0,1715.0,900.0,900.0,900.0,900.0,900.0,900.0,900.0,900.0,900.0,900.0,900.0,900.0
2023320000,16,1712.0,1710.0,1710.0,1713.0,900.0,900.0,900.0,900.0,900.0,900.0,900.0,900.0,900.0,900.0,900.0,900.0
2023420000,16,1715.0,1714.0,1714.0,1714.0,900.0,900.0,900.0,900.0,900.0,900.0,900.0,900.0,900.0,900.0,900.0,900.0
2023520000,16,1706.0,1712.0,1712.0,1706.0,900.0,900.0,900.0,900.0,900.0,900.0,900.0,900.0,900.0,900.0,900.0,900.0
2023616000,16,1712.0,1704.0,1710.0,1706.0,900.0,900.0,900.0,900.0,900.0,900.0,900.0,900.0,900.0,900.0,900.0,900.0
2023720000,16,1713.0,1705.0,1712.0,1706.0,900.0,900.0,900.0,900.0,900.0,900.0,900.0,900.0,900.0,900.0,900.0,900.0
2023820000,16,1714.0,1707.0,1711.0,1711.0,900.0,900.0,900.0,900.0,900.0,900.0,900.0,900.0,900.0,900.0,900.0,900.0
2023916000,16,1707.0,1706.0,1712.0,1702.0,900.0,900.0,900.0,900.0,900.0,900.0,900.0,900.0,900.0,900.0,900.0,900.0
2024020000,16,1712.0,1708.0,1710.0,1708.0,900.0,900.0,900.0,900.0,900.0,900.0,900.0,900.0,900.0,900.0,900.0,900.0
2024120000,16,1712.0,1705.0,1708.0,1705.0,900.0,900.0,900.0,900.0,900.0,900.0,900.0,900.0,900.0,900.0,900.0,900.0
2024220000,16,1685.0,1687.0,1685.0,1686.0,900.0,900.0,900.0,900.0,900.0,900.0,900.0,900.0,900.0,900.0,900.0,900.0
2024320000,16,1664.0,1665.0,1669.0,1661.0,900.0,900.0,900.0,900.0,900.0,900.0,900.0,900.0,900.0,900.0,900.0,900.0
2024420000,16,1654.0,1654.0,1658.0,1651.0,900.0,900.0,900.0,900.0,900.0,900.0,900.0,900.0,900.0,900.0,900.0,900.0
2024520000,16,1679.0,1670.0,1678.0,1672.0,900.0,900.0,900.0,900.0,900.0,900.0,900.0,900.0,900.0,900.0,900.0,900.0
2024620000,16,1697.0,1692.0,1700.0,1693.0,900.0,900.0,900.0,900.0,900.0,900.0,900.0,900.0,900.0,900.0,900.0,900.0
2024720000,16,1717.0,1711.0,1715.0,1716.0,900.0,900.0,900.0,900.0,900.0,900.0,900.0,900.0,900.0,900.0,900.0,900.0
2024820000,16,1724.0,1724.0,1722.0,1724.0,900.0,900.0,900.0,900.0,900.0,900.0,900.0,900.0,900.0,900.0,900.0,900.0
2024920000,16,1715.0,1723.0,1717.0,1717.0,900.0,900.0,900.0,900.0,900.0,900.0,900.0,900.0,900.0,900.0,900.0,900.0
2025020000,16,1710.0,1710.0,1708.0,1710.0,900.0,900.0,900.0,900.0,900.0,900.0,900.0,900.0,900.0,900.0,900.0,900.0
2025120000,16,1704.0,1707.0,1701.0,1710.0,900.0,900.0,900.0,900.0,900.0,900.0,900.0,900.0,900.0,900.0,900.0,900.0
2025216000,16,1709.0,1701.0,1707.0,1702.0,900.0,900.0,900.0,900.0,900.0,900.0,900.0,900.0,900.0,900.0,900.0,900.0
2025320000,16,1707.0,1704.0,1705.0,1705.0,900.0,900.0,900.0,900.0,900.0,900.0,900.0,900.0,900.0,900.0,900.0,900.0
2025420000,16,1707.0,1703.0,1711.0,1700.0,900.0,900.0,900.0,900.0,900.0,900.0,900.0,900.0,900.0,900.0,900.0,900.0
2025520000,16,1703.0,1705.0,1705.0,1706.0,900.0,900.0,900.0,900.0,900.0,900.0,900.0,900.0,900.0,900.0,900.0,900.0
2025620000,16,1708.0,1705.0,1711.0,1702.0,900.0,900.0,900.0,900.0,900.0,900.0,900.0,900.0,900.0,900.0,900.0,900.0
2025720000,16,1708.0,1703.0,1706.0,1704.0,900.0,900.0,900.0,900.0,900.0,900.0,900.0,900.0,900.0,900.0,900.0,900.0
2025820000,16,1704.0,1707.0,1705.0,1707.0,900.0,900.0,900.0,900.0,900.0,900.0,900.0,900.0,900.0,900.0,900.0,900.0
2025920000,16,1705.0,1706.0,1707.0,1704.0,900.0,900.0,900.0,900.0,900.0,900.0,900.0,900.0,900.0,900.0,900.0,900.0
2026020000,16,1708.0,1705.0,1702.0,1707.0,900.0,900.0,900.0,900.0,900.0,900.0,900.0,900.0,900.0,900.0,900.0,900.0
2026120000,16,1711.0,1699.0,1705.0,1701.0,900.0,900.0,900.0,900.0,900.0,900.0,900.0,900.0,900.0,900.0,900.0,900.0
2026220000,16,1710.0,1700.0,1709.0,1703.0,900.0,900.0,900.0,900.0,900.0,900.0,900.0,900.0,900.0,900.0,900.0,900.0
2026320000,16,1707.0,1701.0,1701.0,1709.0,900.0,900.0,900.0,900.0,900.0,900.0,900.0,900.0,900.0,900.0,900.0,900.0
2026420000,16,1709.0,1699.0,1712.0,1703.0,900.0,900.0,900.0,900.0,900.0,900.0,900.0,900.0,900.0,900.0,900.0,900.0
2026520000,16,1706.0,1703.0,1704.0,1707.0,900.0,900.0,900.0,900.0,900.0,900.0,900.0,900.0,900.0,900.0,900.0,900.0
2026620000,16,1708.0,1704.0,1708.0,1701.0,900.0,900.0,900.0,900.0,900.0,900.0,900.0,900.0,900.0,900.0,900.0,900.0
2026720000,16,1704.0,1708.0,1707.0,1701.0,900.0,900.0,900.0,900.0,900.0,900.0,900.0,900.0,900.0,900.0,900.0,900.0
2026820000,16,1709.0,1705.0,1706.0,1703.0,900.0,900.0,900.0,900.0,900.0,900.0,900.0,900.0,900.0,900.0,900.0,900.0
2026920000,16,1703.0,1707.0,1707.0,1703.0,900.0,900.0,900.0,900.0,900.0,900.0,900.0,900.0,900.0,900.0,900.0,900.0
2027020000,16,1704.0,1706.0,1710.0,1704.0,900.0,900.0,900.0,900.0,900.0,900.0,900.0,900.0,900.0,900.0,900.0,900.0
2027120000,16,1707.0,1700.0,1709.0,1702.0,900.0,900.0,900.0,900.0,900.0,900.0,900.0,900.0,900.0,900.0,900.0,900.0
2027220000,16,1705.0,1709.0,1707.0,1707.0,900.0,900.0,900.0,900.0,900.0,900.0,900.0,900.0,900.0,900.0,900.0,900.0
2027320000,16,1711.0,1701.0,1709.0,1703.0,900.0,900.0,900.0,900.0,900.0,900.0,900.0,900.0,900.0,900.0,900.0,900.0
2027420000,16,1713.0,1702.0,1711.0,1702.0,900.0,900.0,900.0,900.0,900.0,900.0,900.0,900.0,900.0,900.0,900.0,900.0
2027520000,16,1707.0,1705.0,1705.0,1705.0,900.0,900.0,900.0,900.0,900.0,900.0,900.0,900.0,900.0,900.0,900.0,900.0
2027620000,16,1703.0,1709.0,1706.0,1707.0,900.0,900.0,900.0,900.0,900.0,900.0,900.0,900.0,900.0,900.0,900.0,900.0
2027720000,16,1705.0,1703.0,1708.0,1703.0,900.0,900.0,900.0,900.0,900.0,900.0,900.0,900.0,900.0,900.0,900.0,900.0
2027816000,16,1708.0,1703.0,1707.0,1702.0,900.0,900.0,900.0,900.0,900.0,900.0,900.0,900.0,900.0,900.0,900.0,900.0
2027920000,16,1705.0,1703.0,1710.0,1699.0,900.0,900.0,900.0,900.0,900.0,900.0,900.0,900.0,900.0,900.0,900.0,900.0
2028020000,16,1710.0,1702.0,1710.0,1704.0,900.0,900.0,900.0,900.0,900.0,900.0,900.0,900.0,900.0,900.0,900.0,900.0
2028120000,16,1704.0,1705.0,1709.0,1704.0,900.0,900.0,900.0,900.0,900.0,900.0,900.0,900.0,900.0,900.0,900.0,900.0
2028220000,16,1710.0,1703.0,1711.0,1701.0,900.0,900.0,900.0,900.0,900.0,900.0,900.0,900.0,900.0,900.0,900.0,900.0
2028320000,16,1704.0,1707.0,1702.0,1707.0,900.0,900.0,900.0,900.0,900.0,900.0,900.0,900.0,900.0,900.0,900.0,900.0
2028420000,16,1707.0,1708.0,1703.0,1709.0,900.0,900.0,900.0,900.0,900.0,900.0,900.0,900.0,900.0,900.0,900.0,900.0
2028520000,16,1708.0,1704.0,1703.0,1707.0,900.0,900.0,900.0,900.0,900.0,900.0,900.0,900.0,900.0,900.0,900.0,900.0
2028620000,16,1709.0,1702.0,1708.0,1703.0,900.0,900.0,900.0,900.0,900.0,900.0,900.0,900.0,900.0,900.0,900.0,900.0
2028720000,16,1707.0,1702.0,1710.0,1702.0,900.0,900.0,900.0,900.0,900.0,900.0,900.0,900.0,900.0,900.0,900.0,900.0
2028820000,16,1709.0,1700.0,1709.0,1704.0,900.0,900.0,900.0,900.0,900.0,900.0,900.0,900.0,900.0,900.0,900.0,900.0
2028920000,16,1703.0,1705.0,1706.0,1706.0,900.0,900.0,900.0,900.0,900.0,900.0,900.0,900.0,900.0,900.0,900.0,900.0
2029016000,16,1709.0,1701.0,1706.0,1705.0,900.0,900.0,900.0,900.0,900.0,900.0,900.0,900.0,900.0,900.0,900.0,900.0
2029120000,16,1709.0,1707.0,1704.0,1706.0,900.0,900.0,900.0,900.0,900.0,900.0,900.0,900.0,900.0,900.0,900.0,900.0
2029220000,16,1703.0,1708.0,1707.0,1703.0,900.0,900.0,900.0,900.0,900.0,900.0,900.0,900.0,900.0,900.0,900.0,900.0
2029320000,16,1714.0,1696.0,1711.0,1701.0,900.0,900.0,900.0,900.0,900.0,900.0,900.0,900.0,900.0,900.0,900.0,900.0
2029420000,16,1716.0,1696.0,1711.0,1701.0,900.0,900.0,900.0,900.0,900.0,900.0,900.0,900.0,900.0,900.0,900.0,900.0
2029520000,16,1720.0,1686.0,1716.0,1705.0,900.0,900.0,900.0,900.0,900.0,900.0,900.0,900.0,900.0,900.0,900.0,900.0
2029620000,16,1710.0,1686.0,1714.0,1724.0,900.0,900.0,900.0,900.0,900.0,900.0,900.0,900.0,900.0,900.0,900.0,900.0
2029720000,16,1704.0,1691.0,1723.0,1730.0,900.0,900.0,900.0,900.0,900.0,900.0,900.0,900.0,900.0,900.0,900.0,900.0
2029820000,16,1707.0,1691.0,1730.0,1734.0,900.0,900.0,900.0,900.0,900.0,900.0,900.0,900.0,900.0,900.0,900.0,900.0
2029916000,16,1707.0,1699.0,1733.0,1735.0,900.0,900.0,900.0,900.0,900.0,900.0,900.0,900.0,900.0,900.0,900.0,900.0
2030020000,16,1718.0,1700.0,1735.0,1734.0,900.0,900.0,900.0,900.0,900.0,900.0,900.0,900.0,900.0,900.0,900.0,900.0
2030120000,16,1716.0,1713.0,1736.0,1741.0,900.0,900.0,900.0,900.0,900.0,900.0,900.0,900.0,900.0,900.0,900.0,900.0
2030220000,16,1717.0,1713.0,1739.0,1740.0,900.0,900.0,900.0,900.0,900.0,900.0,900.0,900.0,900.0,900.0,900.0,900.0
2030320000,16,1712.0,1711.0,1740.0,1735.0,900.0,900.0,900.0,900.0,900.0,900.0,900.0,900.0,900.0,900.0,900.0,900.0
2030420000,16,1713.0,1708.0,1742.0,1742.0,900.0,900.0,900.0,900.0,900.0,900.0,900.0,900.0,900.0,900.0,900.0,900.0
2030520000,16,1717.0,1705.0,1746.0,1749.0,900.0,900.0,900.0,900.0,900.0,900.0,900.0,900.0,900.0,900.0,900.0,900.0
2030620000,16,1720.0,1709.0,1750.0,1748.0,900.0,900.0,900.0,900.0,900.0,900.0,900.0,900.0,900.0,900.0,900.0,900.0
2030720000,16,1721.0,1711.0,1751.0,1749.0,900.0,900.0,900.0,900.0,900.0,900.0,900.0,900.0,900.0,900.0,900.0,900.0
2030820000,16,1725.0,1706.0,1748.0,1756.0,900.0,900.0,900.0,900.0,900.0,900.0,900.0,900.0,900.0,900.0,900.0,900.0
2030916000,16,1726.0,1710.0,1748.0,1761.0,900.0,900.0,900.0,900.0,900.0,900.0,900.0,900.0,900.0,900.0,900.0,900.0
2031020000,16,1724.0,1714.0,1746.0,1763.0,900.0,900.0,900.0,900.0,900.0,900.0,900.0,900.0,900.0,900.0,900.0,900.0
2031120000,16,1725.0,1711.0,1748.0,1765.0,900.0,900.0,900.0,900.0,900.0,900.0,900.0,900.0,900.0,900.0,900.0,900.0
2031216000,16,1718.0,1712.0,1750.0,1757.0,900.0,900.0,900.0,900.0,900.0,900.0,900.0,900.0,900.0,900.0,900.0,900.0
2031320000,16,1721.0,1707.0,1752.0,1755.0,900.0,900.0,900.0,900.0,900.0,900.0,900.0,900.0,900.0,900.0,900.0,900.0
2031420000,16,1717.0,1706.0,1739.0,1753.0,900.0,900.0,900.0,900.0,900.0,900.0,900.0,900.0,900.0,900.0,900.0,900.0
2031520000,16,1721.0,1701.0,1738.0,1750.0,900.0,900.0,900.0,900.0,900.0,900.0,900.0,900.0,900.0,900.0,900.0,900.0
2031620000,16,1716.0,1707.0,1738.0,1745.0,900.0,900.0,900.0,900.0,900.0,900.0,900.0,900.0,900.0,900.0,900.0,900.0
2031720000,16,1716.0,1701.0,1732.0,1752.0,900.0,900.0,900.0,900.0,900.0,900.0,900.0,900.0,900.0,900.0,900.0,900.0
2031820000,16,1706.0,1705.0,1725.0,1748.0,900.0,900.0,900.0,900.0,900.0,900.0,900.0,900.0,900.0,900.0,900.0,900.0
2031916000,16,1709.0,1715.0,1711.0,1742.0,900.0,900.0,900.0,900.0,900.0,900.0,900.0,900.0,900.0,900.0,900.0,900.0
2032020000,16,1726.0,1712.0,1703.0,1725.0,900.0,900.0,900.0,900.0,900.0,900.0,900.0,900.0,900.0,900.0,900.0,900.0
2032116000,16,1713.0,1730.0,1701.0,1717.0,900.0,900.0,900.0,900.0,900.0,900.0,900.0,900.0,900.0,900.0,900.0,900.0
2032220000,16,1719.0,1727.0,1686.0,1733.0,900.0,900.0,900.0,900.0,900.0,900.0,900.0,900.0,900.0,900.0,900.0,900.0
2032320000,16,1707.0,1732.0,1683.0,1742.0,900.0,900.0,900.0,900.0,900.0,900.0,900.0,900.0,900.0,900.0,900.0,900.0
2032420000,16,1710.0,1719.0,1694.0,1736.0,900.0,900.0,900.0,900.0,900.0,900.0,900.0,900.0,900.0,900.0,900.0,900.0
2032520000,16,1700.0,1721.0,1696.0,1736.0,900.0,900.0,900.0,900.0,900.0,900.0,900.0,900.0,900.0,900.0,900.0,900.0
2032620000,16,1704.0,1716.0,1707.0,1726.0,900.0,900.0,900.0,900.0,900.0,900.0,900.0,900.0,900.0,900.0,900.0,900.0
2032716000,16,1706.0,1722.0,1702.0,1725.0,900.0,900.0,900.0,900.0,900.0,900.0,900.0,900.0,900.0,900.0,900.0,900.0
2032820000,16,1707.0,1725.0,1700.0,1721.0,900.0,900.0,900.0,900.0,900.0,900.0,900.0,900.0,900.0,900.0,900.0,900.0
2032916000,16,1709.0,1727.0,1699.0,1720.0,900.0,900.0,900.0,900.0,900.0,900.0,900.0,900.0,900.0,900.0,900.0,900.0
2033020000,16,1708.0,1730.0,1698.0,1722.0,900.0,900.0,900.0,900.0,900.0,900.0,900.0,900.0,900.0,900.0,900.0,900.0
2033120000,16,1708.0,1732.0,1694.0,1727.0,900.0,900.0,900.0,900.0,900.0,900.0,900.0,900.0,900.0,900.0,900.0,900.0
2033220000,16,1712.0,1725.0,1698.0,1722.0,900.0,900.0,900.0,900.0,900.0,900.0,900.0,900.0,900.0,900.0,900.0,900.0
2033320000,16,1710.0,1729.0,1700.0,1718.0,900.0,900.0,900.0,900.0,900.0,900.0,900.0,900.0,900.0,900.0,900.0,900.0
2033420000,16,1705.0,1728.0,1696.0,1721.0,900.0,900.0,900.0,900.0,900.0,900.0,900.0,900.0,900.0,900.0,900.0,900.0
2033520000,16,1703.0,1732.0,1696.0,1723.0,900.0,900.0,900.0,900.0,900.0,900.0,900.0,900.0,900.0,900.0,900.0,900.0
2033620000,16,1704.0,1734.0,1696.0,1723.0,900.0,900.0,900.0,900.0,900.0,900.0,900.0,900.0,900.0,900.0,900.0,900.0
2033716000,16,1708.0,1733.0,1700.0,1717.0,900.0,900.0,900.0,900.0,900.0,900.0,900.0,900.0,900.0,900.0,900.0,900.0
2033820000,16,1710.0,1734.0,1697.0,1718.0,900.0,900.0,900.0,900.0,900.0,900.0,900.0,900.0,900.0,900.0,900.0,900.0
2033916000,16,1707.0,1737.0,1695.0,1719.0,900.0,900.0,900.0,900.0,900.0,900.0,900.0,900.0,900.0,900.0,900.0,900.0
2034020000,16,1709.0,1737.0,1694.0,1719.0,900.0,900.0,900.0,900.0,900.0,900.0,900.0,900.0,900.0,900.0,900.0,900.0
2034120000,16,1713.0,1735.0,1695.0,1715.0,900.0,900.0,900.0,900.0,900.0,900.0,900.0,900.0,900.0,900.0,900.0,900.0
2034220000,16,1712.0,1730.0,1698.0,1719.0,900.0,900.0,900.0,900.0,900.0,900.0,900.0,900.0,900.0,900.0,900.0,900.0
2034320000,16,1702.0,1726.0,1701.0,1727.0,900.0,900.0,900.0,900.0,900.0,900.0,900.0,900.0,900.0,900.0,900.0,900.0
2034420000,16,1696.0,1722.0,1707.0,1729.0,900.0,900.0,900.0,900.0,900.0,900.0,900.0,900.0,900.0,900.0,900.0,900.0
2034520000,16,1698.0,1719.0,1705.0,1736.0,900.0,900.0,900.0,900.0,900.0,900.0,900.0,900.0,900.0,900.0,900.0,900.0
2034620000,16,1697.0,1724.0,1708.0,1730.0,900.0,900.0,900.0,900.0,900.0,900.0,900.0,900.0,900.0,900.0,900.0,900.0
2034720000,16,1702.0,1724.0,1709.0,1723.0,900.0,900.0,900.0,900.0,900.0,900.0,900.0,900.0,900.0,900.0,900.0,900.0
2034820000,16,1705.0,1724.0,1704.0,1725.0,900.0,900.0,900.0,900.0,900.0,900.0,900.0,900.0,900.0,900.0,900.0,900.0
2034920000,16,1703.0,1726.0,1702.0,1721.0,900.0,900.0,900.0,900.0,900.0,900.0,900.0,900.0,900.0,900.0,900.0,900.0
2035020000,16,1700.0,1733.0,1702.0,1724.0,900.0,900.0,900.0,900.0,900.0,900.0,900.0,900.0,900.0,900.0,900.0,900.0
2035116000,16,1701.0,1731.0,1697.0,1730.0,900.0,900.0,900.0,900.0,900.0,900.0,900.0,900.0,900.0,900.0,900.0,900.0
2035220000,16,1698.0,1728.0,1704.0,1723.0,900.0,900.0,900.0,900.0,900.0,900.0,900.0,900.0,900.0,900.0,900.0,900.0
2035320000,16,1700.0,1723.0,1702.0,1723.0,900.0,900.0,900.0,900.0,900.0,900.0,900.0,900.0,900.0,900.0,900.0,900.0
2035420000,16,1696.0,1729.0,1703.0,1726.0,900.0,900.0,900.0,900.0,900.0,900.0,900.0,900.0,900.0,900.0,900.0,900.0
2035520000,16,1699.0,1727.0,1701.0,1728.0,900.0,900.0,900.0,900.0,900.0,900.0,900.0,900.0,900.0,900.0,900.0,900.0
2035616000,16,1703.0,1720.0,1704.0,1720.0,900.0,900.0,900.0,900.0,900.0,900.0,900.0,900.0,900.0,900.0,900.0,900.0
2035720000,16,1707.0,1723.0,1705.0,1721.0,900.0,900.0,900.0,900.0,900.0,900.0,900.0,900.0,900.0,900.0,900.0,900.0
2035820000,16,1705.0,1725.0,1698.0,1727.0,900.0,900.0,900.0,900.0,900.0,900.0,900.0,900.0,900.0,900.0,900.0,900.0
2035920000,16,1698.0,1732.0,1696.0,1729.0,900.0,900.0,900.0,900.0,900.0,900.0,900.0,900.0,900.0,900.0,900.0,900.0
2036020000,16,1699.0,1727.0,1700.0,1725.0,900.0,900.0,900.0,900.0,900.0,900.0,900.0,900.0,900.0,900.0,900.0,900.0
2036120000,16,1700.0,1728.0,1704.0,1725.0,900.0,900.0,900.0,900.0,900.0,900.0,900.0,900.0,900.0,900.0,900.0,900.0
2036220000,16,1701.0,1724.0,1705.0,1725.0,900.0,900.0,900.0,900.0,900.0,900.0,900.0,900.0,900.0,900.0,900.0,900.0
2036320000,16,1697.0,1728.0,1704.0,1725.0,900.0,900.0,900.0,900.0,900.0,900.0,900.0,900.0,900.0,900.0,900.0,900.0
2036416000,16,1703.0,1722.0,1703.0,1721.0,900.0,900.0,900.0,900.0,900.0,900.0,900.0,900.0,900.0,900.0,900.0,900.0
2036520000,16,1704.0,1723.0,1702.0,1725.0,900.0,900.0,900.0,900.0,900.0,900.0,900.0,900.0,900.0,900.0,900.0,900.0
2036620000,16,1703.0,1723.0,1700.0,1727.0,900.0,900.0,900.0,900.0,900.0,900.0,900.0,900.0,900.0,900.0,900.0,900.0
2036720000,16,1702.0,1725.0,1700.0,1726.0,900.0,900.0,900.0,900.0,900.0,900.0,900.0,900.0,900.0,900.0,900.0,900.0
2036820000,16,1701.0,1727.0,1700.0,1725.0,900.0,900.0,900.0,900.0,900.0,900.0,900.0,900.0,900.0,900.0,900.0,900.0
2036920000,16,1697.0,1728.0,1695.0,1732.0,900.0,900.0,900.0,900.0,900.0,900.0,900.0,900.0,900.0,900.0,900.0,900.0
2037020000,16,1700.0,1728.0,1699.0,1727.0,900.0,900.0,900.0,900.0,900.0,900.0,900.0,900.0,900.0,900.0,900.0,900.0
2037120000,16,1705.0,1723.0,1700.0,1725.0,900.0,900.0,900.0,900.0,900.0,900.0,900.0,900.0,900.0,900.0,900.0,900.0
2037220000,16,1700.0,1729.0,1703.0,1724.0,900.0,900.0,900.0,900.0,900.0,900.0,900.0,900.0,900.0,900.0,900.0,900.0
2037320000,16,1699.0,1725.0,1699.0,1726.0,900.0,900.0,900.0,900.0,900.0,900.0,900.0,900.0,900.0,900.0,900.0,900.0
2037420000,16,1700.0,1725.0,1702.0,1725.0,900.0,900.0,900.0,900.0,900.0,900.0,900.0,900.0,900.0,900.0,900.0,900.0
2037520000,16,1700.0,1725.0,1698.0,1730.0,900.0,900.0,900.0,900.0,900.0,900.0,900.0,900.0,900.0,900.0,900.0,900.0
2037620000,16,1710.0,1717.0,1701.0,1726.0,900.0,900.0,900.0,900.0,900.0,900.0,900.0,900.0,900.0,900.0,900.0,900.0
2037720000,16,1702.0,1727.0,1701.0,1724.0,900.0,900.0,900.0,900.0,900.0,900.0,900.0,900.0,900.0,900.0,900.0,900.0
2037820000,16,1698.0,1729.0,1699.0,1726.0,900.0,900.0,900.0,900.0,900.0,900.0,900.0,900.0,900.0,900.0,900.0,900.0
2037920000,16,1697.0,1730.0,1703.0,1725.0,900.0,900.0,900.0,900.0,900.0,900.0,900.0,900.0,900.0,900.0,900.0,900.0
2038020000,16,1701.0,1726.0,1704.0,1727.0,900.0,900.0,900.0,900.0,900.0,900.0,900.0,900.0,900.0,900.0,900.0,900.0
2038120000,16,1698.0,1728.0,1704.0,1725.0,900.0,900.0,900.0,900.0,900.0,900.0,900.0,900.0,900.0,900.0,900.0,900.0
2038220000,16,1703.0,1728.0,1701.0,1729.0,900.0,900.0,900.0,900.0,900.0,900.0,900.0,900.0,900.0,900.0,900.0,900.0
2038320000,16,1705.0,1727.0,1700.0,1729.0,900.0,900.0,900.0,900.0,900.0,900.0,900.0,900.0,900.0,900.0,900.0,900.0
2038420000,16,1703.0,1727.0,1702.0,1727.0,900.0,900.0,900.0,900.0,900.0,900.0,900.0,900.0,900.0,900.0,900.0,900.0
2038520000,16,1704.0,1727.0,1708.0,1721.0,900.0,900.0,900.0,900.0,900.0,900.0,900.0,900.0,900.0,900.0,900.0,900.0
2038620000,16,1704.0,1726.0,1707.0,1725.0,900.0,900.0,900.0,900.0,900.0,900.0,900.0,900.0,900.0,900.0,900.0,900.0
2038716000,16,1706.0,1722.0,1707.0,1725.0,900.0,900.0,900.0,900.0,900.0,900.0,900.0,900.0,900.0,900.0,900.0,900.0
2038816000,16,1703.0,1721.0,1705.0,1723.0,900.0,900.0,900.0,900.0,900.0,900.0,900.0,900.0,900.0,900.0,900.0,900.0
2038920000,16,1706.0,1724.0,1706.0,1724.0,900.0,900.0,900.0,900.0,900.0,900.0,900.0,900.0,900.0,900.0,900.0,900.0
2039020000,16,1702.0,1729.0,1700.0,1729.0,900.0,900.0,900.0,900.0,900.0,900.0,900.0,900.0,900.0,900.0,900.0,900.0
2039120000,16,1701.0,1730.0,1695.0,1732.0,900.0,900.0,900.0,900.0,900.0,900.0,900.0,900.0,900.0,900.0,900.0,900.0
2039220000,16,1705.0,1724.0,1696.0,1730.0,900.0,900.0,900.0,900.0,900.0,900.0,900.0,900.0,900.0,900.0,900.0,900.0
2039320000,16,1698.0,1727.0,1697.0,1729.0,900.0,900.0,900.0,900.0,900.0,900.0,900.0,900.0,900.0,900.0,900.0,900.0
2039420000,16,1705.0,1722.0,1705.0,1723.0,900.0,900.0,900.0,900.0,900.0,900.0,900.0,900.0,900.0,900.0,900.0,900.0
2039520000,16,1704.0,1725.0,1704.0,1730.0,900.0,900.0,900.0,900.0,900.0,900.0,900.0,900.0,900.0,900.0,900.0,900.0
2039620000,16,1699.0,1730.0,1702.0,1726.0,900.0,900.0,900.0,900.0,900.0,900.0,900.0,900.0,900.0,900.0,900.0,900.0
2039720000,16,1701.0,1729.0,1698.0,1727.0,900.0,900.0,900.0,900.0,900.0,900.0,900.0,900.0,900.0,900.0,900.0,900.0
2039820000,16,1702.0,1726.0,1701.0,1728.0,900.0,900.0,900.0,900.0,900.0,900.0,900.0,900.0,900.0,900.0,900.0,900.0
2039920000,16,1699.0,1729.0,1698.0,1728.0,900.0,900.0,900.0,900.0,900.0,900.0,900.0,900.0,900.0,900.0,900.0,900.0
2040016000,16,1705.0,1723.0,1701.0,1726.0,900.0,900.0,900.0,900.0,900.0,900.0,900.0,900.0,900.0,900.0,900.0,900.0
2040120000,16,1701.0,1729.0,1701.0,1728.0,900.0,900.0,900.0,900.0,900.0,900.0,900.0,900.0,900.0,900.0,900.0,900.0
2040216000,16,1703.0,1720.0,1703.0,1722.0,900.0,900.0,900.0,900.0,900.0,900.0,900.0,900.0,900.0,900.0,900.0,900.0
2040320000,16,1695.0,1731.0,1705.0,1723.0,900.0,900.0,900.0,900.0,900.0,900.0,900.0,900.0,900.0,900.0,900.0,900.0
2040420000,16,1699.0,1729.0,1697.0,1735.0,900.0,900.0,900.0,900.0,900.0,900.0,900.0,900.0,900.0,900.0,900.0,900.0
2040516000,16,1705.0,1723.0,1707.0,1725.0,900.0,900.0,900.0,900.0,900.0,900.0,900.0,900.0,900.0,900.0,900.0,900.0
2040620000,16,1704.0,1726.0,1704.0,1723.0,900.0,900.0,900.0,900.0,900.0,900.0,900.0,900.0,900.0,900.0,900.0,900.0
2040720000,16,1701.0,1730.0,1702.0,1725.0,900.0,900.0,900.0,900.0,900.0,900.0,900.0,900.0,900.0,900.0,900.0,900.0
2040816000,16,1706.0,1718.0,1708.0,1716.0,900.0,900.0,900.0,900.0,900.0,900.0,900.0,900.0,900.0,900.0,900.0,900.0
2040920000,16,1700.0,1729.0,1696.0,1729.0,900.0,900.0,900.0,900.0,900.0,900.0,900.0,900.0,900.0,900.0,900.0,900.0
2041020000,16,1700.0,1729.0,1695.0,1735.0,900.0,900.0,900.0,900.0,900.0,900.0,900.0,900.0,900.0,900.0,900.0,900.0
2041120000,16,1707.0,1721.0,1704.0,1727.0,900.0,900.0,900.0,900.0,900.0,900.0,900.0,900.0,900.0,900.0,900.0,900.0
2041220000,16,1702.0,1728.0,1702.0,1727.0,900.0,900.0,900.0,900.0,900.0,900.0,900.0,900.0,900.0,900.0,900.0,900.0
2041316000,16,1696.0,1734.0,1702.0,1729.0,900.0,900.0,900.0,900.0,900.0,900.0,900.0,900.0,900.0,900.0,900.0,900.0
2041416000,16,1706.0,1723.0,1703.0,1724.0,900.0,900.0,900.0,900.0,900.0,900.0,900.0,900.0,900.0,900.0,900.0,900.0
2041520000,16,1700.0,1727.0,1699.0,1729.0,900.0,900.0,900.0,900.0,900.0,900.0,900.0,900.0,900.0,900.0,900.0,900.0
2041620000,16,1702.0,1728.0,1705.0,1725.0,900.0,900.0,900.0,900.0,900.0,900.0,900.0,900.0,900.0,900.0,900.0,900.0
2041720000,16,1703.0,1727.0,1699.0,1731.0,900.0,900.0,900.0,900.0,900.0,900.0,900.0,900.0,900.0,900.0,900.0,900.0
2041820000,16,1700.0,1729.0,1703.0,1726.0,900.0,900.0,900.0,900.0,900.0,900.0,900.0,900.0,900.0,900.0,900.0,900.0
2041920000,16,1701.0,1730.0,1702.0,1728.0,900.0,900.0,900.0,900.0,900.0,900.0,900.0,900.0,900.0,900.0,900.0,900.0
2042016000,16,1705.0,1720.0,1704.0,1720.0,900.0,900.0,900.0,900.0,900.0,900.0,900.0,900.0,900.0,900.0,900.0,900.0
2042120000,16,1697.0,1731.0,1701.0,1729.0,900.0,900.0,900.0,900.0,900.0,900.0,900.0,900.0,900.0,900.0,900.0,900.0
2042220000,16,1702.0,1725.0,1704.0,1726.0,900.0,900.0,900.0,900.0,900.0,900.0,900.0,900.0,900.0,900.0,900.0,900.0
2042320000,16,1699.0,1729.0,1701.0,1728.0,900.0,900.0,900.0,900.0,900.0,900.0,900.0,900.0,900.0,900.0,900.0,900.0
2042420000,16,1705.0,1728.0,1700.0,1729.0,900.0,900.0,900.0,900.0,900.0,900.0,900.0,900.0,900.0,900.0,900.0,900.0
2042520000,16,1703.0,1729.0,1702.0,1728.0,900.0,900.0,900.0,900.0,900.0,900.0,900.0,900.0,900.0,900.0,900.0,900.0
2042620000,16,1700.0,1730.0,1701.0,1729.0,900.0,900.0,900.0,900.0,900.0,900.0,900.0,900.0,900.0,900.0,900.0,900.0
2042720000,16,1700.0,1730.0,1698.0,1733.0,900.0,900.0,900.0,900.0,900.0,900.0,900.0,900.0,900.0,900.0,900.0,900.0
2042820000,16,1698.0,1729.0,1702.0,1729.0,900.0,900.0,900.0,900.0,900.0,900.0,900.0,900.0,900.0,900.0,900.0,900.0
2042920000,16,1697.0,1732.0,1702.0,1729.0,900.0,900.0,900.0,900.0,900.0,900.0,900.0,900.0,900.0,900.0,900.0,900.0
2043020000,16,1697.0,1732.0,1701.0,1731.0,900.0,900.0,900.0,900.0,900.0,900.0,900.0,900.0,900.0,900.0,900.0,900.0
2043120000,16,1703.0,1726.0,1703.0,1726.0,900.0,900.0,900.0,900.0,900.0,900.0,900.0,900.0,900.0,900.0,900.0,900.0
2043220000,16,1700.0,1730.0,1702.0,1726.0,900.0,900.0,900.0,900.0,900.0,900.0,900.0,900.0,900.0,900.0,900.0,900.0
2043320000,16,1705.0,1726.0,1704.0,1725.0,900.0,900.0,900.0,900.0,900.0,900.0,900.0,900.0,900.0,900.0,900.0,900.0
2043420000,16,1703.0,1726.0,1700.0,1727.0,900.0,900.0,900.0,900.0,900.0,900.0,900.0,900.0,900.0,900.0,900.0,900.0
2043516000,16,1700.0,1726.0,1700.0,1729.0,900.0,900.0,900.0,900.0,900.0,900.0,900.0,900.0,900.0,900.0,900.0,900.0
2043620000,16,1700.0,1727.0,1697.0,1730.0,900.0,900.0,900.0,900.0,900.0,900.0,900.0,900.0,900.0,900.0,900.0,900.0
2043720000,16,1698.0,1729.0,1703.0,1725.0,900.0,900.0,900.0,900.0,900.0,900.0,900.0,900.0,900.0,900.0,900.0,900.0
2043820000,16,1697.0,1732.0,1700.0,1731.0,900.0,900.0,900.0,900.0,900.0,900.0,900.0,900.0,900.0,900.0,900.0,900.0
2043920000,16,1698.0,1734.0,1702.0,1728.0,900.0,900.0,900.0,900.0,900.0,900.0,900.0,900.0,900.0,900.0,900.0,900.0
2044016000,16,1706.0,1721.0,1701.0,1722.0,900.0,900.0,900.0,900.0,900.0,900.0,900.0,900.0,900.0,900.0,900.0,900.0
2044120000,16,1699.0,1730.0,1700.0,1728.0,900.0,900.0,900.0,900.0,900.0,900.0,900.0,900.0,900.0,900.0,900.0,900.0
2044220000,16,1698.0,1731.0,1700.0,1728.0,900.0,900.0,900.0,900.0,900.0,900.0,900.0,900.0,900.0,900.0,900.0,900.0
2044320000,16,1696.0,1731.0,1699.0,1729.0,900.0,900.0,900.0,900.0,900.0,900.0,900.0,900.0,900.0,900.0,900.0,900.0
2044420000,16,1697.0,1732.0,1700.0,1731.0,900.0,900.0,900.0,900.0,900.0,900.0,900.0,900.0,900.0,900.0,900.0,900.0
2044520000,16,1701.0,1730.0,1699.0,1729.0,900.0,900.0,900.0,900.0,900.0,900.0,900.0,900.0,900.0,900.0,900.0,900.0
2044620000,16,1699.0,1731.0,1701.0,1730.0,900.0,900.0,900.0,900.0,900.0,900.0,900.0,900.0,900.0,900.0,900.0,900.0
2044720000,16,1702.0,1729.0,1701.0,1731.0,900.0,900.0,900.0,900.0,900.0,900.0,900.0,900.0,900.0,900.0,900.0,900.0
2044820000,16,1703.0,1724.0,1698.0,1732.0,900.0,900.0,900.0,900.0,900.0,900.0,900.0,900.0,900.0,900.0,900.0,900.0
2044920000,16,1702.0,1727.0,1701.0,1728.0,900.0,900.0,900.0,900.0,900.0,900.0,900.0,900.0,900.0,900.0,900.0,900.0
2045020000,16,1702.0,1725.0,1700.0,1728.0,900.0,900.0,900.0,900.0,900.0,900.0,900.0,900.0,900.0,900.0,900.0,900.0
2045120000,16,1700.0,1733.0,1701.0,1724.0,900.0,900.0,900.0,900.0,900.0,900.0,900.0,900.0,900.0,900.0,900.0,900.0
2045220000,16,1703.0,1727.0,1703.0,1725.0,900.0,900.0,900.0,900.0,900.0,900.0,900.0,900.0,900.0,900.0,900.0,900.0
2045320000,16,1703.0,1728.0,1697.0,1732.0,900.0,900.0,900.0,900.0,900.0,900.0,900.0,900.0,900.0,900.0,900.0,900.0
2045420000,16,1700.0,1728.0,1700.0,1731.0,900.0,900.0,900.0,900.0,900.0,900.0,900.0,900.0,900.0,900.0,900.0,900.0
2045516000,16,1697.0,1732.0,1701.0,1730.0,900.0,900.0,900.0,900.0,900.0,900.0,900.0,900.0,900.0,900.0,900.0,900.0
2045616000,16,1707.0,1720.0,1700.0,1727.0,900.0,900.0,900.0,900.0,900.0,900.0,900.0,900.0,900.0,900.0,900.0,900.0
2045720000,16,1700.0,1731.0,1701.0,1728.0,900.0,900.0,900.0,900.0,900.0,900.0,900.0,900.0,900.0,900.0,900.0,900.0
2045820000,16,1703.0,1728.0,1700.0,1731.0,900.0,900.0,900.0,900.0,900.0,900.0,900.0,900.0,900.0,900.0,900.0,900.0
2045920000,16,1700.0,1732.0,1704.0,1725.0,900.0,900.0,900.0,900.0,900.0,900.0,900.0,900.0,900.0,900.0,900.0,900.0
2046020000,16,1700.0,1730.0,1702.0,1729.0,900.0,900.0,900.0,900.0,900.0,900.0,900.0,900.0,900.0,900.0,900.0,900.0
2046120000,16,1704.0,1727.0,1706.0,1726.0,900.0,900.0,900.0,900.0,900.0,900.0,900.0,900.0,900.0,900.0,900.0,900.0
2046220000,16,1703.0,1727.0,1699.0,1733.0,900.0,900.0,900.0,900.0,900.0,900.0,900.0,900.0,900.0,900.0,900.0,900.0
2046320000,16,1701.0,1729.0,1701.0,1732.0,900.0,900.0,900.0,900.0,900.0,900.0,900.0,900.0,900.0,900.0,900.0,900.0
2046420000,16,1704.0,1728.0,1704.0,1728.0,900.0,900.0,900.0,900.0,900.0,900.0,900.0,900.0,900.0,900.0,900.0,900.0
2046520000,16,1704.0,1728.0,1701.0,1731.0,900.0,900.0,900.0,900.0,900.0,900.0,900.0,900.0,900.0,900.0,900.0,900.0
2046620000,16,1701.0,1731.0,1700.0,1731.0,900.0,900.0,900.0,900.0,900.0,900.0,900.0,900.0,900.0,900.0,900.0,900.0
2046720000,16,1706.0,1726.0,1700.0,1731.0,900.0,900.0,900.0,900.0,900.0,900.0,900.0,900.0,900.0,900.0,900.0,900.0
2046820000,16,1701.0,1732.0,1701.0,1728.0,900.0,900.0,900.0,900.0,900.0,900.0,900.0,900.0,900.0,900.0,900.0,900.0
2046920000,16,1699.0,1732.0,1699.0,1730.0,900.0,900.0,900.0,900.0,900.0,900.0,900.0,900.0,900.0,900.0,900.0,900.0
2047020000,16,1698.0,1728.0,1701.0,1729.0,900.0,900.0,900.0,900.0,900.0,900.0,900.0,900.0,900.0,900.0,900.0,900.0
2047120000,16,1698.0,1728.0,1701.0,1731.0,900.0,900.0,900.0,900.0,900.0,900.0,900.0,900.0,900.0,900.0,900.0,900.0
2047220000,16,1702.0,1724.0,1706.0,1726.0,900.0,900.0,900.0,900.0,900.0,900.0,900.0,900.0,900.0,900.0,900.0,900.0
2047320000,16,1700.0,1728.0,1701.0,1728.0,900.0,900.0,900.0,900.0,900.0,900.0,900.0,900.0,900.0,900.0,900.0,900.0
2047420000,16,1700.0,1729.0,1705.0,1722.0,900.0,900.0,900.0,900.0,900.0,900.0,900.0,900.0,900.0,900.0,900.0,900.0
2047520000,16,1701.0,1728.0,1701.0,1722.0,900.0,900.0,900.0,900.0,900.0,900.0,900.0,900.0,900.0,900.0,900.0,900.0
2047620000,16,1695.0,1733.0,1695.0,1729.0,900.0,900.0,900.0,900.0,900.0,900.0,900.0,900.0,900.0,900.0,900.0,900.0
2047720000,16,1701.0,1728.0,1698.0,1730.0,900.0,900.0,900.0,900.0,900.0,900.0,900.0,900.0,900.0,900.0,900.0,900.0
2047820000,16,1705.0,1723.0,1703.0,1728.0,900.0,900.0,900.0,900.0,900.0,900.0,900.0,900.0,900.0,900.0,900.0,900.0
2047920000,16,1700.0,1729.0,1701.0,1730.0,900.0,900.0,900.0,900.0,900.0,900.0,900.0,900.0,900.0,900.0,900.0,900.0
2048020000,16,1704.0,1725.0,1704.0,1727.0,900.0,900.0,900.0,900.0,900.0,900.0,900.0,900.0,900.0,900.0,900.0,900.0
2048120000,16,1699.0,1730.0,1699.0,1730.0,900.0,900.0,900.0,900.0,900.0,900.0,900.0,900.0,900.0,900.0,900.0,900.0
2048220000,16,1703.0,1730.0,1702.0,1729.0,900.0,900.0,900.0,900.0,900.0,900.0,900.0,900.0,900.0,900.0,900.0,900.0
2048320000,16,1700.0,1728.0,1700.0,1729.0,900.0,900.0,900.0,900.0,900.0,900.0,900.0,900.0,900.0,900.0,900.0,900.0
2048420000,16,1700.0,1730.0,1703.0,1725.0,900.0,900.0,900.0,900.0,900.0,900.0,900.0,900.0,900.0,900.0,900.0,900.0
2048520000,16,1701.0,1731.0,1702.0,1730.0,900.0,900.0,900.0,900.0,900.0,900.0,900.0,900.0,900.0,900.0,900.0,900.0
2048620000,16,1703.0,1729.0,1699.0,1730.0,900.0,900.0,900.0,900.0,900.0,900.0,900.0,900.0,900.0,900.0,900.0,900.0
2048720000,16,1699.0,1732.0,1699.0,1730.0,900.0,900.0,900.0,900.0,900.0,900.0,900.0,900.0,900.0,900.0,900.0,900.0
2048820000,16,1704.0,1727.0,1705.0,1727.0,900.0,900.0,900.0,900.0,900.0,900.0,900.0,900.0,900.0,900.0,900.0,900.0
2048920000,16,1700.0,1727.0,1699.0,1730.0,900.0,900.0,900.0,900.0,900.0,900.0,900.0,900.0,900.0,900.0,900.0,900.0
2049020000,16,1704.0,1727.0,1699.0,1730.0,900.0,900.0,900.0,900.0,900.0,900.0,900.0,900.0,900.0,900.0,900.0,900.0
2049120000,16,1700.0,1731.0,1700.0,1728.0,900.0,900.0,900.0,900.0,900.0,900.0,900.0,900.0,900.0,900.0,900.0,900.0
2049216000,16,1706.0,1721.0,1703.0,1722.0,900.0,900.0,900.0,900.0,900.0,900.0,900.0,900.0,900.0,900.0,900.0,900.0
2049320000,16,1701.0,1724.0,1698.0,1729.0,900.0,900.0,900.0,900.0,900.0,900.0,900.0,900.0,900.0,900.0,900.0,900.0
2049420000,16,1698.0,1729.0,1699.0,1729.0,900.0,900.0,900.0,900.0,900.0,900.0,900.0,900.0,900.0,900.0,900.0,900.0
2049520000,16,1703.0,1726.0,1700.0,1731.0,900.0,900.0,900.0,900.0,900.0,900.0,900.0,900.0,900.0,900.0,900.0,900.0
2049620000,16,1700.0,1731.0,1699.0,1733.0,900.0,900.0,900.0,900.0,900.0,900.0,900.0,900.0,900.0,900.0,900.0,900.0
2049720000,16,1714.0,1711.0,1715.0,1713.0,900.0,900.0,900.0,900.0,900.0,900.0,900.0,900.0,900.0,900.0,900.0,900.0
2049820000,16,1705.0,1712.0,1707.0,1713.0,900.0,900.0,900.0,900.0,900.0,900.0,900.0,900.0,900.0,900.0,900.0,900.0
2049920000,16,1702.0,1716.0,1707.0,1711.0,900.0,900.0,900.0,900.0,900.0,900.0,900.0,900.0,900.0,900.0,900.0,900.0
2050020000,16,1703.0,1716.0,1700.0,1716.0,900.0,900.0,900.0,900.0,900.0,900.0,900.0,900.0,900.0,900.0,900.0,900.0
2050120000,16,1688.0,1732.0,1690.0,1726.0,900.0,900.0,900.0,900.0,900.0,900.0,900.0,900.0,900.0,900.0,900.0,900.0
2050220000,16,1689.0,1725.0,1685.0,1726.0,900.0,900.0,900.0,900.0,900.0,900.0,900.0,900.0,900.0,900.0,900.0,900.0
2050320000,16,1687.0,1727.0,1690.0,1723.0,900.0,900.0,900.0,900.0,900.0,900.0,900.0,900.0,900.0,900.0,900.0,900.0
2050420000,16,1692.0,1722.0,1692.0,1718.0,900.0,900.0,900.0,900.0,900.0,900.0,900.0,900.0,900.0,900.0,900.0,900.0
2050520000,16,1699.0,1716.0,1695.0,1721.0,900.0,900.0,900.0,900.0,900.0,900.0,900.0,900.0,900.0,900.0,900.0,900.0
2050620000,16,1695.0,1722.0,1697.0,1722.0,900.0,900.0,900.0,900.0,900.0,900.0,900.0,900.0,900.0,900.0,900.0,900.0
2050720000,16,1699.0,1721.0,1701.0,1717.0,900.0,900.0,900.0,900.0,900.0,900.0,900.0,900.0,900.0,900.0,900.0,900.0
2050820000,16,1700.0,1720.0,1699.0,1720.0,900.0,900.0,900.0,900.0,900.0,900.0,900.0,900.0,900.0,900.0,900.0,900.0
2050916000,16,1698.0,1720.0,1706.0,1717.0,900.0,900.0,900.0,900.0,900.0,900.0,900.0,900.0,900.0,900.0,900.0,900.0
2051016000,16,1702.0,1716.0,1705.0,1718.0,900.0,900.0,900.0,900.0,900.0,900.0,900.0,900.0,900.0,900.0,900.0,900.0
2051120000,16,1703.0,1718.0,1703.0,1720.0,900.0,900.0,900.0,900.0,900.0,900.0,900.0,900.0,900.0,900.0,900.0,900.0
2051220000,16,1704.0,1719.0,1706.0,1719.0,900.0,900.0,900.0,900.0,900.0,900.0,900.0,900.0,900.0,900.0,900.0,900.0
2051320000,16,1701.0,1720.0,1705.0,1719.0,900.0,900.0,900.0,900.0,900.0,900.0,900.0,900.0,900.0,900.0,900.0,900.0
2051420000,16,1701.0,1721.0,1706.0,1719.0,900.0,900.0,900.0,900.0,900.0,900.0,900.0,900.0,900.0,900.0,900.0,900.0
2051520000,16,1706.0,1717.0,1711.0,1713.0,900.0,900.0,900.0,900.0,900.0,900.0,900.0,900.0,900.0,900.0,900.0,900.0
2051620000,16,1702.0,1718.0,1708.0,1713.0,900.0,900.0,900.0,900.0,900.0,900.0,900.0,900.0,900.0,900.0,900.0,900.0
2051720000,16,1703.0,1717.0,1707.0,1718.0,900.0,900.0,900.0,900.0,900.0,900.0,900.0,900.0,900.0,900.0,900.0,900.0
2051820000,16,1704.0,1714.0,1709.0,1715.0,900.0,900.0,900.0,900.0,900.0,900.0,900.0,900.0,900.0,900.0,900.0,900.0
2051920000,16,1704.0,1716.0,1704.0,1720.0,900.0,900.0,900.0,900.0,900.0,900.0,900.0,900.0,900.0,900.0,900.0,900.0
2052020000,16,1702.0,1721.0,1708.0,1715.0,900.0,900.0,900.0,900.0,900.0,900.0,900.0,900.0,900.0,900.0,900.0,900.0
2052120000,16,1703.0,1715.0,1713.0,1712.0,900.0,900.0,900.0,900.0,900.0,900.0,900.0,900.0,900.0,900.0,900.0,900.0
2052220000,16,1703.0,1716.0,1708.0,1720.0,900.0,900.0,900.0,900.0,900.0,900.0,900.0,900.0,900.0,900.0,900.0,900.0
2052320000,16,1705.0,1712.0,1713.0,1712.0,900.0,900.0,900.0,900.0,900.0,900.0,900.0,900.0,900.0,900.0,900.0,900.0
2052420000,16,1711.0,1713.0,1708.0,1711.0,900.0,900.0,900.0,900.0,900.0,900.0,900.0,900.0,900.0,900.0,900.0,900.0
2052520000,16,1711.0,1718.0,1705.0,1705.0,900.0,900.0,900.0,900.0,900.0,900.0,900.0,900.0,900.0,900.0,900.0,900.0
2052620000,16,1712.0,1716.0,1704.0,1707.0,900.0,900.0,900.0,900.0,900.0,900.0,900.0,900.0,900.0,900.0,900.0,900.0
2052720000,16,1711.0,1712.0,1705.0,1707.0,900.0,900.0,900.0,900.0,900.0,900.0,900.0,900.0,900.0,900.0,900.0,900.0
2052820000,16,1708.0,1708.0,1709.0,1707.0,900.0,900.0,900.0,900.0,900.0,900.0,900.0,900.0,900.0,900.0,900.0,900.0
2052920000,16,1707.0,1707.0,1705.0,1714.0,900.0,900.0,900.0,900.0,900.0,900.0,900.0,900.0,900.0,900.0,900.0,900.0
2053020000,16,1713.0,1698.0,1711.0,1707.0,900.0,900.0,900.0,900.0,900.0,900.0,900.0,900.0,900.0,900.0,900.0,900.0
2053120000,16,1706.0,1706.0,1714.0,1705.0,900.0,900.0,900.0,900.0,900.0,900.0,900.0,900.0,900.0,900.0,900.0,900.0
2053220000,16,1703.0,1707.0,1708.0,1705.0,900.0,900.0,900.0,900.0,900.0,900.0,900.0,900.0,900.0,900.0,900.0,900.0
2053320000,16,1705.0,1708.0,1707.0,1703.0,900.0,900.0,900.0,900.0,900.0,900.0,900.0,900.0,900.0,900.0,900.0,900.0
2053420000,16,1708.0,1705.0,1707.0,1704.0,900.0,900.0,900.0,900.0,900.0,900.0,900.0,900.0,900.0,900.0,900.0,900.0
2053516000,16,1708.0,1705.0,1711.0,1703.0,900.0,900.0,900.0,900.0,900.0,900.0,900.0,900.0,900.0,900.0,900.0,900.0
2053620000,16,1707.0,1707.0,1704.0,1707.0,900.0,900.0,900.0,900.0,900.0,900.0,900.0,900.0,900.0,900.0,900.0,900.0
2053720000,16,1709.0,1706.0,1708.0,1703.0,900.0,900.0,900.0,900.0,900.0,900.0,900.0,900.0,900.0,900.0,900.0,900.0
2053820000,16,1706.0,1710.0,1705.0,1710.0,900.0,900.0,900.0,900.0,900.0,900.0,900.0,900.0,900.0,900.0,900.0,900.0
2053916000,16,1709.0,1704.0,1706.0,1706.0,900.0,900.0,900.0,900.0,900.0,900.0,900.0,900.0,900.0,900.0,900.0,900.0
2054020000,16,1704.0,1708.0,1709.0,1702.0,900.0,900.0,900.0,900.0,900.0,900.0,900.0,900.0,900.0,900.0,900.0,900.0
2054120000,16,1705.0,1706.0,1710.0,1704.0,900.0,900.0,900.0,900.0,900.0,900.0,900.0,900.0,900.0,900.0,900.0,900.0
2054220000,16,1705.0,1708.0,1707.0,1709.0,900.0,900.0,900.0,900.0,900.0,900.0,900.0,900.0,900.0,900.0,900.0,900.0
2054316000,16,1711.0,1701.0,1706.0,1707.0,900.0,900.0,900.0,900.0,900.0,900.0,900.0,900.0,900.0,900.0,900.0,900.0
2054420000,16,1706.0,1707.0,1707.0,1706.0,900.0,900.0,900.0,900.0,900.0,900.0,900.0,900.0,900.0,900.0,900.0,900.0
2054520000,16,1707.0,1705.0,1714.0,1701.0,900.0,900.0,900.0,900.0,900.0,900.0,900.0,900.0,900.0,900.0,900.0,900.0
2054620000,16,1710.0,1704.0,1706.0,1706.0,900.0,900.0,900.0,900.0,900.0,900.0,900.0,900.0,900.0,900.0,900.0,900.0
2054720000,16,1710.0,1704.0,1708.0,1705.0,900.0,900.0,900.0,900.0,900.0,900.0,900.0,900.0,900.0,900.0,900.0,900.0
2054820000,16,1712.0,1702.0,1709.0,1703.0,900.0,900.0,900.0,900.0,900.0,900.0,900.0,900.0,900.0,900.0,900.0,900.0
2054920000,16,1709.0,1708.0,1708.0,1703.0,900.0,900.0,900.0,900.0,900.0,900.0,900.0,900.0,900.0,900.0,900.0,900.0
2055020000,16,1714.0,1701.0,1705.0,1706.0,900.0,900.0,900.0,900.0,900.0,900.0,900.0,900.0,900.0,900.0,900.0,900.0
2055120000,16,1708.0,1703.0,1703.0,1708.0,900.0,900.0,900.0,900.0,900.0,900.0,900.0,900.0,900.0,900.0,900.0,900.0
2055220000,16,1707.0,1703.0,1706.0,1708.0,900.0,900.0,900.0,900.0,900.0,900.0,900.0,900.0,900.0,900.0,900.0,900.0
2055320000,16,1709.0,1703.0,1710.0,1706.0,900.0,900.0,900.0,900.0,900.0,900.0,900.0,900.0,900.0,900.0,900.0,900.0
2055420000,16,1700.0,1711.0,1705.0,1709.0,900.0,900.0,900.0,900.0,900.0,900.0,900.0,900.0,900.0,900.0,900.0,900.0
2055520000,16,1706.0,1705.0,1707.0,1706.0,900.0,900.0,900.0,900.0,900.0,900.0,900.0,900.0,900.0,900.0,900.0,900.0
2055620000,16,1707.0,1705.0,1706.0,1708.0,900.0,900.0,900.0,900.0,900.0,900.0,900.0,900.0,900.0,900.0,900.0,900.0
2055716000,16,1706.0,1707.0,1709.0,1703.0,900.0,900.0,900.0,900.0,900.0,900.0,900.0,900.0,900.0,900.0,900.0,900.0
2055820000,16,1706.0,1709.0,1708.0,1704.0,900.0,900.0,900.0,900.0,900.0,900.0,900.0,900.0,900.0,900.0,900.0,900.0
2055920000,16,1711.0,1705.0,1710.0,1701.0,900.0,900.0,900.0,900.0,900.0,900.0,900.0,900.0,900.0,900.0,900.0,900.0
2056020000,16,1703.0,1709.0,1704.0,1708.0,900.0,900.0,900.0,900.0,900.0,900.0,900.0,900.0,900.0,900.0,900.0,900.0
2056120000,16,1706.0,1704.0,1710.0,1702.0,900.0,900.0,900.0,900.0,900.0,900.0,900.0,900.0,900.0,900.0,900.0,900.0
2056220000,16,1705.0,1706.0,1706.0,1707.0,900.0,900.0,900.0,900.0,900.0,900.0,900.0,900.0,900.0,900.0,900.0,900.0
2056320000,16,1704.0,1708.0,1707.0,1705.0,900.0,900.0,900.0,900.0,900.0,900.0,900.0,900.0,900.0,900.0,900.0,900.0
2056420000,16,1709.0,1701.0,1708.0,1702.0,900.0,900.0,900.0,900.0,900.0,900.0,900.0,900.0,900.0,900.0,900.0,900.0
2056520000,16,1708.0,1702.0,1708.0,1700.0,900.0,900.0,900.0,900.0,900.0,900.0,900.0,900.0,900.0,900.0,900.0,900.0
2056620000,16,1709.0,1699.0,1702.0,1706.0,900.0,900.0,900.0,900.0,900.0,900.0,900.0,900.0,900.0,900.0,900.0,900.0
2056716000,16,1704.0,1705.0,1705.0,1703.0,900.0,900.0,900.0,900.0,900.0,900.0,900.0,900.0,900.0,900.0,900.0,900.0
2056820000,16,1702.0,1710.0,1707.0,1704.0,900.0,900.0,900.0,900.0,900.0,900.0,900.0,900.0,900.0,900.0,900.0,900.0
2056920000,16,1709.0,1704.0,1706.0,1708.0,900.0,900.0,900.0,900.0,900.0,900.0,900.0,900.0,900.0,900.0,900.0,900.0
2057020000,16,1704.0,1708.0,1708.0,1704.0,900.0,900.0,900.0,900.0,900.0,900.0,900.0,900.0,900.0,900.0,900.0,900.0
2057120000,16,1715.0,1698.0,1710.0,1700.0,900.0,900.0,900.0,900.0,900.0,900.0,900.0,900.0,900.0,900.0,900.0,900.0
2057220000,16,1709.0,1702.0,1712.0,1698.0,900.0,900.0,900.0,900.0,900.0,900.0,900.0,900.0,900.0,900.0,900.0,900.0
2057320000,16,1707.0,1705.0,1708.0,1706.0,900.0,900.0,900.0,900.0,900.0,900.0,900.0,900.0,900.0,900.0,900.0,900.0
2057420000,16,1706.0,1705.0,1706.0,1706.0,900.0,900.0,900.0,900.0,900.0,900.0,900.0,900.0,900.0,900.0,900.0,900.0
2057520000,16,1710.0,1700.0,1704.0,1708.0,900.0,900.0,900.0,900.0,900.0,900.0,900.0,900.0,900.0,900.0,900.0,900.0
2057620000,16,1708.0,1704.0,1713.0,1703.0,900.0,900.0,900.0,900.0,900.0,900.0,900.0,900.0,900.0,900.0,900.0,900.0
2057720000,16,1711.0,1702.0,1709.0,1706.0,900.0,900.0,900.0,900.0,900.0,900.0,900.0,900.0,900.0,900.0,900.0,900.0
2057820000,16,1703.0,1710.0,1705.0,1707.0,900.0,900.0,900.0,900.0,900.0,900.0,900.0,900.0,900.0,900.0,900.0,900.0
2057920000,16,1708.0,1706.0,1709.0,1702.0,900.0,900.0,900.0,900.0,900.0,900.0,900.0,900.0,900.0,900.0,900.0,900.0
2058020000,16,1708.0,1707.0,1709.0,1706.0,900.0,900.0,900.0,900.0,900.0,900.0,900.0,900.0,900.0,900.0,900.0,900.0
2058120000,16,1711.0,1703.0,1711.0,1704.0,900.0,900.0,900.0,900.0,900.0,900.0,900.0,900.0,900.0,900.0,900.0,900.0
2058220000,16,1712.0,1702.0,1713.0,1702.0,900.0,900.0,900.0,900.0,900.0,900.0,900.0,900.0,900.0,900.0,900.0,900.0
2058320000,16,1708.0,1704.0,1711.0,1701.0,900.0,900.0,900.0,900.0,900.0,900.0,900.0,900.0,900.0,900.0,900.0,900.0
2058420000,16,1705.0,1706.0,1705.0,1703.0,900.0,900.0,900.0,900.0,900.0,900.0,900.0,900.0,900.0,900.0,900.0,900.0
2058516000,16,1701.0,1710.0,1706.0,1703.0,900.0,900.0,900.0,900.0,900.0,900.0,900.0,900.0,900.0,900.0,900.0,900.0
2058620000,16,1704.0,1707.0,1705.0,1705.0,900.0,900.0,900.0,900.0,900.0,900.0,900.0,900.0,900.0,900.0,900.0,900.0
2058720000,16,1709.0,1702.0,1708.0,1705.0,900.0,900.0,900.0,900.0,900.0,900.0,900.0,900.0,900.0,900.0,900.0,900.0
2058820000,16,1705.0,1705.0,1707.0,1706.0,900.0,900.0,900.0,900.0,900.0,900.0,900.0,900.0,900.0,900.0,900.0,900.0
2058920000,16,1707.0,1705.0,1710.0,1703.0,900.0,900.0,900.0,900.0,900.0,900.0,900.0,900.0,900.0,900.0,900.0,900.0
2059020000,16,1704.0,1709.0,1707.0,1704.0,900.0,900.0,900.0,900.0,900.0,900.0,900.0,900.0,900.0,900.0,900.0,900.0
2059120000,16,1708.0,1707.0,1705.0,1710.0,900.0,900.0,900.0,900.0,900.0,900.0,900.0,900.0,900.0,900.0,900.0,900.0
2059220000,16,1706.0,1705.0,1707.0,1707.0,900.0,900.0,900.0,900.0,900.0,900.0,900.0,900.0,900.0,900.0,900.0,900.0
2059320000,16,1711.0,1703.0,1710.0,1703.0,900.0,900.0,900.0,900.0,900.0,900.0,900.0,900.0,900.0,900.0,900.0,900.0
2059420000,16,1707.0,1706.0,1705.0,1705.0,900.0,900.0,900.0,900.0,900.0,900.0,900.0,900.0,900.0,900.0,900.0,900.0
2059520000,16,1706.0,1706.0,1707.0,1705.0,900.0,900.0,900.0,900.0,900.0,900.0,900.0,900.0,900.0,900.0,900.0,900.0
2059620000,16,1709.0,1704.0,1712.0,1702.0,900.0,900.0,900.0,900.0,900.0,900.0,900.0,900.0,900.0,900.0,900.0,900.0
2059720000,16,1707.0,1708.0,1708.0,1705.0,900.0,900.0,900.0,900.0,900.0,900.0,900.0,900.0,900.0,900.0,900.0,900.0
2059820000,16,1705.0,1707.0,1709.0,1705.0,900.0,900.0,900.0,900.0,900.0,900.0,900.0,900.0,900.0,900.0,900.0,900.0
2059920000,16,1707.0,1703.0,1707.0,1708.0,900.0,900.0,900.0,900.0,900.0,900.0,900.0,900.0,900.0,900.0,900.0,900.0
2060020000,16,1707.0,1705.0,1707.0,1706.0,900.0,900.0,900.0,900.0,900.0,900.0,900.0,900.0,900.0,900.0,900.0,900.0
2060120000,16,1712.0,1705.0,1713.0,1700.0,900.0,900.0,900.0,900.0,900.0,900.0,900.0,900.0,900.0,900.0,900.0,900.0
2060216000,16,1712.0,1704.0,1710.0,1704.0,900.0,900.0,900.0,900.0,900.0,900.0,900.0,900.0,900.0,900.0,900.0,900.0
2060316000,16,1715.0,1699.0,1712.0,1702.0,900.0,900.0,900.0,900.0,900.0,900.0,900.0,900.0,900.0,900.0,900.0,900.0
2060420000,16,1678.0,1683.0,1675.0,1687.0,900.0,900.0,900.0,900.0,900.0,900.0,900.0,900.0,900.0,900.0,900.0,900.0
2060520000,16,1654.0,1652.0,1655.0,1651.0,900.0,900.0,900.0,900.0,900.0,900.0,900.0,900.0,900.0,900.0,900.0,900.0
2060616000,16,1650.0,1637.0,1650.0,1638.0,900.0,900.0,900.0,900.0,900.0,900.0,900.0,900.0,900.0,900.0,900.0,900.0
2060720000,16,1622.0,1612.0,1619.0,1614.0,900.0,900.0,900.0,900.0,900.0,900.0,900.0,900.0,900.0,900.0,900.0,900.0
2060820000,16,1641.0,1641.0,1635.0,1646.0,900.0,900.0,900.0,900.0,900.0,900.0,900.0,900.0,900.0,900.0,900.0,900.0
2060920000,16,1686.0,1682.0,1681.0,1688.0,900.0,900.0,900.0,900.0,900.0,900.0,900.0,900.0,900.0,900.0,900.0,900.0
2061020000,16,1720.0,1713.0,1722.0,1710.0,900.0,900.0,900.0,900.0,900.0,900.0,900.0,900.0,900.0,900.0,900.0,900.0
2061116000,16,1737.0,1738.0,1740.0,1733.0,900.0,900.0,900.0,900.0,900.0,900.0,900.0,900.0,900.0,900.0,900.0,900.0
2061216000,16,1743.0,1749.0,1744.0,1745.0,900.0,900.0,900.0,900.0,900.0,900.0,900.0,900.0,900.0,900.0,900.0,900.0
2061320000,16,1727.0,1722.0,1726.0,1723.0,900.0,900.0,900.0,900.0,900.0,900.0,900.0,900.0,900.0,900.0,900.0,900.0
2061420000,16,1712.0,1716.0,1717.0,1714.0,900.0,900.0,900.0,900.0,900.0,900.0,900.0,900.0,900.0,900.0,900.0,900.0
2061520000,16,1716.0,1708.0,1714.0,1714.0,900.0,900.0,900.0,900.0,900.0,900.0,900.0,900.0,900.0,900.0,900.0,900.0
2061620000,16,1714.0,1714.0,1714.0,1715.0,900.0,900.0,900.0,900.0,900.0,900.0,900.0,900.0,900.0,900.0,900.0,900.0
2061720000,16,1717.0,1713.0,1719.0,1709.0,900.0,900.0,900.0,900.0,900.0,900.0,900.0,900.0,900.0,900.0,900.0,900.0
2061820000,16,1711.0,1717.0,1712.0,1715.0,900.0,900.0,900.0,900.0,900.0,900.0,900.0,900.0,900.0,900.0,900.0,900.0
2061920000,16,1715.0,1714.0,1717.0,1711.0,900.0,900.0,900.0,900.0,900.0,900.0,900.0,900.0,900.0,900.0,900.0,900.0
2062016000,16,1722.0,1711.0,1717.0,1718.0,900.0,900.0,900.0,900.0,900.0,900.0,900.0,900.0,900.0,900.0,900.0,900.0
2062120000,16,1715.0,1712.0,1716.0,1714.0,900.0,900.0,900.0,900.0,900.0,900.0,900.0,900.0,900.0,900.0,900.0,900.0
2062220000,16,1715.0,1712.0,1713.0,1715.0,900.0,900.0,900.0,900.0,900.0,900.0,900.0,900.0,900.0,900.0,900.0,900.0
2062320000,16,1717.0,1714.0,1716.0,1712.0,900.0,900.0,900.0,900.0,900.0,900.0,900.0,900.0,900.0,900.0,900.0,900.0
2062420000,16,1718.0,1714.0,1716.0,1711.0,900.0,900.0,900.0,900.0,900.0,900.0,900.0,900.0,900.0,900.0,900.0,900.0
2062516000,16,1718.0,1712.0,1715.0,1712.0,900.0,900.0,900.0,900.0,900.0,900.0,900.0,900.0,900.0,900.0,900.0,900.0
2062620000,16,1714.0,1717.0,1714.0,1719.0,900.0,900.0,900.0,900.0,900.0,900.0,900.0,900.0,900.0,900.0,900.0,900.0
2062720000,16,1714.0,1715.0,1713.0,1718.0,900.0,900.0,900.0,900.0,900.0,900.0,900.0,900.0,900.0,900.0,900.0,900.0
2062820000,16,1717.0,1713.0,1715.0,1720.0,900.0,900.0,900.0,900.0,900.0,900.0,900.0,900.0,900.0,900.0,900.0,900.0
2062920000,16,1717.0,1715.0,1722.0,1712.0,900.0,900.0,900.0,900.0,900.0,900.0,900.0,900.0,900.0,900.0,900.0,900.0
2063020000,16,1720.0,1714.0,1719.0,1716.0,900.0,900.0,900.0,900.0,900.0,900.0,900.0,900.0,900.0,900.0,900.0,900.0
2063120000,16,1721.0,1714.0,1723.0,1711.0,900.0,900.0,900.0,900.0,900.0,900.0,900.0,900.0,900.0,900.0,900.0,900.0
2063220000,16,1720.0,1713.0,1717.0,1714.0,900.0,900.0,900.0,900.0,900.0,900.0,900.0,900.0,900.0,900.0,900.0,900.0
2063320000,16,1717.0,1715.0,1712.0,1718.0,900.0,900.0,900.0,900.0,900.0,900.0,900.0,900.0,900.0,900.0,900.0,900.0
2063420000,16,1716.0,1715.0,1715.0,1716.0,900.0,900.0,900.0,900.0,900.0,900.0,900.0,900.0,900.0,900.0,900.0,900.0
2063520000,16,1717.0,1715.0,1721.0,1713.0,900.0,900.0,900.0,900.0,900.0,900.0,900.0,900.0,900.0,900.0,900.0,900.0
2063620000,16,1710.0,1719.0,1718.0,1714.0,900.0,900.0,900.0,900.0,900.0,900.0,900.0,900.0,900.0,900.0,900.0,900.0
2063716000,16,1718.0,1712.0,1717.0,1714.0,900.0,900.0,900.0,900.0,900.0,900.0,900.0,900.0,900.0,900.0,900.0,900.0
2063820000,16,1721.0,1714.0,1721.0,1713.0,900.0,900.0,900.0,900.0,900.0,900.0,900.0,900.0,900.0,900.0,900.0,900.0
2063920000,16,1719.0,1717.0,1718.0,1716.0,900.0,900.0,900.0,900.0,900.0,900.0,900.0,900.0,900.0,900.0,900.0,900.0
2064020000,16,1719.0,1718.0,1716.0,1717.0,900.0,900.0,900.0,900.0,900.0,900.0,900.0,900.0,900.0,900.0,900.0,900.0
2064120000,16,1719.0,1713.0,1722.0,1710.0,900.0,900.0,900.0,900.0,900.0,900.0,900.0,900.0,900.0,900.0,900.0,900.0
2064220000,16,1717.0,1714.0,1719.0,1716.0,900.0,900.0,900.0,900.0,900.0,900.0,900.0,900.0,900.0,900.0,900.0,900.0
2064320000,16,1717.0,1714.0,1720.0,1713.0,900.0,900.0,900.0,900.0,900.0,900.0,900.0,900.0,900.0,900.0,900.0,900.0
2064420000,16,1719.0,1711.0,1721.0,1712.0,900.0,900.0,900.0,900.0,900.0,900.0,900.0,900.0,900.0,900.0,900.0,900.0
2064516000,16,1717.0,1714.0,1723.0,1710.0,900.0,900.0,900.0,900.0,900.0,900.0,900.0,900.0,900.0,900.0,900.0,900.0
2064620000,16,1716.0,1718.0,1715.0,1719.0,900.0,900.0,900.0,900.0,900.0,900.0,900.0,900.0,900.0,900.0,900.0,900.0
2064720000,16,1722.0,1712.0,1720.0,1713.0,900.0,900.0,900.0,900.0,900.0,900.0,900.0,900.0,900.0,900.0,900.0,900.0
2064820000,16,1865.0,1861.0,1861.0,1865.0,900.0,900.0,900.0,900.0,900.0,900.0,900.0,900.0,900.0,900.0,900.0,900.0
2064920000,16,1781.0,1767.0,1774.0,1771.0,900.0,900.0,900.0,900.0,900.0,900.0,900.0,900.0,900.0,900.0,900.0,900.0
2065020000,16,1724.0,1727.0,1726.0,1728.0,900.0,900.0,900.0,900.0,900.0,900.0,900.0,900.0,900.0,900.0,900.0,900.0
2065120000,16,1717.0,1710.0,1715.0,1716.0,900.0,900.0,900.0,900.0,900.0,900.0,900.0,900.0,900.0,900.0,900.0,900.0
2065220000,16,1711.0,1709.0,1715.0,1707.0,900.0,900.0,900.0,900.0,900.0,900.0,900.0,900.0,900.0,900.0,900.0,900.0
2065320000,16,1702.0,1696.0,1701.0,1697.0,900.0,900.0,900.0,900.0,900.0,900.0,900.0,900.0,900.0,900.0,900.0,900.0
2065416000,16,1697.0,1696.0,1698.0,1695.0,900.0,900.0,900.0,900.0,900.0,900.0,900.0,900.0,900.0,900.0,900.0,900.0
2065520000,16,1701.0,1697.0,1700.0,1695.0,900.0,900.0,900.0,900.0,900.0,900.0,900.0,900.0,900.0,900.0,900.0,900.0
2065620000,16,1701.0,1700.0,1703.0,1695.0,900.0,900.0,900.0,900.0,900.0,900.0,900.0,900.0,900.0,900.0,900.0,900.0
2065720000,16,1686.0,1692.0,1689.0,1689.0,900.0,900.0,900.0,900.0,900.0,900.0,900.0,900.0,900.0,900.0,900.0,900.0
2065820000,16,1685.0,1692.0,1690.0,1687.0,900.0,900.0,900.0,900.0,900.0,900.0,900.0,900.0,900.0,900.0,900.0,900.0
2065920000,16,1690.0,1695.0,1691.0,1695.0,900.0,900.0,900.0,900.0,900.0,900.0,900.0,900.0,900.0,900.0,900.0,900.0
2066020000,16,1700.0,1695.0,1692.0,1703.0,900.0,900.0,900.0,900.0,900.0,900.0,900.0,900.0,900.0,900.0,900.0,900.0
2066120000,16,1687.0,1682.0,1686.0,1682.0,900.0,900.0,900.0,900.0,900.0,900.0,900.0,900.0,900.0,900.0,900.0,900.0
2066220000,16,1686.0,1682.0,1687.0,1681.0,900.0,900.0,900.0,900.0,900.0,900.0,900.0,900.0,900.0,900.0,900.0,900.0
2066320000,16,1690.0,1692.0,1686.0,1694.0,900.0,900.0,900.0,900.0,900.0,900.0,900.0,900.0,900.0,900.0,900.0,900.0
2066420000,16,1700.0,1694.0,1700.0,1691.0,900.0,900.0,900.0,900.0,900.0,900.0,900.0,900.0,900.0,900.0,900.0,900.0
2066520000,16,1683.0,1680.0,1685.0,1680.0,900.0,900.0,900.0,900.0,900.0,900.0,900.0,900.0,900.0,900.0,900.0,900.0
2066620000,16,1686.0,1678.0,1688.0,1678.0,900.0,900.0,900.0,900.0,900.0,900.0,900.0,900.0,900.0,900.0,900.0,900.0
2066720000,16,1689.0,1692.0,1690.0,1691.0,900.0,900.0,900.0,900.0,900.0,900.0,900.0,900.0,900.0,900.0,900.0,900.0
2066820000,16,1699.0,1692.0,1696.0,1695.0,900.0,900.0,900.0,900.0,900.0,900.0,900.0,900.0,900.0,900.0,900.0,900.0
2066916000,16,1688.0,1677.0,1685.0,1680.0,900.0,900.0,900.0,900.0,900.0,900.0,900.0,900.0,900.0,900.0,900.0,900.0
2067020000,16,1688.0,1682.0,1684.0,1686.0,900.0,900.0,900.0,900.0,900.0,900.0,900.0,900.0,900.0,900.0,900.0,900.0
2067120000,16,1699.0,1691.0,1698.0,1690.0,900.0,900.0,900.0,900.0,900.0,900.0,900.0,900.0,900.0,900.0,900.0,900.0
2067220000,16,1697.0,1701.0,1701.0,1699.0,900.0,900.0,900.0,900.0,900.0,900.0,900.0,900.0,900.0,900.0,900.0,900.0
2067320000,16,1691.0,1680.0,1690.0,1683.0,900.0,900.0,900.0,900.0,900.0,900.0,900.0,900.0,900.0,900.0,900.0,900.0
2067416000,16,1696.0,1689.0,1698.0,1688.0,900.0,900.0,900.0,900.0,900.0,900.0,900.0,900.0,900.0,900.0,900.0,900.0
2067520000,16,1699.0,1699.0,1698.0,1701.0,900.0,900.0,900.0,900.0,900.0,900.0,900.0,900.0,900.0,900.0,900.0,900.0
2067620000,16,1706.0,1703.0,1710.0,1699.0,900.0,900.0,900.0,900.0,900.0,900.0,900.0,900.0,900.0,900.0,900.0,900.0
2067720000,16,1691.0,1689.0,1690.0,1688.0,900.0,900.0,900.0,900.0,900.0,900.0,900.0,900.0,900.0,900.0,900.0,900.0
2067820000,16,1701.0,1684.0,1696.0,1688.0,900.0,900.0,900.0,900.0,900.0,900.0,900.0,900.0,900.0,900.0,900.0,900.0
2067916000,16,1680.0,1686.0,1681.0,1684.0,900.0,900.0,900.0,900.0,900.0,900.0,900.0,900.0,900.0,900.0,900.0,900.0
2068020000,16,1691.0,1693.0,1693.0,1688.0,900.0,900.0,900.0,900.0,900.0,900.0,900.0,900.0,900.0,900.0,900.0,900.0
2068120000,16,1706.0,1702.0,1707.0,1703.0,900.0,900.0,900.0,900.0,900.0,900.0,900.0,900.0,900.0,900.0,900.0,900.0
2068220000,16,1716.0,1713.0,1717.0,1715.0,900.0,900.0,900.0,900.0,900.0,900.0,900.0,900.0,900.0,900.0,900.0,900.0
2068320000,16,1704.0,1702.0,1705.0,1700.0,900.0,900.0,900.0,900.0,900.0,900.0,900.0,900.0,900.0,900.0,900.0,900.0
2068420000,16,1710.0,1702.0,1705.0,1706.0,900.0,900.0,900.0,900.0,900.0,900.0,900.0,900.0,900.0,900.0,900.0,900.0
2068520000,16,1718.0,1710.0,1716.0,1712.0,900.0,900.0,900.0,900.0,900.0,900.0,900.0,900.0,900.0,900.0,900.0,900.0
2068620000,16,1720.0,1721.0,1720.0,1721.0,900.0,900.0,900.0,900.0,900.0,900.0,900.0,900.0,900.0,900.0,900.0,900.0
2068720000,16,1507.0,1497.0,1498.0,1504.0,900.0,900.0,900.0,900.0,900.0,900.0,900.0,900.0,900.0,900.0,900.0,900.0
2068820000,16,1465.0,1460.0,1459.0,1464.0,900.0,900.0,900.0,900.0,900.0,900.0,900.0,900.0,900.0,900.0,900.0,900.0
2068920000,16,1434.0,1432.0,1425.0,1439.0,900.0,900.0,900.0,900.0,900.0,900.0,900.0,900.0,900.0,900.0,900.0,900.0
2069020000,16,1409.0,1402.0,1397.0,1409.0,900.0,900.0,900.0,900.0,900.0,900.0,900.0,900.0,900.0,900.0,900.0,900.0
2069120000,16,1357.0,1361.0,1346.0,1368.0,900.0,900.0,900.0,900.0,900.0,900.0,900.0,900.0,900.0,900.0,900.0,900.0
2069220000,16,1119.0,1122.0,1115.0,1125.0,900.0,900.0,900.0,900.0,900.0,900.0,900.0,900.0,900.0,900.0,900.0,900.0
2069320000,16,1119.0,1121.0,1117.0,1122.0,900.0,900.0,900.0,900.0,900.0,900.0,900.0,900.0,900.0,900.0,900.0,900.0
2069416000,16,1116.0,1125.0,1110.0,1130.0,900.0,900.0,900.0,900.0,900.0,900.0,900.0,900.0,900.0,900.0,900.0,900.0
2069520000,16,1122.0,1120.0,1110.0,1128.0,900.0,900.0,900.0,900.0,900.0,900.0,900.0,900.0,900.0,900.0,900.0,900.0
2069620000,16,1116.0,1124.0,1114.0,1126.0,900.0,900.0,900.0,900.0,900.0,900.0,900.0,900.0,900.0,900.0,900.0,900.0
2069720000,16,1114.0,1126.0,1114.0,1126.0,900.0,900.0,900.0,900.0,900.0,900.0,900.0,900.0,900.0,900.0,900.0,900.0
2069820000,16,1117.0,1123.0,1117.0,1122.0,900.0,900.0,900.0,900.0,900.0,900.0,900.0,900.0,900.0,900.0,900.0,900.0
2069920000,16,1000.0,1002.0,1000.0,1002.0,900.0,900.0,900.0,900.0,900.0,900.0,900.0,900.0,900.0,900.0,900.0,900.0
2070020000,16,1000.0,1002.0,1000.0,1002.0,900.0,900.0,900.0,900.0,900.0,900.0,900.0,900.0,900.0,900.0,900.0,900.0
2070120000,16,1000.0,1002.0,1000.0,1002.0,900.0,900.0,900.0,900.0,900.0,900.0,900.0,900.0,900.0,900.0,900.0,900.0
2070220000,16,1000.0,1002.0,1000.0,1002.0,900.0,900.0,900.0,900.0,900.0,900.0,900.0,900.0,900.0,900.0,900.0,900.0
2070320000,16,1000.0,1002.0,1000.0,1002.0,900.0,900.0,900.0,900.0,900.0,900.0,900.0,900.0,900.0,900.0,900.0,900.0
2070420000,16,1000.0,1002.0,1000.0,1002.0,900.0,900.0,900.0,900.0,900.0,900.0,900.0,900.0,900.0,900.0,900.0,900.0
2070520000,16,1000.0,1002.0,1000.0,1002.0,900.0,900.0,900.0,900.0,900.0,900.0,900.0,900.0,900.0,900.0,900.0,900.0
2070620000,16,1000.0,1002.0,1000.0,1002.0,900.0,900.0,900.0,900.0,900.0,900.0,900.0,900.0,900.0,900.0,900.0,900.0
