timestamp,timestamp_sample,xyz[0],xyz[1],xyz[2]
3888000,3888000,0.0651529,0.101331,-9.70171
3892000,3892000,0.08920817,0.098898135,-9.7177305
3940000,3940000,-0.02093925,-0.046584748,-9.7894335
3988000,3988000,0.065452754,0.06760599,-9.863299
4040000,4040000,-0.006401788,-0.0064893356,-9.8446865
4088000,4088000,0.058729324,-0.06376082,-9.763193
4140000,4140000,-0.025465088,0.047142822,-9.813225
4188000,4188000,0.0029255778,-0.09481525,-9.819301
4240000,4240000,0.0016293158,0.011039879,-9.731308
4288000,4288000,-0.005973068,-0.008380534,-9.876924
4340000,4340000,-0.029549437,-0.0825676,-9.773222
4388000,4388000,-0.07216484,-0.054761745,-9.876314
4440000,4440000,-0.022510286,0.059933014,-9.752666
4488000,4488000,-0.036406778,-0.0005474265,-9.750169
4540000,4540000,-0.059074264,-0.055905767,-9.697742
4588000,4588000,-0.07538763,-0.031548798,-9.811057
4640000,4640000,-0.003778358,0.09281954,-9.885248
4688000,4688000,-0.087870404,0.033030134,-9.853178
4740000,4740000,0.05971154,-0.00084990216,-9.800471
4788000,4788000,0.016131993,0.08354011,-9.762634
4840000,4840000,-0.07522845,0.017006435,-9.89534
4888000,4888000,0.07128963,0.016070392,-9.833714
4940000,4940000,-0.008024534,-0.0065521724,-9.788127
4988000,4988000,-0.051991254,-0.01129144,-9.8504
5040000,5040000,0.005703566,-0.12065981,-9.817179
5088000,5088000,0.018882187,-0.06472643,-9.757695
5140000,5140000,0.015600105,-0.11375332,-9.755805
5188000,5188000,-0.02061715,0.023498796,-9.701029
5240000,5240000,-0.08234931,-0.084380545,-9.7467575
5288000,5288000,-0.030076563,0.0717051,-9.747507
5340000,5340000,-0.15087318,0.05355083,-9.865339
5388000,5388000,0.01211245,-0.036853123,-9.842611
5440000,5440000,0.06910977,0.025950905,-9.816242
5488000,5488000,0.015565988,0.0078118714,-9.824514
5540000,5540000,-0.009553347,-0.062405895,-9.796047
5588000,5588000,-0.011123974,-0.010172663,-9.838262
5640000,5640000,0.05268158,-0.0562092,-9.81548
5688000,5688000,-0.04895339,0.014898133,-9.843691
5740000,5740000,0.037827164,0.16510563,-9.789917
5788000,5788000,-0.043984286,0.029770097,-9.889054
5840000,5840000,0.0549829,0.014129757,-9.797336
5888000,5888000,0.0133332955,0.032028742,-9.769449
5940000,5940000,0.041253693,-0.07335936,-9.905389
5988000,5988000,0.06654325,0.03908334,-9.82413
6040000,6040000,0.08218108,-0.029643884,-9.812228
6088000,6088000,0.05473192,-0.07475935,-9.846881
6140000,6140000,0.0143523,-0.077414915,-9.730435
6188000,6188000,-0.0060713757,-0.044700075,-9.825022
6240000,6240000,0.045179706,-0.049175788,-9.890414
6288000,6288000,0.07116349,0.035063103,-9.830774
6340000,6340000,0.029136674,-0.09245651,-9.873686
6388000,6388000,0.10841101,0.06741965,-9.802687
6440000,6440000,0.02783016,0.09345952,-9.844499
6488000,6488000,-0.046153575,0.061276004,-9.853847
6540000,6540000,0.015647026,-0.02223263,-9.8240385
6588000,6588000,-0.03569924,-0.0429774,-9.752456
6640000,6640000,0.029993016,0.021154001,-9.715089
6688000,6688000,-0.084102646,-0.0053937035,-9.738974
6740000,6740000,-0.060627215,0.075511485,-9.869382
6788000,6788000,-0.07936616,0.032275543,-9.815378
6840000,6840000,0.014545923,-0.07296924,-9.799124
6884000,6884000,-0.026318412,0.016112842,-9.80738
6940000,6940000,0.10358566,0.061155267,-9.780824
6988000,6988000,0.058797028,0.01496721,-9.779975
7040000,7040000,-0.018104333,-0.008005386,-9.770986
7088000,7088000,0.018350225,0.0073006856,-9.84608
7140000,7140000,-0.0024471295,0.020764116,-9.852791
7188000,7188000,-0.06335395,0.020739913,-9.795076
7240000,7240000,0.055120002,-0.01122131,-9.683096
7288000,7288000,0.106449924,-0.013529204,-9.799883
7340000,7340000,-0.024569448,-0.06264909,-9.844753
7388000,7388000,-0.0037253164,0.109050825,-9.813946
7440000,7440000,0.023708558,-0.03388748,-9.822708
7488000,7488000,0.028650798,0.0448758,-9.811054
7540000,7540000,0.053043295,0.019744063,-9.807175
7588000,7588000,0.004681697,0.11500737,-9.833302
7640000,7640000,-0.03915882,0.04854616,-9.81967
7684000,7684000,0.04265564,-0.0071496535,-9.788234
7740000,7740000,-0.008860394,-0.039664768,-9.778897
7788000,7788000,0.01277057,-0.035801526,-9.900148
7840000,7840000,0.07364917,0.013282023,-9.812078
7888000,7888000,0.049158007,-0.031555746,-9.766001
7940000,7940000,-0.020469554,0.027684676,-9.829342
7988000,7988000,-0.050555144,-0.0075465087,-9.880902
8040000,8040000,0.041196432,0.021304812,-9.743429
8088000,8088000,0.013495587,-0.066735186,-9.763909
8140000,8140000,0.08307511,-0.020808741,-9.866427
8184000,8184000,0.116138004,-0.0050116125,-9.773775
8240000,8240000,-0.05777075,-0.022489687,-9.769587
8288000,8288000,0.011677314,0.06322569,-9.8448925
8340000,8340000,0.020892465,-0.036952134,-9.821472
8388000,8388000,0.06358795,-0.015936796,-9.83076
8440000,8440000,-0.03545136,-0.052051924,-9.767067
8488000,8488000,-0.088856414,-0.044470042,-9.822956
8540000,8540000,-0.0635211,-0.061277226,-9.769471
8588000,8588000,0.00024580816,-0.023446493,-9.8766575
8640000,8640000,-0.10363572,0.06344096,-9.85367
8688000,8688000,-0.0711225,0.036064617,-9.797388
8740000,8740000,0.0040623522,-0.025333976,-9.727847
8788000,8788000,0.059886508,-0.052226778,-9.769179
8840000,8840000,-0.054929063,-0.06286023,-9.719169
8888000,8888000,-0.008472193,0.02315599,-9.821644
8940000,8940000,-0.036022566,0.028508898,-9.82339
8988000,8988000,0.0666496,-0.025370896,-9.790001
9040000,9040000,-0.00657438,0.14784989,-9.819378
9088000,9088000,-0.014962303,-0.0071660085,-9.897169
9140000,9140000,-0.018988622,0.06803785,-9.784926
9188000,9188000,-0.005266999,0.031451292,-9.799965
9240000,9240000,0.028122246,0.09697953,-9.814288
9288000,9288000,0.03762521,0.039405894,-9.816678
9340000,9340000,0.012431641,0.033727597,-9.797785
9388000,9388000,-0.030699195,0.06153515,-9.819519
9440000,9440000,0.034831733,-0.010698761,-9.77702
9488000,9488000,0.009501711,-0.0153577905,-9.796022
9540000,9540000,-0.009607151,-0.026919363,-9.796274
9588000,9588000,-0.062100697,-0.04768972,-9.826624
9640000,9640000,0.0128098205,0.020549158,-9.840963
9688000,9688000,0.01679548,-0.062354878,-9.848606
9740000,9740000,-0.014896299,-0.070418045,-9.728506
9788000,9788000,0.005465298,0.015508231,-9.86838
9840000,9840000,-0.0873034,-0.0055365525,-9.804063
9888000,9888000,-0.037706394,-0.027078643,-9.750041
9940000,9940000,-0.11098899,-0.066154584,-9.857702
9988000,9988000,0.00502427,0.018730666,-9.836383
10040000,10040000,-0.005551069,-0.03126356,-9.863037
10088000,10088000,-0.052388042,0.022700135,-9.820421
10140000,10140000,-0.009044238,0.08790991,-9.82961
10188000,10188000,0.058664285,0.00019862963,-9.735401
10240000,10240000,0.022605002,0.012342358,-9.841653
10288000,10288000,-0.005307597,0.05782421,-9.799427
10340000,10340000,-0.10578425,-0.033668745,-9.8015585
10388000,10388000,0.019035388,0.013802705,-9.842022
10440000,10440000,0.07243873,0.023589343,-9.759483
10488000,10488000,-0.028239127,0.04185987,-9.831773
10540000,10540000,-0.0075245136,0.09470258,-9.700169
10588000,10588000,0.058573253,0.02855459,-9.948986
10636000,10636000,-0.027775163,-0.03245887,-9.841007
10688000,10688000,-0.003528623,0.016220674,-9.843394
10740000,10740000,-0.043024093,0.024683177,-9.898213
10788000,10788000,0.009806427,0.033155005,-9.803503
10840000,10840000,-0.0009344799,0.024060989,-9.801346
10884000,10884000,-0.059095774,0.07446535,-9.68678
10940000,10940000,-0.0069052554,0.010230974,-9.76859
10988000,10988000,0.0104203215,0.079211086,-9.767384
11040000,11040000,0.016129462,0.06679129,-9.852063
11084000,11084000,0.068480834,0.016207824,-9.846715
11140000,11140000,0.02011645,-0.050108343,-9.813062
11188000,11188000,-0.003921666,-0.115535446,-9.812018
11240000,11240000,-0.040206496,-0.0061747665,-9.820704
11288000,11288000,-0.009644706,0.03985883,-9.802038
11340000,11340000,0.077385396,-0.02995906,-9.833994
11388000,11388000,0.014850227,0.057672516,-9.825064
11440000,11440000,0.020560808,0.0041477857,-9.810692
11488000,11488000,0.0071701966,-0.0034328485,-9.899016
11540000,11540000,-0.13224293,-0.07068928,-9.733051
11588000,11588000,0.0036975602,-0.017445585,-9.844398
11640000,11640000,0.13780953,0.019916512,-9.809595
11688000,11688000,-0.016596567,0.0028374055,-9.834297
11740000,11740000,0.035504926,0.011149952,-9.882014
11788000,11788000,0.030158719,-0.0502093,-9.814177
11840000,11840000,-0.038311012,-0.06124084,-9.86067
11888000,11888000,0.15525602,0.0032860674,-9.818768
11940000,11940000,-0.017541304,-0.07661962,-9.799448
11988000,11988000,0.04660334,0.062835425,-9.818568
12040000,12040000,-0.04681041,-0.04361477,-9.865428
12088000,12088000,-0.024986906,-0.038522117,-9.80317
12140000,12140000,-0.019931572,0.02302626,-9.8145
12188000,12188000,-0.07450224,0.026147835,-9.847662
12236000,12236000,-0.017996803,-0.038873877,-9.834829
12288000,12288000,0.08507255,0.014471824,-9.8339405
12340000,12340000,-0.0057333834,-0.019692441,-9.826018
12388000,12388000,-0.026819121,0.12664092,-9.86582
12440000,12440000,0.025666196,0.014063063,-9.822773
12488000,12488000,-0.051804125,-0.012072241,-9.780272
12540000,12540000,0.080099955,0.02482276,-9.776682
12588000,12588000,-0.039106317,-0.019883301,-9.864691
12636000,12636000,0.0611124,-0.005890331,-9.837955
12688000,12688000,0.03847997,-0.0741589,-9.785778
12740000,12740000,-0.033784594,0.054201495,-9.858404
12788000,12788000,-0.003763819,0.014725019,-9.823912
12840000,12840000,0.002406476,-0.027865976,-9.832517
12888000,12888000,0.011069208,0.0057707527,-9.813491
12940000,12940000,-0.035885442,0.02913782,-9.77562
12988000,12988000,0.018853579,0.034548644,-9.815837
13040000,13040000,0.05226587,-0.032407045,-9.812576
13088000,13088000,0.04757771,0.05273253,-9.789455
13140000,13140000,0.075881705,0.004758297,-9.763832
13188000,13188000,-0.046179406,0.056705087,-9.844777
13240000,13240000,-0.044774868,0.11655768,-9.862263
13288000,13288000,0.024804672,-0.02101604,-9.754942
13340000,13340000,0.007537602,0.071841955,-9.804652
13384000,13384000,0.024480358,0.047768433,-9.783193
13440000,13440000,-0.014581049,0.0044219526,-9.734654
13488000,13488000,-0.078041226,0.03441849,-9.767704
13540000,13540000,-0.0011579768,0.0032974405,-9.776316
13588000,13588000,0.008486342,-0.0003886749,-9.782215
13640000,13640000,0.03466241,-0.009543147,-9.741868
13688000,13688000,-0.01807001,0.03394088,-9.7949
13740000,13740000,-0.016590936,0.10154725,-9.78843
13788000,13788000,-0.004326977,0.010563987,-9.846712
13840000,13840000,0.011745015,-0.009722216,-9.779343
13888000,13888000,0.011215771,-0.0095886355,-9.809219
13940000,13940000,-0.03861479,0.0535786,-9.730966
13988000,13988000,0.091057226,0.088001825,-9.792446
14040000,14040000,-0.030707257,-0.04048256,-9.777008
14088000,14088000,0.05719524,0.025349002,-9.770871
14140000,14140000,0.016662939,0.017610762,-9.827354
14188000,14188000,0.05937671,0.04952972,-9.908757
14240000,14240000,-0.039720625,0.009201812,-9.781838
14288000,14288000,-0.0948783,0.021700531,-9.757781
14340000,14340000,0.009056532,-0.053088855,-9.746311
14388000,14388000,-0.038061686,-0.041050162,-9.870552
14440000,14440000,0.006989936,-0.022422357,-9.760059
14488000,14488000,-0.010767728,-0.06290239,-9.765356
14540000,14540000,-0.0060621547,0.011634682,-9.789636
14588000,14588000,0.07344132,-0.007876442,-9.79059
14640000,14640000,-0.03513816,0.030079953,-9.782108
14688000,14688000,0.008698417,0.013633838,-9.8574705
14740000,14740000,-0.03211088,0.05333793,-9.768341
14788000,14788000,0.016173251,0.047695268,-9.810267
14840000,14840000,-0.009891756,-0.026127543,-9.841759
14888000,14888000,-0.07470153,-0.07504911,-9.821705
14940000,14940000,0.03831134,0.015948083,-9.918317
14988000,14988000,0.024438512,-0.058508527,-9.7945595
15040000,15040000,0.017057883,0.015613617,-9.797996
15088000,15088000,0.028767414,-0.025192115,-9.853095
15140000,15140000,0.10802378,-0.119773015,-9.885049
15188000,15188000,-0.044199392,0.019398648,-9.77256
15240000,15240000,-0.04416571,0.006904299,-9.823593
15288000,15288000,-0.06313659,-0.018402116,-9.872841
15340000,15340000,-0.027041279,0.013942909,-9.810246
15384000,15384000,-0.06528332,0.03323971,-9.801019
15440000,15440000,-0.02297188,0.047937922,-9.785065
15488000,15488000,0.052980028,-0.024496289,-9.783169
15540000,15540000,0.035003565,-0.041054476,-9.835814
15588000,15588000,-0.014467875,-0.017893031,-9.800972
15640000,15640000,0.042336218,-0.03697213,-9.818302
15688000,15688000,-0.044818558,-0.040139545,-9.755623
15740000,15740000,0.037500843,-0.024873696,-9.73727
15788000,15788000,-0.01096954,0.05441825,-9.749921
15840000,15840000,-0.018592,0.026048519,-9.835846
15888000,15888000,0.029674798,0.04510739,-9.763984
15940000,15940000,0.03977641,0.009518402,-9.793527
15988000,15988000,0.15226121,0.029671991,-9.837284
16040000,16040000,-0.010275988,-0.08520055,-9.79655
16088000,16088000,-0.066569075,-0.12263427,-9.80714
16140000,16140000,-0.10728958,0.017014043,-9.759807
16188000,16188000,0.030622378,0.027379084,-9.806241
16236000,16236000,-0.0047323434,0.0020089692,-9.882506
16288000,16288000,0.07985174,-0.06784484,-9.869711
16340000,16340000,0.014089786,-0.03112299,-9.835905
16388000,16388000,0.06451481,0.043910235,-9.784634
16440000,16440000,-0.071306586,0.053371325,-9.787441
16488000,16488000,-0.05169673,-0.0593337,-9.715944
16540000,16540000,-0.02624781,-0.007608691,-9.825759
16588000,16588000,0.06595865,0.033381745,-9.8021
16640000,16640000,-0.07970755,0.045425005,-9.770637
16684000,16684000,-0.002691919,0.027553916,-9.86437
16740000,16740000,0.03789361,0.072797894,-9.783292
16788000,16788000,0.062806845,-0.030184247,-9.837136
16840000,16840000,-0.054286133,-0.029320464,-9.807595
16888000,16888000,0.014538002,-0.011920012,-9.758654
16940000,16940000,0.01685302,-0.048781995,-9.804567
16988000,16988000,0.061011907,-0.021675594,-9.841167
17040000,17040000,-0.019098366,-0.04913011,-9.744815
17084000,17084000,0.05929733,0.03388181,-9.77363
17140000,17140000,-0.0025319583,-0.039849542,-9.826822
17188000,17188000,0.04366883,0.03619066,-9.801743
17240000,17240000,0.07296054,0.018211417,-9.807666
17288000,17288000,-0.04637303,-0.029828506,-9.748818
17340000,17340000,0.0514225,0.05165714,-9.775025
17388000,17388000,0.022862619,0.01579629,-9.744834
17440000,17440000,-0.032015607,-0.09559452,-9.8399935
17488000,17488000,-0.028314061,-0.0070806546,-9.837187
17540000,17540000,0.062060736,0.012988063,-9.761177
17588000,17588000,-0.021015435,0.12787345,-9.8728695
17640000,17640000,0.03611498,-0.019561691,-9.846032
17688000,17688000,-0.023405343,0.026379451,-9.888588
17740000,17740000,-0.03912659,-0.078259885,-9.770544
17788000,17788000,0.033814505,0.033639457,-9.858004
17840000,17840000,-0.02831515,-0.02637602,-9.801539
17888000,17888000,0.07929532,0.054277267,-9.8023815
17940000,17940000,0.056394182,0.06694189,-9.806559
17988000,17988000,0.068981774,0.009512877,-9.836674
18040000,18040000,-0.0037697423,-0.035135046,-9.845045
18088000,18088000,0.09965159,-0.06258352,-9.826383
18140000,18140000,-0.030749261,-0.016577315,-9.765373
18188000,18188000,-0.0149738975,0.028226078,-9.833065
18240000,18240000,0.007391857,-0.03221257,-9.7926445
18288000,18288000,0.026599456,-0.019027516,-9.848095
18336000,18336000,0.030286346,0.022058394,-9.811346
18388000,18388000,0.04885845,-0.031311303,-9.751896
18440000,18440000,-0.049579956,-0.041589074,-9.773944
18488000,18488000,0.01382863,-0.04364336,-9.7688675
18540000,18540000,0.04270111,-0.03682512,-9.753647
18588000,18588000,0.11853444,-0.10460123,-9.772751
18640000,18640000,-0.010291055,-0.000940769,-9.8638115
18688000,18688000,-0.027501605,-0.015004363,-9.868677
18740000,18740000,0.047164552,-0.12954642,-9.854701
18788000,18788000,0.05488818,-0.02187917,-9.911835
18840000,18840000,-0.008375332,-0.034362398,-9.767216
18888000,18888000,-0.0813902,0.03311721,-9.855725
18940000,18940000,-0.026650634,-0.019591168,-9.804711
18988000,18988000,-0.054567218,-0.07283271,-9.771902
19040000,19040000,0.0060138116,-0.050412156,-9.738134
19088000,19088000,-0.05242756,0.019256173,-9.778387
19140000,19140000,-0.03619007,-0.010399548,-9.834361
19188000,19188000,-0.017568326,-0.049475223,-9.780693
19240000,19240000,-0.017955093,0.061137028,-9.834024
19288000,19288000,0.060645334,0.045419898,-9.841692
19340000,19340000,-0.09523095,-0.027509931,-9.772482
19388000,19388000,-0.13927801,-0.01523017,-9.7391815
19440000,19440000,-0.004319163,0.036170613,-9.785963
19488000,19488000,-0.089120276,0.0084105935,-9.897917
19536000,19536000,0.04732617,0.034719028,-9.756686
19588000,19588000,0.046062447,0.064175285,-9.730366
19640000,19640000,0.036299348,-0.01473095,-9.811871
19688000,19688000,-0.017863229,0.08016421,-9.780124
19740000,19740000,-0.05679313,0.02956865,-9.783469
19788000,19788000,0.090262145,-0.00278155,-9.847506
19840000,19840000,-0.015730297,-0.0055191284,-9.786606
19888000,19888000,0.086549096,-0.052817136,-9.773579
19940000,19940000,0.007764253,0.020479148,-9.843457
19988000,19988000,-0.04398027,-0.04883738,-9.817121
20040000,20040000,-0.054959223,-0.06365117,-9.842253
20088000,20088000,-0.029410856,0.026058804,-9.813347
20140000,20140000,-0.10261414,-0.0006304998,-9.787741
20188000,20188000,0.03784579,-0.02387978,-9.852477
20240000,20240000,-0.03640982,-0.008039695,-9.786776
20288000,20288000,0.036651365,-0.06426971,-9.789825
20340000,20340000,-0.018727373,-0.010169889,-9.805044
20388000,20388000,-0.0094477385,0.019921187,-9.770923
20440000,20440000,0.04288338,-0.05523985,-9.958321
20488000,20488000,0.03285192,-0.039611273,-9.849083
20540000,20540000,-0.03988341,-0.073145695,-9.821773
20588000,20588000,0.106594324,-0.021581447,-9.812758
20640000,20640000,0.017145326,0.030648623,-9.864363
20688000,20688000,-0.1487444,0.021639112,-9.779897
20740000,20740000,0.01890437,-0.037045047,-9.891797
20788000,20788000,-0.050379645,0.0010724687,-9.721817
20840000,20840000,-0.0014788597,-0.025545685,-9.729247
20888000,20888000,0.08853686,0.008937726,-9.906473
20940000,20940000,-0.004309158,-0.007685648,-9.780658
20988000,20988000,-0.018074043,-0.010207056,-9.766986
21040000,21040000,0.009107702,0.0343038,-9.803421
21088000,21088000,-0.025299102,-0.08025039,-9.777482
21140000,21140000,0.049421407,-0.08403116,-9.826189
21188000,21188000,0.0077283345,-0.053885616,-9.83659
21240000,21240000,-0.028578306,-0.042344414,-9.810995
21288000,21288000,0.05616605,0.00073381234,-9.768806
21340000,21340000,0.08779028,0.051342968,-9.754284
21388000,21388000,-0.06770667,-0.00071154325,-9.787481
21440000,21440000,-0.016993178,0.04022589,-9.813251
21488000,21488000,0.062427048,-0.01720146,-9.842816
21540000,21540000,-0.06365852,0.013696482,-9.81657
21588000,21588000,-0.08621156,0.009299986,-9.831535
21640000,21640000,0.035494313,0.0026337234,-9.797126
21688000,21688000,-0.066589326,0.05606357,-9.848876
21740000,21740000,0.01992115,0.030932155,-9.796824
21788000,21788000,-0.018937614,0.031154191,-9.761251
21840000,21840000,-0.008480862,0.038154714,-9.780621
21888000,21888000,0.052329976,0.04483795,-9.792427
21940000,21940000,-0.013785038,0.009123008,-9.801753
21988000,21988000,-0.032763865,-0.064472914,-9.814169
22040000,22040000,-0.036322605,-4.8178248e-05,-9.780901
22088000,22088000,0.044875965,-0.035049368,-9.877162
22140000,22140000,-0.07119301,-0.009514706,-9.773966
22188000,22188000,0.0058745947,-0.012409452,-9.805907
22240000,22240000,-0.031241085,-0.018387455,-9.852282
22284000,22284000,0.05124683,-0.018217348,-9.782339
22340000,22340000,-0.06757069,0.0022154637,-9.898826
22388000,22388000,-0.05348809,0.024351409,-9.799351
22436000,22436000,0.049291417,0.030523647,-9.744362
22488000,22488000,-0.0456967,-0.0064338315,-9.805275
22540000,22540000,0.010398287,-0.054027755,-9.859863
22588000,22588000,-0.052509975,0.016215494,-9.973055
22640000,22640000,0.048349775,0.055010445,-10.170559
22688000,22688000,0.015097337,0.04324776,-10.308301
22740000,22740000,0.0046525067,0.026037201,-10.373547
22788000,22788000,-0.049571957,-0.029896637,-10.460923
22840000,22840000,-0.07084393,0.024070041,-10.533517
22888000,22888000,0.007678048,0.05981028,-10.644468
22940000,22940000,-0.08420645,-0.040236596,-10.701725
22988000,22988000,-0.06382978,0.031407505,-10.731542
23040000,23040000,0.07821121,-0.09601993,-10.688456
23084000,23084000,-0.018866794,-0.011608103,-10.69232
23140000,23140000,-0.052324064,-0.066010594,-10.713957
23188000,23188000,-0.026395366,-0.045773096,-10.857115
23240000,23240000,0.003508389,-0.04511743,-10.843695
23288000,23288000,-0.13216895,-0.013087286,-10.723446
23340000,23340000,-0.058695395,-0.045774132,-10.704357
23388000,23388000,-0.097390845,-0.10201524,-10.579094
23440000,23440000,-0.07996597,0.037985094,-10.3621855
23484000,23484000,-0.014665957,0.016739517,-10.169543
23540000,23540000,-0.002322909,-0.009385595,-10.036301
23588000,23588000,0.02327763,-0.056194704,-9.973546
23640000,23640000,-0.043458417,-0.027806671,-10.109771
23688000,23688000,-0.06693989,-0.060078897,-10.145199
23740000,23740000,-0.06136007,-0.0016919221,-10.032316
23788000,23788000,-0.08640172,-0.053029418,-9.864441
23840000,23840000,0.0012172814,-0.09020124,-9.849476
23888000,23888000,-0.07055012,-0.040549878,-9.936861
23940000,23940000,0.023286197,-0.047646515,-9.872386
23988000,23988000,-0.073384434,-0.002809091,-9.937538
24040000,24040000,-0.029890446,-0.06930043,-9.861196
24088000,24088000,0.031714935,0.0022768425,-9.845894
24140000,24140000,0.009820171,-0.0005073878,-9.853362
24188000,24188000,-0.0017145416,0.011747059,-9.896714
24240000,24240000,0.008854829,-0.027112525,-9.948084
24288000,24288000,-0.0011809133,0.040402338,-9.803022
24340000,24340000,-0.03173689,-0.040097408,-9.845093
24388000,24388000,-0.04792744,0.00845485,-9.917372
24440000,24440000,-0.039485447,-0.0040052426,-9.842588
24488000,24488000,0.075267926,0.013888921,-9.879517
24540000,24540000,0.05962434,-0.13791513,-9.81641
24588000,24588000,0.0042390143,-0.014281225,-9.762207
24640000,24640000,-0.012269627,0.0024497292,-9.948427
24688000,24688000,0.0516124,0.008108101,-9.7664385
24740000,24740000,-0.020696688,0.022145286,-9.718363
24788000,24788000,-0.04258157,-0.116071336,-9.8027
24840000,24840000,0.027764553,-0.025039885,-9.848726
24888000,24888000,-0.017138612,-0.00083419634,-9.654642
24940000,24940000,0.00860177,0.059807457,-9.729694
24988000,24988000,-0.014119137,0.08378324,-9.759739
25040000,25040000,0.0093656415,-0.0240789,-9.613524
25088000,25088000,0.039030228,0.029303215,-9.678345
25140000,25140000,0.04318088,0.02146497,-9.708922
25188000,25188000,-0.010527709,0.09094549,-9.745235
25240000,25240000,-0.023914363,-0.03406432,-9.70869
25288000,25288000,0.044434417,-0.043168016,-9.750064
25340000,25340000,0.004643201,0.00945235,-9.717058
25388000,25388000,-0.088507965,0.02832178,-9.703506
25440000,25440000,0.0030613719,0.028443938,-9.685672
25488000,25488000,0.048903126,0.0039752647,-9.672993
25540000,25540000,0.018256266,-0.04101525,-9.616075
25588000,25588000,0.03618469,0.077593625,-9.683013
25640000,25640000,-0.01000939,-0.0013374719,-9.657099
25684000,25684000,0.036525,0.033993423,-9.730527
25740000,25740000,0.05604973,0.011118912,-9.621145
25788000,25788000,0.09897269,0.04597168,-9.606881
25840000,25840000,0.003283225,0.05822781,-9.635952
25888000,25888000,-0.009987773,0.09577624,-9.652761
25940000,25940000,0.069110274,0.061626345,-9.658436
25988000,25988000,0.0061279195,-0.009757771,-9.638403
26040000,26040000,0.012159576,-0.030308796,-9.602966
26088000,26088000,-0.041199625,-0.051862378,-9.458252
26140000,26140000,-0.011916801,0.12612933,-9.610712
26188000,26188000,0.06847991,-0.085589245,-9.578239
26240000,26240000,-0.0311012,0.007948909,-9.604998
26288000,26288000,0.012034817,-0.017262068,-9.258331
26340000,26340000,0.027289249,0.023188818,-9.1612425
26388000,26388000,0.045356683,0.04700427,-8.920811
26440000,26440000,0.018779764,0.037468176,-8.711578
26488000,26488000,0.016132692,0.09030515,-8.496006
26540000,26540000,-0.0391402,-0.019553129,-8.664841
26588000,26588000,0.13479932,-0.022683684,-8.750736
26636000,26636000,0.0512748,0.09074812,-8.989151
26688000,26688000,0.045856413,0.022401566,-9.418743
26740000,26740000,0.030677252,-0.032832265,-9.591924
26788000,26788000,0.008573404,0.015867349,-9.844222
26840000,26840000,0.08142385,0.019127736,-9.913823
26888000,26888000,-0.0838523,0.10051081,-10.066134
26940000,26940000,-0.06725625,0.087964565,-10.100337
26988000,26988000,-0.002688326,0.066185854,-10.107468
27040000,27040000,-0.0632205,0.0105276145,-10.087264
27088000,27088000,0.02795764,0.07259382,-9.956751
27140000,27140000,-0.018886782,-0.00697431,-9.729766
27188000,27188000,-0.014025921,0.003268101,-9.731111
27240000,27240000,0.0122479005,-0.012130807,-9.741942
27288000,27288000,-0.048367284,0.02342477,-9.722737
27340000,27340000,0.017368194,0.06189726,-9.601196
27388000,27388000,-0.017735977,-0.017758582,-9.603041
27440000,27440000,-0.004159311,-0.040592294,-9.683714
27488000,27488000,0.017156338,0.037230864,-9.674916
27540000,27540000,-0.061815985,0.025888482,-9.669124
27588000,27588000,-0.05584896,-0.04408066,-9.652662
27640000,27640000,0.051326163,-0.012677633,-9.766058
27688000,27688000,0.07074866,-0.040512852,-9.782722
27740000,27740000,-0.06379509,0.083339244,-9.770252
27788000,27788000,-0.040654622,-0.026018094,-9.708686
27840000,27840000,0.0114191715,0.057454757,-9.746794
27888000,27888000,-0.044828556,0.033007763,-9.644039
27940000,27940000,0.07573883,0.012145092,-9.742895
27988000,27988000,-0.034117907,0.12967657,-9.731598
28040000,28040000,-0.0102878045,-0.026845144,-9.647006
28088000,28088000,0.054391097,-0.020544905,-9.682627
28140000,28140000,0.02715702,-0.070571534,-9.711943
28188000,28188000,-0.025541794,-0.025617614,-9.790251
28240000,28240000,-0.04751877,-0.036292147,-9.746819
28288000,28288000,0.0052676755,0.025179917,-9.821785
28340000,28340000,0.026522156,0.04250635,-9.826408
28388000,28388000,-0.08319505,0.036182087,-9.956366
28440000,28440000,-0.06650754,0.06217255,-9.915581
28488000,28488000,-0.089485034,0.030457979,-9.883102
28540000,28540000,-0.06130515,0.05967183,-9.933227
28588000,28588000,6.492017e-05,0.119249724,-9.999239
28640000,28640000,-0.027680475,0.15250736,-9.967714
28688000,28688000,-0.13958909,0.15414736,-10.145382
28740000,28740000,-0.03347429,0.17258628,-10.050517
28788000,28788000,-0.040986713,0.2559661,-10.09497
28840000,28840000,-0.17718461,0.32636553,-10.168482
28888000,28888000,-0.12467134,0.3028128,-10.107475
28940000,28940000,-0.16198522,0.43017384,-9.990215
28988000,28988000,-0.15829955,0.38417208,-10.118389
29040000,29040000,-0.20294544,0.42389983,-9.915052
29088000,29088000,-0.1885576,0.51852524,-9.98132
29140000,29140000,-0.22433072,0.5868055,-9.9279585
29188000,29188000,-0.37622368,0.54230434,-9.992304
29240000,29240000,-0.3050952,0.5982416,-9.989469
29288000,29288000,-0.38346672,0.66588444,-10.092664
29340000,29340000,-0.2944222,0.5988277,-10.017392
29388000,29388000,-0.3731356,0.6585473,-10.108761
29440000,29440000,-0.38541916,0.73302484,-10.03108
29488000,29488000,-0.42579865,0.82767695,-10.12128
29540000,29540000,-0.4961492,0.95022357,-10.156391
29588000,29588000,-0.5853844,1.0123492,-10.033613
29640000,29640000,-0.6433879,0.8493536,-10.0321865
29688000,29688000,-0.64720774,0.8852831,-9.980143
29740000,29740000,-0.7097435,0.9073995,-10.00634
29788000,29788000,-0.7187635,0.865623,-9.994128
29840000,29840000,-0.8141378,0.8528423,-9.933958
29888000,29888000,-0.9760345,0.9451835,-9.98357
29940000,29940000,-0.93402445,1.0163922,-9.863617
29988000,29988000,-0.93536955,0.99416924,-9.827174
30040000,30040000,-1.0663593,0.9082134,-9.702522
30088000,30088000,-1.164006,0.92089945,-9.693083
30140000,30140000,-1.1196092,0.899353,-9.702988
30188000,30188000,-1.1902165,0.9342685,-9.760996
30240000,30240000,-1.326854,0.85786223,-9.633686
30284000,30284000,-1.4169937,0.8667419,-9.636066
30340000,30340000,-1.3893703,0.9033395,-9.654119
30388000,30388000,-1.498584,0.8606625,-9.654076
30440000,30440000,-1.4878312,0.77450705,-9.701312
30488000,30488000,-1.553713,0.7432705,-9.540354
30540000,30540000,-1.5338492,0.6448709,-9.735861
30588000,30588000,-1.597993,0.5311795,-9.668645
30640000,30640000,-1.6047394,0.60218835,-9.665168
30688000,30688000,-1.6864691,0.58858436,-9.660289
30740000,30740000,-1.7055534,0.4904989,-9.616466
30788000,30788000,-1.672092,0.410574,-9.642509
30840000,30840000,-1.7698123,0.35579377,-9.778358
30884000,30884000,-1.7547987,0.39074445,-9.834681
30940000,30940000,-1.7718593,0.20475778,-9.768371
30984000,30984000,-1.7177327,0.27235073,-9.775096
31036000,31036000,-1.8010149,0.13352704,-9.794168
31088000,31088000,-1.7207718,0.21561646,-9.754013
31140000,31140000,-1.7488275,0.21092004,-9.810158
31188000,31188000,-1.8274075,0.08830476,-9.816021
31236000,31236000,-1.6301463,0.2226764,-9.783929
31288000,31288000,-1.7361087,0.051354334,-9.765215
31340000,31340000,-1.6971796,0.029193439,-9.642703
31388000,31388000,-1.682318,-0.00013130764,-9.764769
31440000,31440000,-1.692382,-0.088410564,-9.785879
31488000,31488000,-1.6891459,0.0031804633,-9.715062
31540000,31540000,-1.6730913,-0.0446477,-9.609093
31588000,31588000,-1.675252,-0.119796574,-9.722154
31640000,31640000,-1.6572567,-0.026664667,-9.694104
31688000,31688000,-1.7307523,-0.12409519,-9.755676
31740000,31740000,-1.7141742,-0.12114571,-9.635269
31788000,31788000,-1.6485643,-0.1879188,-9.792131
31840000,31840000,-1.5948584,-0.12324736,-9.781414
31888000,31888000,-1.7774856,-0.13419296,-9.670145
31940000,31940000,-1.6159685,-0.122361585,-9.64583
31988000,31988000,-1.6879342,-0.121506885,-9.639708
32040000,32040000,-1.647736,-0.060152866,-9.645673
32088000,32088000,-1.6723589,-0.10769066,-9.718976
32140000,32140000,-1.6783023,-0.18491003,-9.641812
32188000,32188000,-1.7066541,-0.22987597,-9.6924305
32240000,32240000,-1.6323538,-0.068082884,-9.671127
32288000,32288000,-1.6979315,-0.22963652,-9.676631
32340000,32340000,-1.6143556,-0.20747983,-9.724646
32388000,32388000,-1.7360783,-0.1913383,-9.724411
32440000,32440000,-1.7289233,-0.0464103,-9.680148
32484000,32484000,-1.6317654,-0.06865224,-9.664095
32540000,32540000,-1.6363306,-0.054825295,-9.6753645
32588000,32588000,-1.6715009,0.015156753,-9.699672
32640000,32640000,-1.6427667,-0.116869055,-9.622036
32684000,32684000,-1.536932,-0.15524739,-9.694956
32740000,32740000,-1.6241965,-0.19758052,-9.735729
32788000,32788000,-1.7168179,-0.17912842,-9.652769
32840000,32840000,-1.6176031,-0.095789194,-9.7694645
32888000,32888000,-1.7173406,-0.101539396,-9.669822
32940000,32940000,-1.6438963,-0.13284747,-9.595059
32988000,32988000,-1.6076652,-0.067487806,-9.648318
33040000,33040000,-1.6052461,-0.109689884,-9.722536
33088000,33088000,-1.7337874,-0.07060594,-9.595208
33140000,33140000,-1.6640109,-0.0017694278,-9.649055
33188000,33188000,-1.6827685,-0.076829046,-9.606245
33240000,33240000,-1.6253164,-0.015190793,-9.63323
33288000,33288000,-1.6759803,-0.10097052,-9.609296
33340000,33340000,-1.6019781,-0.059982717,-9.651079
33388000,33388000,-1.7400674,-0.076124325,-9.654487
33440000,33440000,-1.7812394,-0.12112085,-9.750809
33488000,33488000,-1.6717904,-0.06279161,-9.811579
33540000,33540000,-1.7232748,-0.028652165,-9.680151
33588000,33588000,-1.7120721,0.055784345,-9.60156
33640000,33640000,-1.8288224,-0.019108817,-9.638813
33688000,33688000,-1.6892081,-0.066070296,-9.735509
33740000,33740000,-1.5915077,-0.04922391,-9.558874
33784000,33784000,-1.7576323,-0.076916404,-9.609335
33840000,33840000,-1.7375264,-0.101922676,-9.636058
33888000,33888000,-1.7240739,-0.00029126927,-9.741264
33940000,33940000,-1.660118,0.00075697317,-9.706554
33988000,33988000,-1.6753652,0.03057113,-9.697385
34040000,34040000,-1.7289927,-0.005340542,-9.636433
34088000,34088000,-1.7570401,-0.059976947,-9.689709
34140000,34140000,-1.7057083,-0.023037165,-9.573748
34188000,34188000,-1.6248734,-0.029718168,-9.565289
34236000,34236000,-1.7552088,-0.0057867016,-9.585255
34288000,34288000,-1.6478484,0.050473712,-9.683683
34336000,34336000,-1.6963854,0.08846733,-9.602921
34388000,34388000,-1.7363868,-0.06721335,-9.634816
34440000,34440000,-1.7474022,0.043264255,-9.702327
34488000,34488000,-1.6922475,-0.05358583,-9.647324
34540000,34540000,-1.6852343,0.024673538,-9.621269
34588000,34588000,-1.7021954,0.025745938,-9.657608
34640000,34640000,-1.7343475,0.03245711,-9.594531
34688000,34688000,-1.7450223,0.005491155,-9.569228
34736000,34736000,-1.6826559,0.07289577,-9.6433735
34788000,34788000,-1.694305,0.052064855,-9.66657
34840000,34840000,-1.7459543,0.08888128,-9.697366
34888000,34888000,-1.7008259,0.015802616,-9.664931
34940000,34940000,-1.842082,0.053946294,-9.606316
34988000,34988000,-1.7220885,0.12320544,-9.64525
35040000,35040000,-1.7478431,0.0010135062,-9.649887
35088000,35088000,-1.7423354,0.07257002,-9.630211
35140000,35140000,-1.6492875,-0.007740929,-9.644646
35184000,35184000,-1.7218075,0.07588872,-9.591588
35240000,35240000,-1.7508984,0.050589465,-9.643757
35288000,35288000,-1.6404086,0.058286153,-9.654869
35340000,35340000,-1.7969722,0.045668624,-9.71949
35388000,35388000,-1.6451916,0.049433067,-9.565781
35440000,35440000,-1.7352264,0.11600263,-9.637723
35488000,35488000,-1.7211689,0.039950814,-9.659706
35540000,35540000,-1.6758739,-0.00823421,-9.649206
35584000,35584000,-1.7423209,-0.013135972,-9.660128
35640000,35640000,-1.7029178,-0.00359044,-9.679933
35688000,35688000,-1.7063285,0.048901238,-9.742176
35740000,35740000,-1.7567234,0.002199619,-9.636352
35788000,35788000,-1.7866507,-0.02109004,-9.574106
35840000,35840000,-1.7524462,0.05152967,-9.656724
35888000,35888000,-1.6942669,0.076453164,-9.676209
35936000,35936000,-1.7205894,0.0052463207,-9.69306
35988000,35988000,-1.6999724,0.022833318,-9.683732
36040000,36040000,-1.6736712,-0.011515926,-9.716147
36088000,36088000,-1.7960552,-0.015129112,-9.661712
36140000,36140000,-1.8106301,0.050977133,-9.644312
36188000,36188000,-1.7938312,0.024021924,-9.713371
36240000,36240000,-1.7463683,-0.02203066,-9.694197
36288000,36288000,-1.7683551,-0.021666877,-9.719965
36340000,36340000,-1.6624155,0.07811293,-9.601001
36388000,36388000,-1.7374232,0.08453952,-9.680186
36440000,36440000,-1.6786664,-0.013679597,-9.575224
36484000,36484000,-1.7520022,-0.042248525,-9.7198
36540000,36540000,-1.720477,-0.058711663,-9.691726
36588000,36588000,-1.7031834,-0.043217048,-9.669503
36640000,36640000,-1.8376892,-0.008910794,-9.676722
36688000,36688000,-1.7712939,0.027433703,-9.623213
36740000,36740000,-1.8015927,0.03271694,-9.561157
36788000,36788000,-1.7426603,-0.018158372,-9.554398
36840000,36840000,-1.7557801,0.030054014,-9.657508
36888000,36888000,-1.7234237,0.021253081,-9.60878
36940000,36940000,-1.7469875,0.028125748,-9.668339
36988000,36988000,-1.765156,0.024734084,-9.600117
37040000,37040000,-1.8027877,-0.037301123,-9.627291
37088000,37088000,-1.758733,-0.020735431,-9.635031
37140000,37140000,-1.7834212,0.029472591,-9.568877
37188000,37188000,-1.8650379,0.0008503492,-9.64374
37240000,37240000,-1.8027028,0.07725065,-9.642585
37288000,37288000,-1.8166217,-0.04105863,-9.543689
37336000,37336000,-1.7256258,0.0012340951,-9.678236
37388000,37388000,-1.7347164,-0.01870518,-9.633757
37440000,37440000,-1.7121414,-0.08848127,-9.686401
37488000,37488000,-1.7840531,0.0129627995,-9.69844
37540000,37540000,-1.7063453,0.01259372,-9.5908785
37588000,37588000,-1.7646382,-0.055161484,-9.610627
37640000,37640000,-1.8081981,0.13646987,-9.633381
37688000,37688000,-1.7236538,0.0018735089,-9.659283
37740000,37740000,-1.7981844,-0.036875986,-9.61991
37788000,37788000,-1.7035781,-0.033479735,-9.679586
37840000,37840000,-1.6709772,0.08374697,-9.61967
37888000,37888000,-1.8351661,0.010141453,-9.6989
37940000,37940000,-1.7806296,0.020834127,-9.5985775
37988000,37988000,-1.8102071,-0.033049814,-9.610032
38040000,38040000,-1.8079963,-0.03059156,-9.691807
38088000,38088000,-1.8206831,0.07241888,-9.64114
38140000,38140000,-1.7580022,-0.0054502897,-9.674144
38188000,38188000,-1.7506967,-0.018785201,-9.66699
38240000,38240000,-1.8230015,-0.13509798,-9.580072
38288000,38288000,-1.7798913,-0.061685383,-9.636904
38340000,38340000,-1.726198,-0.010684017,-9.686053
38388000,38388000,-1.7926424,0.03619823,-9.658318
38436000,38436000,-1.8139899,-0.02576238,-9.694357
38488000,38488000,-1.7828772,0.056785323,-9.627628
38540000,38540000,-1.7375035,-0.05081044,-9.618023
38588000,38588000,-1.755771,-0.007194954,-9.615207
38640000,38640000,-1.8041178,0.08500836,-9.643145
38688000,38688000,-1.8214206,-0.070012465,-9.714622
38740000,38740000,-1.7993783,0.036855288,-9.606007
38788000,38788000,-1.8067385,0.06779708,-9.546443
38840000,38840000,-1.7092562,-0.03617035,-9.682143
38888000,38888000,-1.829943,0.015920354,-9.646129
38940000,38940000,-1.7594765,-0.093527414,-9.61722
38988000,38988000,-1.7314125,-0.033041857,-9.631461
39040000,39040000,-1.9360375,-0.037611216,-9.671995
39088000,39088000,-1.8692049,0.008996873,-9.654001
39140000,39140000,-1.8221996,-0.049511373,-9.645362
39188000,39188000,-1.8189094,-0.00730613,-9.683624
39240000,39240000,-1.8961344,-0.10040689,-9.634217
39284000,39284000,-1.7582419,-0.02313078,-9.588543
39340000,39340000,-1.8383816,-0.04703954,-9.63844
39388000,39388000,-1.7496521,-0.05909431,-9.648298
39440000,39440000,-1.7555547,0.021731075,-9.670256
39488000,39488000,-1.762423,-0.016413068,-9.632682
39540000,39540000,-1.8088797,-0.010492183,-9.6975155
39588000,39588000,-1.7196262,-0.12328176,-9.627596
39640000,39640000,-1.8458743,-0.023173213,-9.696201
39688000,39688000,-1.8154504,0.024676554,-9.71651
39740000,39740000,-1.6852205,0.05898056,-9.66678
39788000,39788000,-1.8336307,-0.061367422,-9.633415
39840000,39840000,-1.8366184,0.03623948,-9.62563
39888000,39888000,-1.8298963,0.03294169,-9.592384
39940000,39940000,-1.8269885,0.0022358312,-9.549398
39988000,39988000,-1.9542493,0.10966816,-9.602379
40036000,40036000,-1.8472327,0.043982267,-9.72932
40088000,40088000,-1.8989971,-0.042854704,-9.740506
40140000,40140000,-1.6890727,-0.044127155,-9.843035
40188000,40188000,-1.7841406,0.0071108495,-9.948621
40240000,40240000,-1.8365484,-0.013351496,-9.87067
40288000,40288000,-1.7009832,-0.1046344,-9.961157
40340000,40340000,-1.6078085,-0.023565285,-10.006538
40388000,40388000,-1.6931759,-0.023052063,-10.111229
40440000,40440000,-1.699009,-0.035994954,-10.149299
40488000,40488000,-1.6705544,-0.14646834,-10.2345295
40540000,40540000,-1.6685398,-0.15681385,-10.173391
40588000,40588000,-1.5483373,-0.22097659,-10.235628
40640000,40640000,-1.4819856,-0.16346303,-10.213262
40688000,40688000,-1.568936,-0.21019402,-10.2050705
40740000,40740000,-1.4598438,-0.2282938,-10.236153
40788000,40788000,-1.3460894,-0.35266516,-10.284698
40840000,40840000,-1.3248425,-0.27793747,-10.376171
40888000,40888000,-1.3427234,-0.3949504,-10.421919
40940000,40940000,-1.2217644,-0.38558805,-10.48485
40988000,40988000,-1.3681884,-0.4451564,-10.5328455
41036000,41036000,-1.2191333,-0.5114734,-10.553442
41088000,41088000,-1.2135792,-0.455742,-10.43202
41140000,41140000,-1.1390055,-0.4205498,-10.491083
41188000,41188000,-1.0410658,-0.37091392,-10.416706
41240000,41240000,-1.1415286,-0.56951064,-10.365617
41288000,41288000,-1.0817766,-0.58739746,-10.396571
41340000,41340000,-1.1493882,-0.5053145,-10.327561
41388000,41388000,-1.2234213,-0.5994363,-10.326065
41440000,41440000,-1.110653,-0.52969,-10.290666
41488000,41488000,-1.0731128,-0.6493056,-10.204985
41540000,41540000,-1.0598176,-0.7424392,-10.240799
41588000,41588000,-1.0771693,-0.73254204,-10.215505
41640000,41640000,-1.0030562,-0.71726215,-10.119802
41684000,41684000,-1.1212672,-0.669369,-10.144296
41740000,41740000,-1.1162838,-0.72848016,-10.211857
41788000,41788000,-1.0458158,-0.80900085,-10.196442
41840000,41840000,-1.0703824,-0.7493321,-10.203425
41888000,41888000,-1.0242413,-0.8054025,-10.136803
41940000,41940000,-1.0688689,-0.78131056,-10.128988
41988000,41988000,-1.1368966,-0.8620222,-10.202915
42040000,42040000,-1.19292,-0.7820479,-10.12355
42088000,42088000,-1.2469571,-0.76071185,-10.08655
42140000,42140000,-1.2539079,-0.800749,-10.077781
42188000,42188000,-1.1925979,-0.8405402,-10.046201
42240000,42240000,-1.2218744,-0.8209021,-9.931438
42288000,42288000,-1.3331599,-0.8358423,-9.948578
42340000,42340000,-1.3894594,-0.84256667,-9.867308
42388000,42388000,-1.4044013,-0.77405244,-9.829374
42436000,42436000,-1.4584358,-0.7340264,-9.862554
42488000,42488000,-1.4431989,-0.7399819,-9.715455
42540000,42540000,-1.4003091,-0.7461745,-9.733341
42588000,42588000,-1.4926679,-0.68048984,-9.739373
42640000,42640000,-1.5492435,-0.6942836,-9.682738
42684000,42684000,-1.5700592,-0.7389302,-9.73476
42740000,42740000,-1.6014111,-0.7676124,-9.759232
42784000,42784000,-1.5699689,-0.68471587,-9.877594
42840000,42840000,-1.6485524,-0.69366884,-9.914108
42888000,42888000,-1.5806725,-0.62485015,-9.697845
42940000,42940000,-1.657565,-0.63491243,-9.922305
42984000,42984000,-1.6521537,-0.567855,-9.738745
43040000,43040000,-1.6233925,-0.55738646,-9.803806
43088000,43088000,-1.5968875,-0.56917405,-9.8232
43140000,43140000,-1.5543358,-0.58502233,-9.719688
43188000,43188000,-1.6817449,-0.50607836,-9.9098835
43240000,43240000,-1.6793883,-0.4662671,-9.7796335
43288000,43288000,-1.6509408,-0.3859873,-9.874709
43340000,43340000,-1.6142988,-0.44614905,-9.925457
43384000,43384000,-1.5541759,-0.47173375,-9.769075
43440000,43440000,-1.6187987,-0.34131008,-9.810757
43484000,43484000,-1.5658627,-0.25862098,-9.725131
43540000,43540000,-1.6931121,-0.32348883,-9.767447
43588000,43588000,-1.6425657,-0.25939062,-9.796467
43640000,43640000,-1.6265156,-0.2467765,-9.837736
43688000,43688000,-1.7079368,-0.22190106,-9.752814
43740000,43740000,-1.6733049,-0.098101534,-9.834833
43788000,43788000,-1.6557577,-0.116779506,-9.752802
43840000,43840000,-1.5565382,-0.122910306,-9.8226795
43884000,43884000,-1.6463113,-0.07985386,-9.683932
43940000,43940000,-1.5947112,-0.021610651,-9.69821
43988000,43988000,-1.599741,0.05100902,-9.805056
44036000,44036000,-1.6308982,0.017139398,-9.705951
44088000,44088000,-1.7020844,0.013068735,-9.771586
44140000,44140000,-1.5865998,-0.0039346274,-9.850313
44188000,44188000,-1.6474077,0.020385278,-9.716017
44240000,44240000,-1.6322978,0.08369465,-9.7398615
44284000,44284000,-1.6036031,0.11864474,-9.677307
44340000,44340000,-1.6875308,0.02981684,-9.658976
44388000,44388000,-1.5786331,0.18960577,-9.620289
44440000,44440000,-1.6654266,0.1753177,-9.7131195
44484000,44484000,-1.7308774,0.09783399,-9.716036
44540000,44540000,-1.6363283,0.15382443,-9.670308
44584000,44584000,-1.7065474,0.15966947,-9.606898
44636000,44636000,-1.6905138,0.09751497,-9.605773
44688000,44688000,-1.6603494,0.13376473,-9.699917
44740000,44740000,-1.6442386,0.11552061,-9.651448
44788000,44788000,-1.620292,0.037060194,-9.687062
44836000,44836000,-1.6332529,0.09566967,-9.678853
44888000,44888000,-1.5651133,0.083155826,-9.652126
44940000,44940000,-1.6075449,0.1092432,-9.564069
44988000,44988000,-1.6275218,-0.026949218,-9.69198
45040000,45040000,-1.7300078,0.14605013,-9.674931
45088000,45088000,-1.6445388,0.11771357,-9.721614
45140000,45140000,-1.7041187,0.09651348,-9.625103
45188000,45188000,-1.6660578,0.1679065,-9.669489
45236000,45236000,-1.6994725,0.11250546,-9.692838
45288000,45288000,-1.740006,0.16121557,-9.614081
45340000,45340000,-1.5802999,0.08310043,-9.713457
45388000,45388000,-1.6876072,0.14403112,-9.578573
45440000,45440000,-1.6177819,0.17319019,-9.419584
45488000,45488000,-1.6579872,0.23279458,-9.484516
45540000,45540000,-1.5997447,0.20239365,-9.628662
45588000,45588000,-1.7031041,0.11258764,-9.619407
45640000,45640000,-1.6203002,0.2004228,-9.531663
45688000,45688000,-1.5960528,0.19606873,-9.6628
45740000,45740000,-1.6030407,0.19989742,-9.681164
45788000,45788000,-1.6193802,0.16265231,-9.681586
45840000,45840000,-1.5444068,0.28238243,-9.793139
45888000,45888000,-1.597149,0.13563478,-9.81264
45940000,45940000,-1.5147445,0.12584963,-9.798246
45988000,45988000,-1.4428217,0.052241307,-9.724929
46040000,46040000,-1.4790745,0.11973705,-9.855831
46088000,46088000,-1.4820662,0.064338244,-9.755164
46140000,46140000,-1.4220865,0.1385236,-9.905336
46188000,46188000,-1.2898494,0.19806764,-9.833841
46240000,46240000,-1.5027875,0.16248116,-9.743195
46288000,46288000,-1.3388842,0.108330354,-9.798417
46340000,46340000,-1.2650602,0.15429902,-9.717924
46388000,46388000,-1.2776946,0.14018369,-9.861712
46440000,46440000,-1.2295,0.14106576,-9.799725
46488000,46488000,-1.2954351,0.047011893,-9.80159
46540000,46540000,-1.1246405,0.08364166,-9.828804
46588000,46588000,-1.1826723,0.114146516,-9.797241
46640000,46640000,-1.1158663,0.18891785,-9.8204565
46684000,46684000,-1.1088586,0.18546265,-9.822943
46740000,46740000,-1.0919019,0.11318701,-9.853867
46788000,46788000,-1.0801585,0.16109136,-9.771231
46840000,46840000,-0.9626683,0.13241579,-9.750679
46888000,46888000,-1.0548198,0.16544202,-9.895582
46940000,46940000,-0.9902054,0.05449558,-9.82966
46988000,46988000,-0.97441673,0.15299796,-9.874744
47040000,47040000,-0.9177906,0.13625932,-9.812784
47088000,47088000,-1.0012863,0.068420045,-9.848206
47140000,47140000,-0.84766334,-0.021274664,-9.764972
47188000,47188000,-0.8416855,0.0167069,-9.915106
47240000,47240000,-0.779087,0.021137226,-9.898373
47288000,47288000,-0.82713455,0.065995455,-9.919945
47340000,47340000,-0.81890994,0.10838926,-9.877018
47388000,47388000,-0.8639935,0.096286625,-9.855635
47440000,47440000,-0.7491679,0.08244716,-9.728361
47488000,47488000,-0.763356,0.09509528,-9.909868
47540000,47540000,-0.7254054,0.08381374,-9.770649
47588000,47588000,-0.757982,0.12032561,-9.848524
47640000,47640000,-0.6871381,0.07134891,-9.847265
47688000,47688000,-0.5750732,0.080528334,-9.918563
47740000,47740000,-0.64192617,0.06802549,-9.764172
47788000,47788000,-0.56821406,0.11317359,-9.825456
47840000,47840000,-0.61788625,0.09015236,-9.825009
47884000,47884000,-0.5787549,0.18217775,-9.773821
47940000,47940000,-0.5770713,0.12793875,-9.860696
47988000,47988000,-0.56028473,0.056177147,-9.920183
48040000,48040000,-0.49805206,0.10420435,-9.786673
48088000,48088000,-0.59543747,0.034627713,-9.774181
48140000,48140000,-0.5552806,0.09860649,-9.7520275
48188000,48188000,-0.47804353,0.043581426,-9.886251
48240000,48240000,-0.5083833,0.05642535,-9.802511
48288000,48288000,-0.49958783,0.084927,-9.832079
48340000,48340000,-0.41399395,0.0584398,-9.825384
48388000,48388000,-0.44524595,0.03812636,-9.707528
48440000,48440000,-0.4655595,0.054054227,-9.779827
48488000,48488000,-0.3933131,0.05864387,-9.965165
48540000,48540000,-0.4350985,0.006748221,-9.933183
48588000,48588000,-0.3695938,0.13804924,-9.815103
48636000,48636000,-0.34607512,-0.03213138,-9.82178
48688000,48688000,-0.33373296,0.14936891,-9.71563
48740000,48740000,-0.34182897,0.0088236,-9.812429
48788000,48788000,-0.34695926,0.18915254,-9.93939
48840000,48840000,-0.30991146,0.06750001,-10.109338
48888000,48888000,-0.31509638,0.022956278,-9.99279
48940000,48940000,-0.3864549,0.070616685,-9.99991
48988000,48988000,-0.36182606,0.041300528,-10.073544
49040000,49040000,-0.30999765,-0.049662843,-10.074279
49088000,49088000,-0.27226657,-0.062923074,-10.180927
49140000,49140000,-0.29230857,-0.09588975,-10.151917
49184000,49184000,-0.19481376,-0.1549796,-10.057889
49240000,49240000,-0.17942251,-0.14693962,-9.926586
49288000,49288000,-0.12462843,-0.16251579,-9.890554
49340000,49340000,-0.16165245,-0.18516079,-9.917706
49388000,49388000,-0.08105139,-0.2784537,-9.850563
49440000,49440000,-0.061184477,-0.19975515,-9.834824
49488000,49488000,-0.03684538,-0.30598116,-9.777
49540000,49540000,0.050841138,-0.2657296,-9.813103
49588000,49588000,-0.0129823,-0.28784645,-9.871399
49640000,49640000,0.015208734,-0.40471655,-9.945505
49684000,49684000,-0.07363395,-0.2744686,-9.900522
49740000,49740000,-0.030278422,-0.4666687,-9.956708
49788000,49788000,-0.029689834,-0.517039,-9.936694
49840000,49840000,-0.033441916,-0.44231936,-9.95085
49888000,49888000,-0.051330987,-0.4671678,-9.94853
49940000,49940000,-0.022253918,-0.50155884,-9.991803
49988000,49988000,-0.12641424,-0.6380369,-9.969705
50040000,50040000,-0.111734964,-0.50819576,-10.058886
50088000,50088000,-0.04149499,-0.59978867,-9.990787
50140000,50140000,-0.18646151,-0.651567,-10.086962
50188000,50188000,-0.19628073,-0.6115051,-10.115334
50240000,50240000,-0.21318111,-0.6037776,-10.012002
50288000,50288000,-0.27380097,-0.6657453,-10.07845
50340000,50340000,-0.23806286,-0.6830512,-10.139488
50388000,50388000,-0.3489874,-0.65873027,-10.144764
50440000,50440000,-0.41513872,-0.7496705,-10.153055
50488000,50488000,-0.4898131,-0.6846804,-9.996227
50540000,50540000,-0.52821827,-0.73570234,-10.122751
50588000,50588000,-0.6929695,-0.75662506,-9.963567
50640000,50640000,-0.6036046,-0.68994534,-10.062583
50688000,50688000,-0.7394217,-0.7107378,-10.039141
50740000,50740000,-0.7239089,-0.730978,-9.954947
50788000,50788000,-0.8777487,-0.74738455,-10.086538
50840000,50840000,-0.8746682,-0.58593166,-10.078845
50888000,50888000,-1.0310287,-0.67212915,-10.025724
50940000,50940000,-1.0966676,-0.62346584,-9.974989
50988000,50988000,-1.2191598,-0.62729406,-9.820116
51040000,51040000,-1.2193443,-0.48737755,-9.90176
51088000,51088000,-1.2116277,-0.55795443,-9.77853
51140000,51140000,-1.3782647,-0.5859766,-9.831248
51188000,51188000,-1.4263046,-0.53551406,-9.829655
51240000,51240000,-1.485081,-0.5145065,-9.693059
51284000,51284000,-1.444577,-0.44893795,-9.732448
51336000,51336000,-1.453111,-0.48762465,-9.630061
51388000,51388000,-1.5192081,-0.4538433,-9.630977
51440000,51440000,-1.6409798,-0.45191544,-9.679122
51488000,51488000,-1.5655547,-0.3186675,-9.692806
51540000,51540000,-1.6387299,-0.3262074,-9.733862
51588000,51588000,-1.6701434,-0.3559173,-9.5644
51640000,51640000,-1.6622777,-0.2679105,-9.706951
51688000,51688000,-1.678468,-0.31493038,-9.719194
51740000,51740000,-1.7870427,-0.31991065,-9.656579
51788000,51788000,-1.7593143,-0.13293079,-9.756368
51840000,51840000,-1.7544893,-0.10793559,-9.780775
51888000,51888000,-1.6640291,-0.1253558,-9.83476
51940000,51940000,-1.7083766,-0.108276114,-9.901369
51988000,51988000,-1.7252362,-0.11474385,-9.768194
52040000,52040000,-1.6977323,-0.087258615,-9.754432
52088000,52088000,-1.6324914,-0.042340867,-9.741009
52140000,52140000,-1.8283303,0.064777315,-9.780979
52188000,52188000,-1.6808981,0.11091,-9.763146
52240000,52240000,-1.6035931,0.008274699,-9.746144
52288000,52288000,-1.5310559,0.07033533,-9.712007
52340000,52340000,-1.6363796,0.114828706,-9.733408
52388000,52388000,-1.6432538,0.092435785,-9.656699
52440000,52440000,-1.7254363,0.070995726,-9.739405
52488000,52488000,-1.667931,0.07768552,-9.692005
52540000,52540000,-1.5751843,0.04298006,-9.685651
52588000,52588000,-1.6812433,0.14123803,-9.697018
52640000,52640000,-1.5881416,0.08201656,-9.6383
52688000,52688000,-1.6259041,0.056629874,-9.726286
52740000,52740000,-1.6778305,0.09552405,-9.731224
52788000,52788000,-1.6021852,0.07666647,-9.667522
52840000,52840000,-1.5180695,0.17285202,-9.623778
52884000,52884000,-1.6161438,0.09103143,-9.588151
52940000,52940000,-1.6427715,0.09258434,-9.707223
52988000,52988000,-1.4874051,0.022816079,-9.638335
53040000,53040000,-1.6270666,0.10694387,-9.725594
53088000,53088000,-1.6356621,0.072831556,-9.647014
53140000,53140000,-1.7607498,0.07769248,-9.683205
53188000,53188000,-1.6714898,0.12321307,-9.611312
53240000,53240000,-1.6618137,0.12307003,-9.660696
53288000,53288000,-1.5318843,0.033225782,-9.6285305
53340000,53340000,-1.5724013,-0.00085664727,-9.671696
53388000,53388000,-1.5960977,0.0009026686,-9.653609
53440000,53440000,-1.6595559,0.12210837,-9.702822
53488000,53488000,-1.62441,-0.03673868,-9.663088
53540000,53540000,-1.7060249,0.1353339,-9.632887
53584000,53584000,-1.6917515,0.10988187,-9.628895
53636000,53636000,-1.6504898,0.08187691,-9.71806
53688000,53688000,-1.6523354,0.020551508,-9.664013
53740000,53740000,-1.5604439,0.06845893,-9.61709
53788000,53788000,-1.5790663,-0.013942125,-9.736872
53840000,53840000,-1.5980275,-0.045418516,-9.679768
53888000,53888000,-1.7970091,0.04859259,-9.661176
53940000,53940000,-1.6496161,-0.00677289,-9.647091
53988000,53988000,-1.7599537,-0.01666394,-9.728439
54040000,54040000,-1.6747015,-0.02114679,-9.716425
54088000,54088000,-1.6233027,-0.020570071,-9.641185
54140000,54140000,-1.5977405,0.02145373,-9.67143
54188000,54188000,-1.617069,-0.06025286,-9.657539
54240000,54240000,-1.6329962,-0.023043271,-9.588496
54288000,54288000,-1.6845942,0.012195268,-9.758836
54340000,54340000,-1.6079688,0.11149868,-9.659688
54388000,54388000,-1.5732708,0.091875345,-9.72169
54440000,54440000,-1.6224194,0.050398376,-9.679603
54484000,54484000,-1.6516408,-0.083368585,-9.656102
54540000,54540000,-1.6515517,-0.06143692,-9.715253
54588000,54588000,-1.6230078,-0.003996027,-9.712321
54640000,54640000,-1.6435709,0.02962624,-9.658767
54688000,54688000,-1.6270511,0.04721825,-9.712944
54740000,54740000,-1.6753418,-0.09829994,-9.69532
54788000,54788000,-1.6813376,-0.014001026,-9.671628
54840000,54840000,-1.6431785,-0.0048261173,-9.606746
54888000,54888000,-1.5990446,-0.033203945,-9.575065
54940000,54940000,-1.6681398,0.0055616973,-9.64917
54988000,54988000,-1.6958393,0.074430205,-9.540004
55040000,55040000,-1.555328,-0.03029637,-9.650735
55088000,55088000,-1.5449281,-0.07534772,-9.738831
55140000,55140000,-1.603362,-0.044812985,-9.667076
55188000,55188000,-1.5607787,-0.012491604,-9.778201
55240000,55240000,-1.550167,-0.07740044,-9.797284
55288000,55288000,-1.5246425,-0.10290406,-9.771734
55340000,55340000,-1.4649699,-0.039529033,-9.895852
55388000,55388000,-1.535352,-0.045196105,-9.849987
55436000,55436000,-1.4577856,-0.061476972,-9.822701
55488000,55488000,-1.5227399,-0.010385029,-9.741354
55540000,55540000,-1.4247353,-0.06975217,-9.736252
55588000,55588000,-1.3999785,-0.064148396,-9.821457
55640000,55640000,-1.5120409,0.061901897,-9.875608
55688000,55688000,-1.4051361,-0.004655285,-9.891924
55740000,55740000,-1.392836,-0.13304968,-9.775745
55788000,55788000,-1.2007037,-0.090304896,-9.809315
55840000,55840000,-1.2908137,-0.05092664,-9.837921
55888000,55888000,-1.2976786,0.017837284,-9.807906
55940000,55940000,-1.2186348,-0.17135334,-9.870405
55988000,55988000,-1.2023985,0.010156142,-9.820885
56040000,56040000,-1.1693668,0.0026040403,-9.816956
56088000,56088000,-1.232726,-0.012301628,-9.869894
56140000,56140000,-1.0898991,0.03453807,-9.838131
56188000,56188000,-1.0984187,0.024159836,-9.846727
56240000,56240000,-1.1308231,-0.11637052,-9.786416
56284000,56284000,-1.0211974,-0.06268405,-9.818643
56340000,56340000,-0.99469703,-0.030224506,-9.879279
56384000,56384000,-1.0427915,-0.052830964,-9.897547
56440000,56440000,-1.0511491,0.005001749,-9.762596
56488000,56488000,-0.9759828,-0.011823434,-9.901573
56540000,56540000,-0.9873469,-0.0012498894,-9.815288
56588000,56588000,-0.9683924,0.008539149,-9.84911
56640000,56640000,-0.8866313,0.001913165,-9.880039
56688000,56688000,-0.924505,-0.05043403,-9.761587
56740000,56740000,-0.87028956,0.004892963,-9.807342
56788000,56788000,-0.9006454,0.0020745585,-9.851072
56840000,56840000,-0.71864015,-0.019985924,-9.798747
56888000,56888000,-0.8152927,0.046668753,-9.797911
56940000,56940000,-0.7554314,0.039851785,-9.76943
56988000,56988000,-0.8041965,-0.07336975,-9.830596
57040000,57040000,-0.78997403,-0.037150197,-9.790289
57088000,57088000,-0.6753404,0.060498334,-9.882256
57140000,57140000,-0.6241325,0.057908874,-9.834711
57188000,57188000,-0.631885,0.018191302,-9.843318
57240000,57240000,-0.5825684,0.0081937015,-9.863204
57288000,57288000,-0.6962368,0.09580116,-9.871899
57340000,57340000,-0.62663835,0.06218954,-9.839289
57388000,57388000,-0.5625554,0.020340089,-9.830773
57440000,57440000,-0.6573272,-0.0062853284,-9.844139
57488000,57488000,-0.5708707,0.09024976,-9.807041
57540000,57540000,-0.52064306,0.04063103,-9.745993
57588000,57588000,-0.4825778,-0.06529178,-9.800704
57640000,57640000,-0.5422241,0.066139966,-9.927691
57688000,57688000,-0.6024424,0.029233947,-9.824227
57740000,57740000,-0.45778272,0.016185889,-9.9350815
57788000,57788000,-0.46424305,0.049255,-9.802253
57840000,57840000,-0.5071737,0.05374173,-9.815451
57888000,57888000,-0.48314866,-0.03714066,-9.824543
57940000,57940000,-0.46925083,-0.005506441,-9.795134
57984000,57984000,-0.37096053,0.04068873,-9.728071
58040000,58040000,-0.37209797,0.030732354,-9.828638
58088000,58088000,-0.39299506,-0.011213549,-9.956533
58136000,58136000,-0.40732548,0.02920501,-9.759551
58188000,58188000,-0.40527815,0.054663237,-9.81247
58240000,58240000,-0.32380795,-0.056181844,-9.77876
58288000,58288000,-0.32395086,0.016895471,-9.864233
58340000,58340000,-0.3843649,0.02147971,-9.809521
58388000,58388000,-0.287634,0.13069274,-9.8506365
58440000,58440000,-0.34049553,0.02894904,-9.913588
58488000,58488000,-0.31980264,0.044427086,-9.819148
58540000,58540000,-0.2531522,0.040273607,-9.901014
58588000,58588000,-0.3513487,0.03273327,-9.712492
58640000,58640000,-0.25872955,-0.024428109,-9.751669
58688000,58688000,-0.2687044,0.011774666,-9.749925
58740000,58740000,-0.32068464,0.010068378,-9.908619
58788000,58788000,-0.20237964,0.09133373,-9.824784
58840000,58840000,-0.22062498,-0.006198266,-9.813679
58884000,58884000,-0.15256688,0.07067817,-9.7568245
58940000,58940000,-0.20848162,-0.020581905,-9.774148
58988000,58988000,-0.23396266,-0.033924565,-9.885036
59036000,59036000,-0.2646682,0.019473698,-9.847097
59088000,59088000,-0.10976308,0.044844463,-9.795073
59140000,59140000,-0.21623278,0.084861666,-9.505575
59188000,59188000,-0.23419832,-0.0069361785,-9.09732
59240000,59240000,-0.19431916,0.044711616,-8.735729
59288000,59288000,-0.21542253,0.061612915,-8.373352
59340000,59340000,-0.11604492,0.07653293,-8.297081
59388000,59388000,-0.19189225,0.116279095,-8.075278
59440000,59440000,-0.13655366,0.0024258476,-7.9035053
59488000,59488000,-0.18023488,-0.015473742,-7.661467
59540000,59540000,-0.073549144,-0.065359384,-7.898011
59588000,59588000,-0.17876665,0.06260372,-8.36809
59640000,59640000,-0.053583622,0.10089213,-8.967659
59688000,59688000,-0.13039848,-0.08277022,-9.372593
59740000,59740000,-0.15644619,0.08131654,-9.670902
59788000,59788000,-0.16113918,0.037609857,-9.918829
59840000,59840000,-0.071163155,0.094719864,-10.115177
59888000,59888000,-0.033463962,0.10467593,-10.366026
59940000,59940000,-0.018037686,0.021489715,-10.653135
59988000,59988000,-0.022396095,0.04572729,-10.513229
60040000,60040000,-0.098161615,0.09100053,-10.075257
60088000,60088000,-0.024332745,0.075355485,-9.940828
60140000,60140000,-0.012931386,0.03557437,-9.840603
60188000,60188000,-0.023881145,0.08787326,-9.84031
60240000,60240000,-0.08210446,0.03472697,-9.745826
60288000,60288000,-0.046524826,0.08457855,-9.674324
60340000,60340000,-0.041707113,-0.021989085,-9.821798
60388000,60388000,-0.03400448,0.1265487,-9.724539
60440000,60440000,-0.05063289,0.0705759,-9.7351055
60488000,60488000,-0.04543333,-0.057851315,-9.775263
60540000,60540000,-0.024882998,-0.011155225,-9.794081
60588000,60588000,-0.06374684,-0.024391947,-9.693142
60640000,60640000,-0.02986728,0.06258778,-9.732895
60688000,60688000,-0.060122166,-0.004464986,-9.786321
60740000,60740000,-0.043878514,0.0025866632,-9.880606
60788000,60788000,-0.11721884,-0.061989937,-9.782935
60840000,60840000,-0.03786384,0.009144548,-9.7837
60888000,60888000,-0.021892449,-0.053646043,-9.758407
60940000,60940000,0.019245528,0.0038765306,-9.720222
60988000,60988000,0.047098167,-0.012744488,-9.832764
61040000,61040000,0.0057879016,0.026314586,-9.904739
61088000,61088000,-0.047946677,0.041412983,-9.821847
61140000,61140000,0.0071589043,0.054421484,-9.763666
61188000,61188000,0.049017444,-0.046717357,-9.776435
61240000,61240000,-0.042130742,-0.007641926,-9.759127
61288000,61288000,-0.012322415,0.082394406,-9.8532
61340000,61340000,0.06466995,0.10830509,-9.744569
61388000,61388000,-0.03688388,-0.004665592,-9.711088
61440000,61440000,0.08603996,-0.0042591486,-9.818244
61488000,61488000,-0.12937658,-0.047729958,-9.713552
61540000,61540000,-0.08078455,-0.07052849,-9.766123
61588000,61588000,0.02101932,0.0027280785,-9.828549
61640000,61640000,-0.07595535,-0.048432432,-9.728228
61688000,61688000,0.021614637,-0.0027531327,-9.799005
61736000,61736000,0.03033153,-0.03238772,-9.805803
61788000,61788000,-0.03634063,0.07727971,-9.787592
61840000,61840000,0.043571725,-0.056770418,-9.7802305
61888000,61888000,-0.04325776,0.033576563,-9.782038
61936000,61936000,-0.030163828,0.044764973,-9.828709
61988000,61988000,0.007885652,0.014735896,-9.8888855
62040000,62040000,0.017733458,0.045545902,-9.769091
62088000,62088000,0.0021952838,0.027037483,-9.741294
62140000,62140000,0.06312869,-0.016945029,-9.738562
62188000,62188000,0.026453916,0.017705379,-9.794131
62240000,62240000,0.02183529,-0.028277699,-9.850818
62288000,62288000,-0.019060446,-0.08931721,-9.816216
62340000,62340000,-0.007510611,-0.019666998,-9.816656
62388000,62388000,-0.028687932,0.115953535,-9.743246
62440000,62440000,0.018341208,0.038100228,-9.795233
62488000,62488000,-0.047328144,-0.07145847,-9.740789
62540000,62540000,-0.01740542,-0.027865395,-9.802977
62588000,62588000,-0.0019524922,0.0011811536,-9.802452
62640000,62640000,-0.045586467,-0.09457816,-9.776548
62688000,62688000,0.02318163,0.053573605,-9.745233
62740000,62740000,0.015964681,-0.04096891,-9.739988
62784000,62784000,-0.0068434486,0.024349574,-9.812187
62840000,62840000,0.023295103,0.026328804,-9.839786
62888000,62888000,0.04029321,0.00094096456,-9.8027315
62940000,62940000,-0.033208188,-0.0074304957,-9.884928
62988000,62988000,0.04379341,0.0017507102,-9.834329
63040000,63040000,0.0018158723,0.04914181,-9.842102
63088000,63088000,-0.0071260906,0.05771437,-9.727595
63140000,63140000,-0.08646519,-0.11200607,-9.745508
63188000,63188000,-0.0049103694,-0.034899518,-9.800229
63240000,63240000,0.04638049,-0.032244686,-9.765097
63288000,63288000,0.73583424,0.6770652,-11.056936
63340000,63340000,0.026263198,0.018254168,-9.78993
63388000,63388000,-0.01841562,-0.01378878,-9.852602
63440000,63440000,0.009084221,0.06813575,-9.818605
63484000,63484000,-0.013241142,-0.012564447,-9.7652855
63540000,63540000,0.085345484,-0.024474354,-9.763515
63588000,63588000,-0.12653102,0.04153694,-9.749351
63636000,63636000,-0.08565399,-0.023671264,-9.853367
63688000,63688000,0.03754495,-0.05636923,-9.801648
63740000,63740000,0.03330632,0.074069954,-9.844217
63788000,63788000,0.05792232,-0.00269177,-9.814717
63840000,63840000,-0.03163449,-0.039492413,-9.811284
63888000,63888000,-0.005611593,-0.0014271205,-9.789336
63940000,63940000,-0.07017574,0.044873428,-9.764465
63988000,63988000,0.018048272,0.03912754,-9.776598
64040000,64040000,-0.048284963,0.056610618,-9.8619
64088000,64088000,0.028260421,-0.025312489,-9.801706
64140000,64140000,-0.07828201,0.021108964,-9.8132925
64184000,64184000,-0.029414127,-0.041591443,-9.843351
64240000,64240000,0.02337834,0.029775538,-9.850084
64288000,64288000,-0.03401237,0.0045096716,-9.864842
64340000,64340000,-0.063774124,0.022221547,-9.711574
64388000,64388000,-0.0139063485,0.025115296,-9.895269
64436000,64436000,0.0053537786,-0.006337169,-9.824088
64484000,64484000,0.02253562,-0.010240099,-9.769152
64540000,64540000,0.012528007,-0.003265909,-9.804416
64588000,64588000,0.03999606,-0.009763882,-9.8161745
64636000,64636000,0.027264409,0.1267497,-9.79951
64684000,64684000,-0.020389043,0.021665465,-9.794171
64740000,64740000,0.008711876,-0.022403661,-9.871344
64788000,64788000,0.07689617,-0.02560978,-9.756609
64840000,64840000,-0.07211836,-0.041710973,-9.841108
64888000,64888000,-0.0017114431,-0.0011718497,-9.758328
64940000,64940000,0.012729772,-0.00079414435,-9.795128
64988000,64988000,0.07991327,-0.046276446,-9.804204
65040000,65040000,-0.008834522,0.0044157254,-9.813202
65088000,65088000,-0.0050917305,-0.03224439,-9.789249
65140000,65140000,-0.091030784,0.0741042,-9.762125
65188000,65188000,-0.05083821,0.005908667,-9.708851
65240000,65240000,0.0014489433,-0.028839555,-9.801283
65288000,65288000,-0.00039083237,0.017675893,-9.828551
65340000,65340000,-0.019166265,0.041245274,-9.750773
65388000,65388000,-0.10434286,0.0013873419,-9.821157
65440000,65440000,0.0064808517,0.023197519,-9.777196
65488000,65488000,-0.0023285332,0.043412168,-9.75005
65540000,65540000,0.03896205,0.06220753,-9.8001585
65588000,65588000,0.049089264,-0.028337272,-9.819644
65640000,65640000,0.0151908975,-0.03255268,-9.835204
65688000,65688000,-0.06615295,0.08983504,-9.778581
65740000,65740000,7.416867e-05,0.016180184,-9.774634
65784000,65784000,0.020535607,-0.028301775,-9.864305
65840000,65840000,0.08968992,-0.041263096,-9.815069
65888000,65888000,-0.13191037,0.02830318,-9.795096
65940000,65940000,-0.0040868693,-0.005183868,-9.834439
65988000,65988000,0.067644596,0.05513344,-9.91844
66040000,66040000,-0.060013175,-0.06304831,-9.909061
66088000,66088000,0.030612007,-0.019144975,-9.835997
66140000,66140000,-0.072883636,-0.015513031,-9.822903
66188000,66188000,0.00072925026,-0.050742585,-9.856739
66236000,66236000,-0.0015173969,-0.10419694,-9.871571
66288000,66288000,-0.06584647,-0.013730697,-9.816448
66340000,66340000,-0.14348641,0.01788351,-9.771223
66388000,66388000,0.084637776,-0.052456066,-9.792595
66440000,66440000,-0.0866668,0.013563199,-9.78323
66488000,66488000,0.008749254,0.0044119935,-9.841092
66540000,66540000,4.397612e-05,-0.015828751,-9.832827
66588000,66588000,0.08753462,0.06281856,-9.825527
66640000,66640000,0.017046204,0.050315544,-9.790272
66688000,66688000,-0.03491642,0.03723221,-9.804811
66740000,66740000,0.013449125,-0.023477025,-9.727299
66788000,66788000,0.057368234,-0.053750098,-9.759385
66840000,66840000,0.029688826,-0.04601295,-9.7703905
66888000,66888000,0.0032421537,0.02610727,-9.797407
66940000,66940000,-0.039171755,-0.0322579,-9.853278
66988000,66988000,0.012762958,0.013127882,-9.796104
67040000,67040000,0.0031712498,-0.023470003,-9.845722
67088000,67088000,-0.049100637,0.088226415,-9.788649
67140000,67140000,-0.03376534,-0.009086933,-9.832334
67188000,67188000,-0.032545473,0.026818221,-9.898925
67240000,67240000,0.115268,0.031697195,-9.904598
67288000,67288000,0.003319398,-0.032158107,-9.848421
67340000,67340000,-0.06846186,-0.022507003,-9.787942
67384000,67384000,0.042884137,0.060759705,-9.738689
67440000,67440000,0.0021615177,0.044755906,-9.773804
