timestamp,x,y,z,vx,vy,vz,acceleration[0],acceleration[1],acceleration[2],thrust[0],thrust[1],thrust[2],yaw,yawspeed
5076000,nan,nan,nan,nan,nan,nan,0.0,0.0,100.0,-0.0,-0.0,-0.001,-0.00019096174,0.0
5084000,nan,nan,nan,nan,nan,nan,0.0,0.0,100.0,-0.0,-0.0,-0.001,-9.3364215e-05,0.0
5180000,nan,nan,nan,nan,nan,nan,0.0,0.0,100.0,-0.0,-0.0,-0.001,0.0005716745,0.0
5276000,nan,nan,nan,nan,nan,nan,0.0,0.0,100.0,-0.0,-0.0,-0.001,0.00095342175,0.0
5372000,nan,nan,nan,nan,nan,nan,0.0,0.0,100.0,-0.0,-0.0,-0.001,0.00022382733,0.0
5476000,nan,nan,nan,nan,nan,nan,0.0,0.0,100.0,-0.0,-0.0,-0.001,-0.0006501709,0.0
5572000,nan,nan,nan,nan,nan,nan,0.0,0.0,100.0,-0.0,-0.0,-0.001,-0.0012058272,0.0
5676000,nan,nan,nan,nan,nan,nan,0.0,0.0,100.0,-0.0,-0.0,-0.001,-0.0020120516,0.0
5772000,nan,nan,nan,nan,nan,nan,0.0,0.0,100.0,-0.0,-0.0,-0.001,-0.0020466496,0.0
5876000,nan,nan,nan,nan,nan,nan,0.0,0.0,100.0,-0.0,-0.0,-0.001,1.5866089,0.0
5972000,nan,nan,nan,nan,nan,nan,0.0,0.0,100.0,-0.0,-0.0,-0.001,1.5866953,0.0
6076000,nan,nan,nan,nan,nan,nan,0.0,0.0,100.0,-0.0,-0.0,-0.001,1.5860904,0.0
6180000,nan,nan,nan,nan,nan,nan,0.0,0.0,100.0,-0.0,-0.0,-0.001,1.5852125,0.0
6276000,nan,nan,nan,nan,nan,nan,0.0,0.0,100.0,-0.0,-0.0,-0.001,1.5848281,0.0
6380000,nan,nan,nan,nan,nan,nan,0.0,0.0,100.0,-0.0,-0.0,-0.001,1.585209,0.0
6476000,nan,nan,nan,nan,nan,nan,0.0,0.0,100.0,-0.0,-0.0,-0.001,1.5857854,0.0
6572000,nan,nan,nan,nan,nan,nan,0.0,0.0,100.0,-0.0,-0.0,-0.001,1.5868113,0.0
6676000,nan,nan,nan,nan,nan,nan,0.0,0.0,100.0,-0.0,-0.0,-0.001,1.5866995,0.0
6772000,nan,nan,nan,nan,nan,nan,0.0,0.0,100.0,-0.0,-0.0,-0.001,1.5867466,0.0
6876000,nan,nan,nan,nan,nan,nan,0.0,0.0,100.0,-0.0,-0.0,-0.001,1.5872769,0.0
6980000,nan,nan,nan,nan,nan,nan,0.0,0.0,100.0,-0.0,-0.0,-0.001,1.5869771,0.0
7076000,nan,nan,nan,nan,nan,nan,0.0,0.0,100.0,-0.0,-0.0,-0.001,1.5866221,0.0
7172000,nan,nan,nan,nan,nan,nan,0.0,0.0,100.0,-0.0,-0.0,-0.001,1.586669,0.0
7276000,nan,nan,nan,nan,nan,nan,0.0,0.0,100.0,-0.0,-0.0,-0.001,1.5863336,0.0
7372000,nan,nan,nan,nan,nan,nan,0.0,0.0,100.0,-0.0,-0.0,-0.001,1.5858016,0.0
7476000,nan,nan,nan,nan,nan,nan,0.0,0.0,100.0,-0.0,-0.0,-0.001,1.5857067,0.0
7572000,nan,nan,nan,nan,nan,nan,0.0,0.0,100.0,-0.0,-0.0,-0.001,1.5851982,0.0
7676000,nan,nan,nan,nan,nan,nan,0.0,0.0,100.0,-0.0,-0.0,-0.001,1.5840524,0.0
7772000,nan,nan,nan,nan,nan,nan,0.0,0.0,100.0,-0.0,-0.0,-0.001,1.5837532,0.0
7876000,nan,nan,nan,nan,nan,nan,0.0,0.0,100.0,-0.0,-0.0,-0.001,1.5837884,0.0
7980000,nan,nan,nan,nan,nan,nan,0.0,0.0,100.0,-0.0,-0.0,-0.001,1.583818,0.0
8076000,nan,nan,nan,nan,nan,nan,0.0,0.0,100.0,-0.0,-0.0,-0.001,1.5832837,0.0
8172000,nan,nan,nan,nan,nan,nan,0.0,0.0,100.0,-0.0,-0.0,-0.001,1.5829412,0.0
8276000,nan,nan,nan,nan,nan,nan,0.0,0.0,100.0,-0.0,-0.0,-0.001,1.5832818,0.0
8380000,nan,nan,nan,nan,nan,nan,0.0,0.0,100.0,-0.0,-0.0,-0.001,1.5830586,0.0
8476000,nan,nan,nan,nan,nan,nan,0.0,0.0,100.0,-0.0,-0.0,-0.001,1.5825948,0.0
8580000,nan,nan,nan,nan,nan,nan,0.0,0.0,100.0,-0.0,-0.0,-0.001,1.5823138,0.0
8676000,nan,nan,nan,nan,nan,nan,0.0,0.0,100.0,-0.0,-0.0,-0.001,1.5819021,0.0
8780000,nan,nan,nan,nan,nan,nan,0.0,0.0,100.0,-0.0,-0.0,-0.001,1.5817755,0.0
8876000,nan,nan,nan,nan,nan,nan,0.0,0.0,100.0,-0.0,-0.0,-0.001,1.5818793,0.0
8972000,nan,nan,nan,nan,nan,nan,0.0,0.0,100.0,-0.0,-0.0,-0.001,1.5817275,0.0
9076000,nan,nan,nan,nan,nan,nan,0.0,0.0,100.0,-0.0,-0.0,-0.001,1.5821297,0.0
9180000,nan,nan,nan,nan,nan,nan,0.0,0.0,100.0,-0.0,-0.0,-0.001,1.5823268,0.0
9276000,nan,nan,nan,nan,nan,nan,0.0,0.0,100.0,-0.0,-0.0,-0.001,1.5824039,0.0
9380000,nan,nan,nan,nan,nan,nan,0.0,0.0,100.0,-0.0,-0.0,-0.001,1.5819893,0.0
9476000,nan,nan,nan,nan,nan,nan,0.0,0.0,100.0,-0.0,-0.0,-0.001,1.5818315,0.0
9572000,nan,nan,nan,nan,nan,nan,0.0,0.0,100.0,-0.0,-0.0,-0.001,1.5818082,0.0
9676000,nan,nan,nan,nan,nan,nan,0.0,0.0,100.0,-0.0,-0.0,-0.001,1.5817442,0.0
9780000,nan,nan,nan,nan,nan,nan,0.0,0.0,100.0,-0.0,-0.0,-0.001,1.5818495,0.0
9876000,nan,nan,nan,nan,nan,nan,0.0,0.0,100.0,-0.0,-0.0,-0.001,1.5822326,0.0
9972000,nan,nan,nan,nan,nan,nan,0.0,0.0,100.0,-0.0,-0.0,-0.001,1.5831358,0.0
10076000,nan,nan,nan,nan,nan,nan,0.0,0.0,100.0,-0.0,-0.0,-0.001,1.582956,0.0
10180000,nan,nan,nan,nan,nan,nan,0.0,0.0,100.0,-0.0,-0.0,-0.001,1.5831982,0.0
10276000,nan,nan,nan,nan,nan,nan,0.0,0.0,100.0,-0.0,-0.0,-0.001,1.5830834,0.0
10380000,nan,nan,nan,nan,nan,nan,0.0,0.0,100.0,-0.0,-0.0,-0.001,1.5829561,0.0
10476000,nan,nan,nan,nan,nan,nan,0.0,0.0,100.0,-0.0,-0.0,-0.001,1.583029,0.0
10580000,nan,nan,nan,nan,nan,nan,0.0,0.0,100.0,-0.0,-0.0,-0.001,1.5829701,0.0
10676000,nan,nan,nan,nan,nan,nan,0.0,0.0,100.0,-0.0,-0.0,-0.001,1.5826628,0.0
10780000,nan,nan,nan,nan,nan,nan,0.0,0.0,100.0,-0.0,-0.0,-0.001,1.5828044,0.0
10876000,nan,nan,nan,nan,nan,nan,0.0,0.0,100.0,-0.0,-0.0,-0.001,1.5824157,0.0
10980000,nan,nan,nan,nan,nan,nan,0.0,0.0,100.0,-0.0,-0.0,-0.001,1.5828122,0.0
11076000,nan,nan,nan,nan,nan,nan,0.0,0.0,100.0,-0.0,-0.0,-0.001,1.5828186,0.0
11172000,nan,nan,nan,nan,nan,nan,0.0,0.0,100.0,-0.0,-0.0,-0.001,1.582668,0.0
11276000,nan,nan,nan,nan,nan,nan,0.0,0.0,100.0,-0.0,-0.0,-0.001,1.5827671,0.0
11380000,nan,nan,nan,nan,nan,nan,0.0,0.0,100.0,-0.0,-0.0,-0.001,1.5834639,0.0
11476000,nan,nan,nan,nan,nan,nan,0.0,0.0,100.0,-0.0,-0.0,-0.001,1.5836042,0.0
11580000,nan,nan,nan,nan,nan,nan,0.0,0.0,100.0,-0.0,-0.0,-0.001,1.583454,0.0
11676000,nan,nan,nan,nan,nan,nan,0.0,0.0,100.0,-0.0,-0.0,-0.001,1.5835755,0.0
11780000,nan,nan,nan,nan,nan,nan,0.0,0.0,100.0,-0.0,-0.0,-0.001,1.5832198,0.0
11876000,nan,nan,nan,nan,nan,nan,0.0,0.0,100.0,-0.0,-0.0,-0.001,1.583762,0.0
11980000,nan,nan,nan,nan,nan,nan,0.0,0.0,100.0,-0.0,-0.0,-0.001,1.5841496,0.0
12076000,nan,nan,nan,nan,nan,nan,0.0,0.0,100.0,-0.0,-0.0,-0.001,1.5840508,0.0
12180000,nan,nan,nan,nan,nan,nan,0.0,0.0,100.0,-0.0,-0.0,-0.001,1.5844392,0.0
12276000,nan,nan,nan,nan,nan,nan,0.0,0.0,100.0,-0.0,-0.0,-0.001,1.5842946,0.0
12372000,nan,nan,nan,nan,nan,nan,0.0,0.0,100.0,-0.0,-0.0,-0.001,1.5842372,0.0
12476000,nan,nan,nan,nan,nan,nan,0.0,0.0,100.0,-0.0,-0.0,-0.001,1.5838952,0.0
12580000,nan,nan,nan,nan,nan,nan,0.0,0.0,100.0,-0.0,-0.0,-0.001,1.584109,0.0
12676000,nan,nan,nan,nan,nan,nan,0.0,0.0,100.0,-0.0,-0.0,-0.001,1.5844675,0.0
12780000,nan,nan,nan,nan,nan,nan,0.0,0.0,100.0,-0.0,-0.0,-0.001,1.5844963,0.0
12876000,nan,nan,nan,nan,nan,nan,0.0,0.0,100.0,-0.0,-0.0,-0.001,1.5847455,0.0
12980000,nan,nan,nan,nan,nan,nan,0.0,0.0,100.0,-0.0,-0.0,-0.001,1.5848614,0.0
13076000,nan,nan,nan,nan,nan,nan,0.0,0.0,100.0,-0.0,-0.0,-0.001,1.5852749,0.0
13172000,nan,nan,nan,nan,nan,nan,0.0,0.0,100.0,-0.0,-0.0,-0.001,1.5847797,0.0
13276000,nan,nan,nan,nan,nan,nan,0.0,0.0,100.0,-0.0,-0.0,-0.001,1.5848242,0.0
13380000,nan,nan,nan,nan,nan,nan,0.0,0.0,100.0,-0.0,-0.0,-0.001,1.584699,0.0
13476000,nan,nan,nan,nan,nan,nan,0.0,0.0,100.0,-0.0,-0.0,-0.001,1.5847636,0.0
13580000,nan,nan,nan,nan,nan,nan,0.0,0.0,100.0,-0.0,-0.0,-0.001,1.5847998,0.0
13676000,nan,nan,nan,nan,nan,nan,0.0,0.0,100.0,-0.0,-0.0,-0.001,1.5851457,0.0
13780000,nan,nan,nan,nan,nan,nan,0.0,0.0,100.0,-0.0,-0.0,-0.001,1.5854,0.0
13876000,nan,nan,nan,nan,nan,nan,0.0,0.0,100.0,-0.0,-0.0,-0.001,1.5850834,0.0
13980000,nan,nan,nan,nan,nan,nan,0.0,0.0,100.0,-0.0,-0.0,-0.001,1.5851656,0.0
14076000,nan,nan,nan,nan,nan,nan,0.0,0.0,100.0,-0.0,-0.0,-0.001,1.585592,0.0
14172000,nan,nan,nan,nan,nan,nan,0.0,0.0,100.0,-0.0,-0.0,-0.001,1.5859233,0.0
14276000,nan,nan,nan,nan,nan,nan,0.0,0.0,100.0,-0.0,-0.0,-0.001,1.586225,0.0
14372000,nan,nan,nan,nan,nan,nan,0.0,0.0,100.0,-0.0,-0.0,-0.001,1.5860116,0.0
14476000,nan,nan,nan,nan,nan,nan,0.0,0.0,100.0,-0.0,-0.0,-0.001,1.5861509,0.0
14572000,nan,nan,nan,nan,nan,nan,0.0,0.0,100.0,-0.0,-0.0,-0.001,1.5866884,0.0
14676000,nan,nan,nan,nan,nan,nan,0.0,0.0,100.0,-0.0,-0.0,-0.001,1.5868315,0.0
14772000,nan,nan,nan,nan,nan,nan,0.0,0.0,100.0,-0.0,-0.0,-0.001,1.5865923,0.0
14876000,nan,nan,nan,nan,nan,nan,0.0,0.0,100.0,-0.0,-0.0,-0.001,1.586328,0.0
14980000,nan,nan,nan,nan,nan,nan,0.0,0.0,100.0,-0.0,-0.0,-0.001,1.5859354,0.0
15076000,nan,nan,nan,nan,nan,nan,0.0,0.0,100.0,-0.0,-0.0,-0.001,1.5861287,0.0
15180000,nan,nan,nan,nan,nan,nan,0.0,0.0,100.0,-0.0,-0.0,-0.001,1.5864178,0.0
15276000,nan,nan,nan,nan,nan,nan,0.0,0.0,100.0,-0.0,-0.0,-0.001,1.5870163,0.0
15372000,nan,nan,nan,nan,nan,nan,0.0,0.0,100.0,-0.0,-0.0,-0.001,1.5872992,0.0
15476000,nan,nan,nan,nan,nan,nan,0.0,0.0,100.0,-0.0,-0.0,-0.001,1.5874188,0.0
15580000,nan,nan,nan,nan,nan,nan,0.0,0.0,100.0,-0.0,-0.0,-0.001,1.5874555,0.0
15676000,nan,nan,nan,nan,nan,nan,0.0,0.0,100.0,-0.0,-0.0,-0.001,1.5875462,0.0
15780000,nan,nan,nan,nan,nan,nan,0.0,0.0,100.0,-0.0,-0.0,-0.001,1.5872587,0.0
15876000,nan,nan,nan,nan,nan,nan,0.0,0.0,100.0,-0.0,-0.0,-0.001,1.5873957,0.0
15980000,nan,nan,nan,nan,nan,nan,0.0,0.0,100.0,-0.0,-0.0,-0.001,1.587827,0.0
16076000,nan,nan,nan,nan,nan,nan,0.0,0.0,100.0,-0.0,-0.0,-0.001,1.587958,0.0
16180000,nan,nan,nan,nan,nan,nan,0.0,0.0,100.0,-0.0,-0.0,-0.001,1.5881468,0.0
16276000,nan,nan,nan,nan,nan,nan,0.0,0.0,100.0,-0.0,-0.0,-0.001,1.5885032,0.0
16380000,nan,nan,nan,nan,nan,nan,0.0,0.0,100.0,-0.0,-0.0,-0.001,1.5881706,0.0
16476000,nan,nan,nan,nan,nan,nan,0.0,0.0,100.0,-0.0,-0.0,-0.001,1.5884078,0.0
16580000,nan,nan,nan,nan,nan,nan,0.0,0.0,100.0,-0.0,-0.0,-0.001,1.5882573,0.0
16676000,nan,nan,nan,nan,nan,nan,0.0,0.0,100.0,-0.0,-0.0,-0.001,1.5879035,0.0
16780000,nan,nan,nan,nan,nan,nan,0.0,0.0,100.0,-0.0,-0.0,-0.001,1.5874541,0.0
16876000,nan,nan,nan,nan,nan,nan,0.0,0.0,100.0,-0.0,-0.0,-0.001,1.5875007,0.0
16980000,nan,nan,nan,nan,nan,nan,0.0,0.0,100.0,-0.0,-0.0,-0.001,1.5875865,0.0
17076000,nan,nan,nan,nan,nan,nan,0.0,0.0,100.0,-0.0,-0.0,-0.001,1.5879116,0.0
17180000,nan,nan,nan,nan,nan,nan,0.0,0.0,100.0,-0.0,-0.0,-0.001,1.588168,0.0
17276000,nan,nan,nan,nan,nan,nan,0.0,0.0,100.0,-0.0,-0.0,-0.001,1.588118,0.0
17380000,nan,nan,nan,nan,nan,nan,0.0,0.0,100.0,-0.0,-0.0,-0.001,1.5885042,0.0
17476000,nan,nan,nan,nan,nan,nan,0.0,0.0,100.0,-0.0,-0.0,-0.001,1.5889789,0.0
17572000,nan,nan,nan,nan,nan,nan,0.0,0.0,100.0,-0.0,-0.0,-0.001,1.5889912,0.0
17676000,nan,nan,nan,nan,nan,nan,0.0,0.0,100.0,-0.0,-0.0,-0.001,1.589133,0.0
17780000,nan,nan,nan,nan,nan,nan,0.0,0.0,100.0,-0.0,-0.0,-0.001,1.5888289,0.0
17876000,nan,nan,nan,nan,nan,nan,0.0,0.0,100.0,-0.0,-0.0,-0.001,1.5889286,0.0
17980000,nan,nan,nan,nan,nan,nan,0.0,0.0,100.0,-0.0,-0.0,-0.001,1.5888367,0.0
18076000,nan,nan,nan,nan,nan,nan,0.0,0.0,100.0,-0.0,-0.0,-0.001,1.5883332,0.0
18172000,nan,nan,nan,nan,nan,nan,0.0,0.0,100.0,-0.0,-0.0,-0.001,1.5883665,0.0
18276000,nan,nan,nan,nan,nan,nan,0.0,0.0,100.0,-0.0,-0.0,-0.001,1.5885869,0.0
18372000,nan,nan,nan,nan,nan,nan,0.0,0.0,100.0,-0.0,-0.0,-0.001,1.588879,0.0
18476000,nan,nan,nan,nan,nan,nan,0.0,0.0,100.0,-0.0,-0.0,-0.001,1.5890956,0.0
18572000,nan,nan,nan,nan,nan,nan,0.0,0.0,100.0,-0.0,-0.0,-0.001,1.5890826,0.0
18676000,nan,nan,nan,nan,nan,nan,0.0,0.0,100.0,-0.0,-0.0,-0.001,1.5890476,0.0
18772000,nan,nan,nan,nan,nan,nan,0.0,0.0,100.0,-0.0,-0.0,-0.001,1.5890383,0.0
18876000,nan,nan,nan,nan,nan,nan,0.0,0.0,100.0,-0.0,-0.0,-0.001,1.5889328,0.0
18980000,-0.0068650753,0.0141892005,-0.0029439642,0.00021479302,0.00012104989,2.3208227,-0.013010266,0.024437143,9.546643,-1.7474695e-05,3.282266e-05,-0.013256669,1.5890023,0.0
19076000,-0.006850242,0.014182056,0.0025294826,0.00023005853,0.0004995952,2.1463695,-0.028046425,0.01012421,9.268581,-7.918795e-05,2.8585297e-05,-0.027433872,1.5890741,0.0
19172000,-0.0068222494,0.014169062,-0.0027350993,-0.00025638673,0.0011037344,1.9719162,-0.021220379,0.017885588,8.973743,-9.108058e-05,7.676723e-05,-0.04246643,1.5893764,0.0
19276000,-0.0067764316,0.014148051,0.0017469089,-0.0007576898,0.0020456472,1.7829251,-0.023291746,0.024751334,8.611012,-0.00014496145,0.00015404553,-0.06096056,1.5895641,0.0
19380000,-0.006719837,0.014122258,-0.002687153,0.0004876313,0.0025413125,1.5939343,-0.021609783,0.048541635,8.199889,-0.00018079356,0.00040611305,-0.081922024,1.5894598,0.0
19476000,-0.0066430336,0.014087383,0.00081175024,0.0010816973,0.0038964145,1.419481,-0.013617752,0.06312981,7.790018,-0.00014281824,0.00066208345,-0.10281962,1.5888562,0.0
19572000,-0.006557838,0.014048789,-0.00331059,0.0013735279,0.0058196364,1.2450278,-0.0052478183,0.062173165,7.3613706,-6.675952e-05,0.00079092884,-0.12467456,1.5888422,0.0
19676000,-0.0064500505,0.014000048,-0.0006727202,0.001719828,0.0076589016,1.0560371,-0.013619042,0.062219374,6.8380947,-0.0002102406,0.0009604962,-0.1513542,1.5884142,0.0
19772000,-0.0063362536,0.013948657,-0.00362885,0.0028243796,0.0075705093,0.88158476,-0.0053465907,0.0645016,6.3292713,-9.6611635e-05,0.0011655287,-0.17729697,1.5876992,0.0
19876000,-0.0061974814,0.01388605,-0.0018214969,0.0033643122,0.008063705,0.6925949,-0.025614865,0.057870347,5.746065,-0.0005405027,0.0012211301,-0.2070322,1.5873047,0.0
19980000,-0.0060550836,0.013821859,-0.004526945,0.003205507,0.009097625,0.5036049,-0.0077170394,0.070111334,5.129013,-0.00018768593,0.0017051761,-0.23849311,1.5875744,0.0
20076000,-0.005885327,0.013745385,-0.004252014,0.003146887,0.01009826,0.32915258,-0.016107054,0.060275804,4.518894,-0.0004431161,0.0016582287,-0.2696005,1.5873151,0.0
20180000,-0.005714328,0.013668396,-0.005943839,0.0038516056,0.009387512,0.1401627,-0.008464867,0.075682566,3.8028464,-0.0002640043,0.002360406,-0.3061088,1.5873458,0.0
20276000,-0.005513587,0.013578058,-0.006041663,0.004110221,0.009771521,0.05262865,-0.012518574,0.073424384,3.4664378,-0.00041269817,0.002420572,-0.32326084,1.5875744,0.0
20372000,-0.0053139874,0.013488268,-0.0073912516,0.0038643552,0.010769475,0.0033706082,-0.01899139,0.084395796,3.2828264,-0.00064380234,0.0028609917,-0.33262244,1.5879388,0.0
20476000,-0.005082262,0.013384064,-0.0088689085,0.0034398688,0.012001311,-0.049740843,-0.030416917,0.06898268,3.0737984,-0.001063926,0.0024128833,-0.3432799,1.5882515,0.0
20580000,-0.0048540616,0.013281476,-0.009723674,0.0035968851,0.010817393,-0.098168366,-0.027921993,0.07523936,2.8622398,-0.0010083286,0.0027170696,-0.35406637,1.588509,0.0
20676000,-0.004591352,0.013163406,-0.012092884,0.0034695538,0.010480976,-0.15226293,-0.024034454,0.0748437,2.6272333,-0.0008963179,0.0027911495,-0.3660484,1.5887108,0.0
20772000,-0.0043345504,0.013048018,-0.0110490145,0.003989326,0.00984602,-0.19985992,-0.037888475,0.090555646,2.4098597,-0.0014566844,0.00348156,-0.37713134,1.5889021,0.0
20876000,-0.0040408564,0.0129160825,-0.013302698,0.0036748494,0.010457183,-0.25460187,-0.031248063,0.09531631,2.135802,-0.0012465242,0.0038022865,-0.3911044,1.5888968,0.0
20980000,-0.003755453,0.012787896,-0.012038663,0.002820095,0.012006093,-0.30142933,-0.046201747,0.08911788,1.8982891,-0.0018997821,0.0036644614,-0.4032142,1.5889066,0.0
21076000,-0.0034307735,0.012642097,-0.015946835,0.0019065944,0.013434646,-0.3568492,-0.04934716,0.09695728,1.6151026,-0.0021013215,0.0041286754,-0.41765267,1.5892347,0.0
21180000,-0.0031167688,0.01250111,-0.015134023,0.002062763,0.012950966,-0.40287668,-0.057708334,0.100018166,1.337946,-0.0025409372,0.004403868,-0.43178374,1.589216,0.0
21276000,-0.0027611041,0.012341443,-0.020452546,0.0015099493,0.013604423,-0.45931014,-0.05563022,0.10149483,1.0381263,-0.0025357092,0.0046262867,-0.4470703,1.5892164,0.0
21380000,-0.0024184978,0.01218766,-0.018443007,0.00028313976,0.015164748,-0.5045681,-0.0593655,0.10642098,0.73646307,-0.002800424,0.0050201523,-0.46245083,1.588912,0.0
21476000,-0.0020318488,0.012014127,-0.02392066,-0.00075511844,0.016078316,-0.56180173,-0.066794455,0.10773937,0.4042821,-0.0032646013,0.005265798,-0.47938734,1.5891893,0.0
21580000,-0.0016606416,0.0118475435,-0.020348186,-0.0011531827,0.0148007935,-0.60622936,-0.0768719,0.115836136,0.11155057,-0.0038752544,0.0058395127,-0.4943125,1.5898432,0.0
21676000,-0.0012434418,0.011660684,-0.026229115,-0.0023158062,0.014867076,-0.66417146,-0.079002425,0.10732137,-0.24950743,-0.004132001,0.0056131445,-0.51272136,1.5897708,0.0
21780000,-0.0008543991,0.011487143,-0.021978706,-0.004214978,0.015945619,-0.70776856,-0.08283064,0.11257323,-0.5562279,-0.0044619474,0.006064131,-0.5283597,1.5898725,0.0
21876000,-0.0004346808,0.0112999,-0.028842742,-0.0056616934,0.016746838,-0.76660216,-0.085296035,0.113973334,-0.9406638,-0.004765504,0.0063677095,-0.5479605,1.5896598,0.0
21980000,-5.0040133e-05,0.011128286,-0.02333457,-0.004802542,0.013782474,-0.8094603,-0.10023027,0.099984884,-1.7771133,-0.006034636,0.0060198614,-0.5906076,1.5894903,0.0
22076000,0.00036223105,0.010944325,-0.030815499,-0.0053378358,0.012468424,-0.86897177,-0.11301398,0.097219765,-2.1708338,-0.0070373174,0.00605382,-0.6106817,1.589502,0.0
22180000,0.00073738745,0.010776909,-0.025148194,-0.0073113325,0.012193532,-0.9109689,-0.12108328,0.09366188,-2.5196052,-0.0077603143,0.0060028573,-0.6284641,1.5893506,0.0
22276000,0.0011363786,0.010598836,-0.03400896,-0.009168044,0.012015659,-0.9712194,-0.119681224,0.10227037,-2.928589,-0.007923762,0.006771038,-0.6493165,1.5892744,0.0
22380000,0.0014963269,0.01043817,-0.028884428,-0.008961692,0.009881413,-1.0123554,-0.12659298,0.103043586,-3.2985544,-0.008624417,0.0070200637,-0.66817945,1.589305,0.0
22476000,0.001875452,0.010268921,-0.039552275,-0.009910985,0.009216837,-1.0736805,-0.1303804,0.10378838,-3.7443705,-0.009185999,0.007312448,-0.69090974,1.5894252,0.0
22580000,0.0022137272,0.010117888,-0.03310894,-0.012156112,0.00973787,-1.1139859,-0.1433243,0.1045888,-4.11926,-0.010378376,0.007573466,-0.71002376,1.5892248,0.0
22676000,0.0025654912,0.0099608125,-0.045583863,-0.014337805,0.009901335,-1.1758972,-0.13513255,0.07473299,-4.4450707,-0.010013768,0.005537961,-0.7266355,1.5892041,0.0
22780000,0.002874657,0.009822736,-0.042704545,-0.01398402,0.0069691627,-1.2144262,-0.10039847,0.04567481,-4.6256247,-0.0075365836,0.0034286578,-0.7358412,1.5887691,0.0
22876000,0.0031903903,0.009681701,-0.06556199,-0.01324317,0.0040100385,-1.2773206,-0.030610595,-0.03320392,-4.8226175,-0.0023288922,-0.0025261955,-0.7458851,1.5888354,0.0
22972000,0.0034618312,0.009560424,-0.075127296,-0.010958111,-0.00056390534,-1.3154767,0.025363022,-0.11434801,-4.8427052,0.0019305176,-0.008703649,-0.74690926,1.5888287,0.0
23076000,0.0037314454,0.009439933,-0.11614924,-0.005762607,-0.008208483,-1.3786218,0.08580787,-0.17168306,-4.943858,0.006580217,-0.013165596,-0.7520666,1.5893656,0.0
23172000,0.0039540348,0.009340425,-0.13860403,0.0034514947,-0.018338276,-1.4154748,0.11784972,-0.21927457,-4.934413,0.00903304,-0.016807133,-0.751585,1.5902544,0.0
23276000,0.00416275,0.009247081,-0.19680241,0.0137329865,-0.030190814,-1.4778796,0.16071317,-0.26044053,-4.98557,0.012359479,-0.02002891,-0.7541933,1.5902238,0.0
23380000,0.0043224758,0.009175597,-0.23856196,0.024121163,-0.042159002,-1.5029967,0.17458144,-0.2565562,-4.6879854,0.013155843,-0.019333174,-0.7390207,1.5900753,0.0
23476000,0.0044555683,0.009115975,-0.31586692,0.034109984,-0.052493017,-1.5300088,0.19514726,-0.2560317,-4.4565287,0.0144709805,-0.018985813,-0.7272197,1.5906688,0.0
23580000,0.0045635365,0.009067624,-0.36483526,0.048016723,-0.06366544,-1.5125098,0.21925826,-0.27002546,-4.451651,0.01625416,-0.02001766,-0.72697103,1.5914079,0.0
23676000,0.004676141,0.009017196,-0.446188,0.058983345,-0.07255369,-1.5277799,0.2217285,-0.24401277,-4.523908,0.016519254,-0.018179482,-0.73065513,1.5918987,0.0
23780000,0.0047767377,0.008972144,-0.50287414,0.068914056,-0.08006535,-1.4935799,0.21048221,-0.23026797,-4.2815294,0.015416985,-0.016866215,-0.71829724,1.5925751,0.0
23876000,0.0048815478,0.008925205,-0.58973193,0.07786838,-0.08562779,-1.4867834,0.21677528,-0.2196051,-4.3826423,0.015991513,-0.016200269,-0.72345257,1.5931653,0.0
23980000,0.004973772,0.008883903,-0.6474883,0.09288224,-0.09237205,-1.4473724,0.2305399,-0.20777832,-4.3012867,0.016909394,-0.015239901,-0.71930456,1.5934206,0.0
24076000,0.0050687753,0.008841358,-0.7348323,0.1031355,-0.09622844,-1.4387788,0.21535175,-0.1883413,-4.3865433,0.015890291,-0.013897252,-0.72365147,1.5941393,0.0
24180000,0.0051522083,0.008803993,-0.7968324,0.11097994,-0.09836773,-1.3984039,0.22277407,-0.17606935,-4.295159,0.016333614,-0.0129092615,-0.7189921,1.594551,0.0
24276000,0.005238184,0.008765491,-0.8867589,0.116801165,-0.098954014,-1.387894,0.21180204,-0.17181389,-4.360708,0.015601842,-0.012656218,-0.72233427,1.5942472,0.0
24380000,0.005313478,0.008731771,-0.9508841,0.12572783,-0.099081285,-1.3462553,0.21051499,-0.1490131,-4.2586884,0.015395129,-0.010897446,-0.7171327,1.5943906,0.0
24476000,0.0053907554,0.008697163,-1.0417719,0.1302899,-0.09748489,-1.3339142,0.18178976,-0.13475664,-4.3325605,0.013363872,-0.009906337,-0.7208991,1.5943563,0.0
24580000,0.0054583517,0.008666891,-1.1078057,0.13169067,-0.09437616,-1.2913221,0.15465207,-0.11198616,-4.219044,0.011277013,-0.0081658745,-0.7151114,1.5946162,0.0
24676000,0.0055298135,0.008634887,-1.1990188,0.13193262,-0.09086747,-1.2773459,0.1418614,-0.09171844,-4.291326,0.010394603,-0.0067204805,-0.71879673,1.594754,0.0
24780000,0.005593569,0.008606333,-1.2637026,0.1378511,-0.08856726,-1.2341518,0.14443846,-0.082327455,-4.207782,0.010525359,-0.0059992755,-0.71453714,1.594918,0.0
24876000,0.005658975,0.008577043,-1.3528242,0.13928567,-0.084983066,-1.2186388,0.14151047,-0.068321146,-4.2718263,0.010359203,-0.005001416,-0.7178025,1.5946828,0.0
24980000,0.00571583,0.008551582,-1.4182237,0.13738109,-0.07983081,-1.1751333,0.117223226,-0.061154637,-4.1841555,0.008525061,-0.0044474723,-0.71333253,1.5947624,0.0
25076000,0.005773673,0.008525678,-1.5064397,0.1349335,-0.07489566,-1.1580992,0.09267574,-0.047050826,-4.250783,0.006776213,-0.0034402364,-0.71672964,1.5949966,0.0
25172000,0.0058234404,0.008503389,-1.5700198,0.13855095,-0.07195869,-1.1200935,0.12009478,-0.049670625,-4.16551,0.00872681,-0.0036093667,-0.7123819,1.5948571,0.0
25276000,0.005873415,0.008481008,-1.6556561,0.13855429,-0.06766488,-1.0955751,0.09972448,-0.039719682,-4.2168756,0.0072709336,-0.0028959708,-0.7150008,1.5969625,0.0
25372000,0.005915987,0.008461943,-1.7185174,0.1353507,-0.062999,-1.0573288,0.082378194,-0.034543917,-4.138368,0.005972655,-0.002504533,-0.71099806,1.5960792,0.0
25476000,0.0059585846,0.008442866,-1.801939,0.1307942,-0.057015307,-1.0313689,0.073567495,-0.01838943,-4.1821003,0.0053581637,-0.0013393629,-0.71322775,1.5934702,0.0
25580000,0.0059966054,0.008425839,-1.8629072,0.13176796,-0.04984803,-0.9869402,0.08336664,-0.013817493,-4.099507,0.0060281325,-0.0009991248,-0.7090167,1.5916725,0.0
25676000,0.006036039,0.00840818,-1.9426607,0.12936714,-0.04325976,-0.96545786,0.075978875,0.0058883163,-4.159859,0.005508678,0.00042691923,-0.7120938,1.5912907,0.0
25780000,0.0060704774,0.008392757,-2.0011225,0.124058165,-0.03599334,-0.9211238,0.06342109,0.007796598,-4.0647435,0.004572979,0.0005621739,-0.7072442,1.5916538,0.0
25876000,0.006105581,0.008377039,-2.077216,0.11882776,-0.029557375,-0.8982893,0.05743205,0.015235961,-4.113912,0.004156943,0.0011027819,-0.7097511,1.5919368,0.0
25980000,0.0061358423,0.008363488,-2.1327918,0.11902758,-0.022957586,-0.8541266,0.07034064,0.02792665,-4.0321193,0.0050579887,0.0020081233,-0.70558083,1.5915177,0.0
26076000,0.006166281,0.008349858,-2.204442,0.117619105,-0.017037733,-0.8299961,0.059969183,0.045947045,-4.091012,0.004333893,0.0033205317,-0.7085836,1.59126,0.0
26180000,0.0061921645,0.008338268,-2.2650738,0.120346606,-0.010513938,-0.79435027,0.086268984,0.037804335,-4.0425982,0.0062125814,0.0027224447,-0.7061151,1.5913838,0.0
26276000,0.006217809,0.008326785,-2.3391283,0.1195103,-0.0047905003,-0.75692034,0.074575044,0.049894042,-3.6338,0.0052067097,0.0034835222,-0.6852722,1.5916797,0.0
26372000,0.0062393034,0.008317159,-2.4013119,0.11607756,0.0005778416,-0.682358,0.061409816,0.062402107,-3.2806687,0.004179819,0.004247359,-0.66726756,1.5917037,0.0
26476000,0.0062602423,0.008307781,-2.458538,0.11168788,0.0058268523,-0.5644933,0.07254658,0.0622696,-3.0350056,0.0048458963,0.0041594245,-0.65474224,1.5917037,0.0
26572000,0.0062773526,0.008300119,-2.5001872,0.112657845,0.009337456,-0.46137083,0.089142755,0.06974122,-3.427636,0.0061355634,0.004800185,-0.6747608,1.5917037,0.0
26676000,0.0062934808,0.008292896,-2.5353835,0.11063519,0.012758782,-0.3803662,0.08404842,0.051899385,0.0256598,0.0059869797,0.0036969234,-0.6981684,1.5917037,0.0
26780000,0.006306525,0.008287056,-2.5612519,0.10611093,0.015651464,-0.3293728,0.057045456,0.038758747,-0.1755563,0.0041404534,0.002813174,-0.7125312,1.5917037,0.0
26876000,0.0063203042,0.008280886,-2.5847788,0.10047543,0.018096445,-0.29938,0.038971484,0.037935186,-0.2999217,0.0028668805,0.0027906469,-0.7214084,1.5917037,0.0
26972000,0.0063324654,0.00827544,-2.604351,0.09611178,0.021500349,-0.28249687,0.02605287,0.049201734,-0.26530385,0.0019120965,0.0036110594,-0.7188851,1.5917037,0.0
27076000,0.0063448395,0.008269899,-2.6244369,0.089288786,0.024609828,-0.26660597,0.018452339,0.04966358,-0.14018355,0.0013361559,0.003596199,-0.70987344,1.5917037,0.0
27180000,0.00635565,0.008265057,-2.6421692,0.08100118,0.02698605,-0.24920045,0.009487972,0.043852195,-0.07664939,0.0006852862,0.0031673054,-0.7054712,1.5917037,0.0
27276000,0.0063670184,0.008259966,-2.660554,0.07367357,0.029588606,-0.23493966,0.0002876143,0.054602813,-0.052221492,2.0636724e-05,0.0039178273,-0.70372754,1.5917037,0.0
27380000,0.0063770325,0.00825548,-2.676747,0.070901275,0.03638545,-0.21949898,0.006405729,0.06506,-0.05184008,0.000459178,0.004663657,-0.70370036,1.5917037,0.0
27476000,0.0063873446,0.008250861,-2.6934683,0.06653074,0.041238934,-0.20731875,0.009030733,0.07370894,-0.05693116,0.00064903393,0.005297421,-0.7040637,1.5917037,0.0
27572000,0.0063963737,0.008246818,-2.7081926,0.061044093,0.044933934,-0.1955365,-0.006305746,0.06805942,-0.06559411,-0.0004533968,0.00489362,-0.7046821,1.5917037,0.0
27676000,0.006405669,0.008242655,-2.7234175,0.054657456,0.047760356,-0.18383005,-0.018342778,0.05265055,-0.06305982,-0.001317388,0.0037813901,-0.7045012,1.5917037,0.0
27780000,0.0064139464,0.008238947,-2.7368186,0.051507372,0.04975967,-0.17297013,-0.003265256,0.056232646,-0.051493324,-0.000234407,0.004036843,-0.70367557,1.5917037,0.0
27876000,0.0064224913,0.008235122,-2.7506618,0.04734436,0.050777234,-0.16423135,-0.0043532364,0.05874264,-0.06592706,-0.00031301106,0.0042237756,-0.7047059,1.5917037,0.0
27972000,0.006429987,0.0082317665,-2.7628531,0.042306434,0.050931934,-0.15569894,-0.030539302,0.048038196,-0.072424375,-0.0021935327,0.0034504177,-0.7051697,1.5917037,0.0
28076000,0.0067458344,0.008536468,-2.7754827,0.04977861,0.06288619,-0.14772847,0.306212,0.38147753,-0.07486013,0.022023965,0.027437355,-0.7053435,1.5898161,-0.03630285
28172000,0.009720534,0.011279566,-2.786636,0.099995196,0.102123514,-0.14139093,0.7656357,0.51781595,-0.078642525,0.055089634,0.03725831,-0.7056135,1.5847225,-0.06981317
28276000,0.019589474,0.018119765,-2.7981446,0.19562833,0.14747849,-0.13389716,1.2594986,0.5457365,-0.043388948,0.09030067,0.039126974,-0.7030971,1.5755743,-0.10611602
28380000,0.038095087,0.027958615,-2.8082213,0.32218114,0.18920746,-0.12478572,1.7110548,0.54113334,0.015226357,0.121945724,0.038566213,-0.69891316,1.5637786,-0.13962635
28476000,0.071771815,0.04235061,-2.8185356,0.50508547,0.23533049,-0.115853146,2.2189465,0.55156386,0.076445766,0.15715374,0.039063733,-0.6945433,1.5473697,-0.17592922
28580000,0.11807403,0.058898214,-2.8274517,0.7169407,0.27757725,-0.10534761,2.6721356,0.53754866,0.14410637,0.18793462,0.037806466,-0.68971366,1.5288719,-0.20943956
28676000,0.18728389,0.080158174,-2.8364537,0.98320806,0.32243064,-0.09492236,3.184968,0.55047464,0.21450976,0.22236528,0.03843255,-0.684672,1.5052024,-0.24574243
28772000,0.2707777,0.10269079,-2.8441699,1.2551819,0.3606724,-0.08298584,3.6049924,0.57216895,0.29352564,0.24960881,0.03961684,-0.6790101,1.4800026,-0.27925274
28876000,0.3843564,0.13012776,-2.8519213,1.5703177,0.40154314,-0.069040135,3.7370706,0.6126424,0.36633015,0.25671908,0.04208564,-0.67367065,1.4490727,-0.31555557
28972000,0.5087757,0.15779607,-2.8584652,1.8709064,0.44226176,-0.055591084,3.834092,0.6539514,0.40280804,0.26228848,0.04473652,-0.67086864,1.417171,-0.34906587
29076000,0.6633776,0.19015433,-2.864945,2.1748688,0.48330736,-0.041921236,3.8631778,0.68267083,0.3787835,0.26494205,0.04681851,-0.6725538,1.3789806,-0.3853687
29172000,0.8239801,0.22223783,-2.8704236,2.4372604,0.51901764,-0.031156182,3.8506007,0.727981,0.34974784,0.26485533,0.050072614,-0.6745296,1.340377,-0.418879
29276000,1.0184176,0.25966159,-2.8758936,2.712277,0.5576586,-0.021464914,3.8406053,0.7687541,0.31030715,0.26521936,0.05308759,-0.67721456,1.2949259,-0.45518184
29372000,1.2145345,0.29627565,-2.8804803,2.9742556,0.59420633,-0.014659401,3.8729224,0.79266745,0.27884322,0.2682952,0.054911725,-0.6793518,1.2496198,-0.48869213
29476000,1.446017,0.33840892,-2.8850017,3.2366655,0.6317264,-0.00790346,3.8770766,0.8338877,0.26771444,0.2688172,0.057817616,-0.6799446,1.196908,-0.52499497
29580000,1.6782982,0.3797825,-2.888792,3.4444616,0.66190094,-0.0015811138,3.80587,0.83508664,0.27444994,0.26355833,0.057830155,-0.6791154,1.1448998,-0.5585053
29676000,1.95334,0.42785883,-2.892524,3.7091854,0.703611,0.0042571947,3.8845224,0.92263204,0.27712774,0.2688042,0.06384501,-0.67860776,1.0849276,-0.5948081
29780000,2.2261693,0.47476682,-2.8955774,3.9214053,0.7464011,0.009543575,3.8423963,1.0333061,0.26698956,0.26610586,0.0715618,-0.6791616,1.0262175,-0.6283184
29876000,2.5442777,0.52866817,-2.8984778,4.187386,0.7990057,0.014576532,3.8705,1.1197932,0.258789,0.26822105,0.077600345,-0.67958903,0.9589845,-0.66462123
29972000,2.8581736,0.5812731,-2.9007692,4.3860235,0.84584767,0.019576075,3.5542474,1.1827949,0.26251417,0.24608849,0.08189419,-0.6789918,0.8935722,-0.69813156
30076000,3.2212737,0.641892,-2.902844,4.573115,0.9007448,0.02388631,3.1966162,1.3047249,0.19754866,0.22277384,0.09092696,-0.68343025,0.822398,-0.6663582
30180000,3.5708137,0.7004104,-2.904348,4.6945443,0.9612222,0.025938164,2.8233795,1.4279897,0.12670875,0.19818875,0.10023854,-0.6883831,0.7600363,-0.63284785
30276000,3.9640188,0.7668196,-2.9055383,4.84849,1.0301124,0.027282469,2.5507846,1.4937713,0.073620275,0.18001616,0.105419725,-0.69208336,0.696108,-0.59654504
30372000,4.336734,0.83065474,-2.9062285,4.9262896,1.0887558,0.027945396,2.2190008,1.5146687,0.03578906,0.15719189,0.10729768,-0.69469374,0.6404482,-0.5630347
30476000,4.7506814,0.9029077,-2.9065373,4.9769077,1.1509211,0.027943628,1.8581824,1.5376914,-0.0007817261,0.132108,0.1093226,-0.69720626,0.58378035,-0.5267319
30572000,5.1352167,0.9716137,-2.9064183,4.9919496,1.2158337,0.025962656,1.5134833,1.5704834,-0.038337618,0.10801035,0.1120782,-0.6998551,0.53482276,-0.49322158
30676000,5.551888,1.0481163,-2.905864,4.969992,1.2743618,0.02415759,1.133723,1.4239802,-0.067439444,0.08114774,0.10192328,-0.70192415,0.48541555,-0.45691875
30780000,5.933565,1.1195745,-2.9049747,4.8808665,1.2932065,0.022292089,0.7483648,1.0158821,-0.095694385,0.053717572,0.07291996,-0.70392233,0.44315982,-0.42340845
30876000,6.4131303,1.2094973,-2.9036238,4.9084744,1.3163967,0.016399905,0.92813915,1.0133566,-0.17376459,0.06715637,0.07332235,-0.7095696,0.40101305,-0.3871056
30980000,6.8350067,1.2886038,-2.9024415,4.840791,1.3280588,0.010410614,0.9358467,0.9934042,-0.15508176,0.06758727,0.0717441,-0.7082401,0.36545935,-0.35359532
31076000,7.3113785,1.3779291,-2.9011066,4.8665047,1.3447123,0.006557542,1.1266268,0.97416776,-0.1284063,0.08114893,0.07016758,-0.7063564,0.33057317,-0.31729248
31172000,7.7477756,1.4597582,-2.8998837,4.8602595,1.3463633,0.0037520528,1.2285906,0.9119536,-0.10527462,0.08829436,0.0655388,-0.7047689,0.30172154,-0.28378218
31276000,8.241298,1.552299,-2.8985007,4.876375,1.3453498,0.0018697567,1.3464417,0.8581843,-0.07431783,0.09646301,0.061482824,-0.7025759,0.2740959,-0.24747935
31380000,8.678083,1.634201,-2.8972764,4.8287406,1.33344,-0.0012089368,1.3064245,0.79758245,-0.08389186,0.09370252,0.05720613,-0.70337576,0.25194636,-0.213969
31476000,9.172022,1.7268198,-2.8958914,4.878248,1.3320577,-0.0026926314,1.4436785,0.7546133,-0.07311688,0.10344158,0.054069094,-0.70266145,0.23158135,-0.17766614
31572000,9.610216,1.8089862,-2.894663,4.880327,1.3153355,-0.00378366,1.4853736,0.68805397,-0.084391266,0.10657181,0.049366135,-0.70360136,0.21613388,-0.1441558
31676000,10.08968,1.8988906,-2.8933194,4.8903294,1.2938983,-0.0048508365,1.552159,0.6312579,-0.080777764,0.11133862,0.04528105,-0.7034442,0.20302944,-0.10785294
31772000,10.516682,1.9789584,-2.8921227,4.8812337,1.2714485,-0.0063397735,1.561548,0.57806826,-0.08291526,0.11205154,0.041480273,-0.7036914,0.19428404,-0.07434262
31876000,10.999863,2.0695596,-2.8907685,4.895823,1.2471726,-0.007091228,1.6046929,0.52943647,-0.06760143,0.11497564,0.037933923,-0.7026432,0.18844017,-0.038039774
31972000,11.433154,2.1508067,-2.8895543,4.9005957,1.2198181,-0.0072197504,1.6406672,0.46675584,-0.064766295,0.11753066,0.033436473,-0.7025082,0.18639684,-0.004529454
32076000,11.921047,2.2422917,-2.8881874,4.924754,1.1914369,-0.0073482087,1.6950369,0.40443495,-0.06652595,0.12146458,0.028981386,-0.7027328,0.18781354,0.031773396
32180000,12.361779,2.3249338,-2.886952,4.899768,1.1534212,-0.008432051,1.6438304,0.3418199,-0.06238371,0.11775487,0.024486078,-0.702494,0.18947212,0.0005613249
32276000,12.842125,2.4150038,-2.8856058,4.9487824,1.1306015,-0.008581327,1.7233356,0.30976352,-0.06217498,0.12345983,0.02219147,-0.7025485,0.18859889,-0.0035104984
32380000,13.27897,2.4969168,-2.8843815,4.923789,1.0908089,-0.0086998055,1.6980834,0.2635018,-0.05430872,0.12156266,0.018863607,-0.70203876,0.18811078,-0.0036591084
32476000,13.74946,2.5851386,-2.8830628,4.9642687,1.0660411,-0.008510254,1.7584383,0.2396457,-0.055155613,0.1259065,0.017158948,-0.7021695,0.1875679,-0.0030776695
32580000,14.191528,2.668031,-2.881824,4.9387736,1.0259005,-0.00916352,1.7041,0.17526051,-0.05323252,0.121998325,0.012547087,-0.7020684,0.18706496,-0.0038456249
32676000,14.679031,2.7594433,-2.880458,4.991973,1.0044723,-0.008957262,1.7917837,0.17523941,-0.053087547,0.12828436,0.012546422,-0.7021173,0.18651664,-0.002945818
32780000,15.133242,2.844613,-2.879185,4.9795866,0.97039247,-0.008324923,1.7614542,0.16768768,-0.05600258,0.1261661,0.012010815,-0.7024124,0.18604723,-0.003389447
32876000,15.627511,2.9372935,-2.8777993,5.039161,0.95430356,-0.0072750114,1.8519932,0.16282946,-0.04268894,0.1324796,0.011647764,-0.7015046,0.18555886,-0.002399447
32972000,16.078941,3.0219407,-2.8765345,5.0574775,0.9310349,-0.0062848544,1.8868445,0.148217,-0.036307614,0.13489497,0.010596382,-0.70109946,0.1851217,-0.0030772097
33076000,16.564924,3.1130672,-2.8751724,5.073541,0.90794337,-0.005014292,1.8906566,0.13725403,-0.027452607,0.1350539,0.009804366,-0.700512,0.18467231,-0.0017694961
33172000,17.007736,3.1960983,-2.8739316,5.081739,0.88788813,-0.0037735207,1.8901,0.1146797,-0.030143227,0.13506351,0.008194827,-0.7007666,0.18430729,-0.0025390226
33276000,17.485231,3.2856333,-2.8725932,5.087074,0.86814517,-0.0025571026,1.8631014,0.12970766,-0.038301796,0.13325976,0.009277441,-0.7014284,0.18393645,-0.00087024504
33372000,17.921953,3.3675232,-2.8713694,5.086669,0.85168713,-0.0016079526,1.8627948,0.13325082,-0.055721886,0.13349381,0.009549179,-0.7027754,0.1836495,-0.0021060612
33476000,18.39426,3.456086,-2.8700461,5.0838804,0.836388,-0.00077298004,1.845792,0.1403863,-0.039635826,0.13206306,0.010044384,-0.7016477,0.18337171,0.0
33580000,18.827831,3.5373847,-2.8688312,5.042518,0.8166415,0.00068617985,1.768121,0.13672863,-0.0311001,0.12640058,0.009774544,-0.7010639,0.18316306,-0.0011743733
33676000,19.29769,3.6254883,-2.8675141,5.069597,0.812577,0.002155804,1.8226236,0.15520021,-0.026417404,0.1302409,0.011090284,-0.70076287,0.18296723,0.0
33780000,19.72984,3.7065213,-2.866303,5.026131,0.7959409,0.0037026508,1.7416414,0.14938323,-0.024802849,0.12443965,0.010673378,-0.70068324,0.18280767,-0.00015754392
33876000,20.19831,3.7943642,-2.86499,5.050855,0.7950008,0.0051682135,1.7726401,0.1780189,-0.021534247,0.12661739,0.012715658,-0.70047694,0.18267383,0.0
33980000,20.63007,3.875323,-2.86378,5.0041766,0.7823709,0.0061645694,1.6886495,0.17278737,-0.028004482,0.12070632,0.01235101,-0.7009868,0.18258488,0.0
34076000,21.098501,3.963159,-2.8624675,5.026671,0.7845156,0.0071413945,1.7495501,0.18589753,-0.025187338,0.12502691,0.013284667,-0.7008075,0.1825179,0.0
34180000,21.530777,4.0442147,-2.8612564,4.9803963,0.7752103,0.0079559,1.6821158,0.19655955,-0.037164196,0.12036271,0.014064692,-0.7017074,0.18248178,0.0
34276000,22.009304,4.133943,-2.8599157,5.0126786,0.7821963,0.008442047,1.7570883,0.23355496,-0.042976797,0.1258125,0.016723197,-0.7021856,0.18247128,0.0
34372000,22.45188,4.216931,-2.8586757,5.0102053,0.78372663,0.008644532,1.7517371,0.22221231,-0.03656732,0.12535262,0.0159013,-0.70175505,0.18248409,0.0
34476000,22.940643,4.308578,-2.8573062,5.0154276,0.7873695,0.009098494,1.7698708,0.24650268,-0.032912232,0.12661022,0.017633919,-0.70153207,0.18251035,0.0
34580000,23.383972,4.3917084,-2.8560636,4.9755692,0.78156346,0.009822357,1.7092654,0.24235846,-0.031409487,0.122263305,0.017335838,-0.7014674,0.18251364,0.0
34676000,23.87328,4.4834585,-2.8546925,5.0147643,0.791509,0.010674729,1.7874025,0.26787123,-0.019518431,0.12769774,0.019137576,-0.7006182,0.18253827,0.0
34780000,24.317514,4.5667562,-2.8534472,4.9755692,0.78776187,0.011004437,1.7178372,0.24874845,-0.020687765,0.122748196,0.01777434,-0.7007346,0.18257734,0.0
34876000,24.807743,4.658679,-2.8520737,5.0147533,0.79895365,0.01164558,1.7740353,0.28638622,-0.012855316,0.12666354,0.02044756,-0.7001789,0.18262985,0.0
34980000,25.253391,4.742242,-2.8508246,4.9740434,0.79630816,0.012681066,1.7049901,0.2740068,-0.01697649,0.12179066,0.019572824,-0.7005069,0.1826945,0.0
35076000,25.744936,4.834411,-2.8494468,5.0125575,0.8083516,0.01335702,1.7849896,0.2913996,-0.025656734,0.12762597,0.020834943,-0.7011704,0.1827719,0.0
35172000,26.192362,4.918308,-2.8481936,5.0090365,0.812768,0.013542042,1.781084,0.29900494,-0.03280036,0.12744711,0.021395579,-0.7017232,0.18284896,0.0
35276000,26.67791,5.0093527,-2.8468335,5.005909,0.8182175,0.013803654,1.7816021,0.3012238,-0.019136885,0.12730691,0.021524375,-0.7007482,0.1829417,0.0
35380000,27.12771,5.0936947,-2.8455725,4.9693255,0.8191571,0.014637436,1.7179126,0.3005937,-0.018288545,0.12274981,0.021478288,-0.70071304,0.18306649,0.0
35476000,27.616146,5.18528,-2.8442035,5.004586,0.83235556,0.015121442,1.7753823,0.31071854,-0.025407044,0.12695505,0.022219038,-0.70126003,0.18319085,0.0
35572000,28.068308,5.2700663,-2.8429363,5.0047235,0.83854485,0.015259453,1.7735186,0.32344076,-0.02932023,0.12687735,0.023138922,-0.7015656,0.18329848,0.0
35676000,28.559181,5.3621087,-2.8415604,5.004985,0.84567195,0.014895897,1.7746416,0.34183773,-0.022141874,0.126866,0.024437377,-0.7010617,0.18341944,0.0
35780000,29.008467,5.4463544,-2.8403013,4.9646688,0.84738976,0.01377462,1.72396,0.33992463,-0.036804073,0.123434655,0.024338428,-0.7021515,0.18358254,0.00037794583
35876000,29.502722,5.539032,-2.8389158,5.00303,0.8622395,0.012779711,1.794273,0.3593381,-0.041771803,0.12854138,0.02574291,-0.702545,0.18374202,0.0
35980000,29.955564,5.6239443,-2.8376462,4.9655924,0.8624705,0.011943525,1.7180007,0.3513708,-0.031932473,0.122955985,0.02514734,-0.70185447,0.18387213,0.0
36076000,30.448347,5.716347,-2.8362648,5.0014586,0.8756504,0.01161593,1.7784779,0.38208017,-0.039279982,0.12738556,0.02736694,-0.7024114,0.18400249,0.0
36172000,30.90432,5.801845,-2.834987,5.0018125,0.88380396,0.010757632,1.796862,0.3810676,-0.03991332,0.12871458,0.027297009,-0.70247936,0.18416771,0.0003674694
36276000,31.400667,5.894916,-2.8335955,5.004412,0.8916716,0.010195865,1.7878251,0.38738993,-0.03497661,0.12800618,0.027736662,-0.70214415,0.18431951,0.0
36380000,31.858994,5.9808555,-2.8323114,4.970206,0.891539,0.009832067,1.7253287,0.38177514,-0.043418385,0.12364428,0.027359607,-0.70278406,0.18444046,0.0
36476000,32.35738,6.0743074,-2.8309147,5.00968,0.9037318,0.009733435,1.7989137,0.39925346,-0.029531868,0.12873617,0.02857189,-0.7017963,0.18455029,0.0
36580000,32.816574,6.1604114,-2.8296282,4.975245,0.9016214,0.009890827,1.7369564,0.39470226,-0.028152948,0.1242898,0.02824335,-0.70172435,0.18463439,0.0
36676000,33.315643,6.2539935,-2.8282294,5.014677,0.91252583,0.010282586,1.8277223,0.39470455,-0.016627861,0.13063028,0.028210178,-0.70089823,0.18471554,0.0
36780000,33.774807,6.34009,-2.8269427,4.9800034,0.9088425,0.010714888,1.7678115,0.36806872,-0.017397663,0.12636328,0.026309576,-0.7009784,0.18477167,0.0
36876000,34.27367,6.4336333,-2.8255436,5.0184426,0.917575,0.011534006,1.8279505,0.37116408,-0.014987599,0.13063349,0.026525041,-0.70082706,0.184809,0.0
36972000,34.732716,6.51971,-2.8242574,5.016337,0.9170425,0.012972845,1.8278799,0.35779768,-0.012258442,0.1305965,0.025563566,-0.7006566,0.18480054,0.0
37076000,35.23193,6.613319,-2.8228579,5.0161157,0.9163891,0.014158714,1.8188007,0.35137993,-0.006962629,0.1298792,0.025091778,-0.70028436,0.18477978,0.0
37172000,35.691334,6.6994605,-2.82157,5.014369,0.91537005,0.014988864,1.8105618,0.3469788,-0.013647981,0.12938337,0.024795227,-0.70078826,0.18475707,0.0
37276000,36.190804,6.793118,-2.8201702,5.01392,0.91480005,0.015717268,1.8167918,0.3442099,-0.01512943,0.1298521,0.024601819,-0.70091337,0.1847324,0.0
37380000,36.650692,6.8793516,-2.8188815,4.9754877,0.9093706,0.015876811,1.7486851,0.33035547,-0.021457441,0.12506948,0.02362769,-0.70139194,0.18476811,0.0
37476000,37.150932,6.9731536,-2.8174798,5.0118723,0.91725516,0.016057838,1.8170066,0.3488853,-0.017286161,0.12990238,0.02494269,-0.7011028,0.18479082,0.0
37572000,37.611416,7.0594997,-2.8161902,5.010466,0.9176978,0.016248886,1.8062478,0.34806216,-0.011891663,0.12906201,0.024870122,-0.7007163,0.18480316,0.0
37676000,38.112183,7.153398,-2.8147862,5.0102487,0.91797453,0.01640177,1.8139619,0.3520987,-0.018305382,0.12970152,0.025175687,-0.7011929,0.18480639,0.0
37780000,38.573112,7.239825,-2.8134942,4.971487,0.9098529,0.016472962,1.747242,0.32544112,-0.008025315,0.124798596,0.023244975,-0.7004509,0.18478076,0.0
37876000,39.074226,7.3337884,-2.8120892,5.00744,0.9157187,0.01668777,1.7975335,0.3288302,-0.0049601644,0.12835084,0.023479745,-0.7002321,0.184748,0.0
37980000,39.535477,7.4202776,-2.8107963,4.9686203,0.9072676,0.01648535,1.7406688,0.31493512,-0.023766516,0.12453538,0.022531897,-0.70161194,0.18471229,0.0
38076000,40.036797,7.51428,-2.809392,5.0036387,0.9129309,0.016119651,1.8062028,0.33362538,-0.032436527,0.12934288,0.023891043,-0.7022595,0.18467562,0.0
38180000,40.498764,7.600904,-2.8080962,4.9608717,0.9043139,0.015798012,1.7198594,0.32719678,-0.017951664,0.12297817,0.023396134,-0.7012222,0.18465127,0.0
38276000,41.001026,7.6950846,-2.806688,4.9942307,0.91020703,0.015558102,1.7962923,0.33716202,-0.032528024,0.12864108,0.024145784,-0.7023007,0.18462984,0.0
38380000,41.465492,7.782177,-2.805386,4.9552,0.9028159,0.015090037,1.7159733,0.33050779,-0.032473058,0.122891456,0.023669707,-0.70231324,0.18461749,0.0
38476000,41.97277,7.8772964,-2.8039646,4.993368,0.9094252,0.015107711,1.8032942,0.33053097,-0.01921198,0.12896931,0.023639154,-0.7013581,0.18459867,0.0
38580000,42.43889,7.9646997,-2.8026576,4.9524684,0.89894,0.014827819,1.7203925,0.31182098,-0.027302861,0.12314357,0.02231976,-0.7019489,0.18451098,0.0
38676000,42.946255,8.059835,-2.8012357,4.9890847,0.90383154,0.014571234,1.7835485,0.31795475,-0.026419243,0.12765177,0.022756591,-0.7018796,0.1844343,0.0
38772000,43.412422,8.147247,-2.7999299,4.9872875,0.90200603,0.014717437,1.7744168,0.3151995,-0.012077894,0.1268111,0.022526158,-0.70084655,0.18437609,0.0
38876000,43.919743,8.242377,-2.7985084,4.987294,0.9001004,0.014979336,1.7835101,0.32901362,-0.013522843,0.12748127,0.02351715,-0.7009574,0.18431367,0.0
38972000,44.38578,8.329768,-2.797202,4.9828806,0.8947166,0.016072057,1.7770162,0.3085787,-0.012606394,0.12700644,0.022054655,-0.70089984,0.18415558,-0.00017563067
39076000,44.89294,8.42487,-2.7957804,4.9814744,0.8910016,0.016974874,1.7921927,0.31366092,-0.0033131205,0.1279691,0.022396535,-0.7002312,0.18402627,0.0
39180000,45.358692,8.5122,-2.794475,4.94189,0.8815203,0.017547796,1.7151365,0.30567384,0.0013824869,0.1224074,0.021815602,-0.69989073,0.18394221,0.0
39276000,45.865707,8.607271,-2.7930539,4.978746,0.8872174,0.017778859,1.7782799,0.3102254,-0.0058457274,0.127009,0.022157041,-0.7004125,0.18387997,0.0
39380000,46.331303,8.694577,-2.7917495,4.9377584,0.87763727,0.016855575,1.7118192,0.305315,-0.012629585,0.122346066,0.021821283,-0.7008961,0.18379551,0.0
39476000,46.838238,8.789634,-2.7903283,4.9741507,0.8837115,0.01644569,1.7842959,0.3135984,-0.029348686,0.12774442,0.022451684,-0.7020949,0.18373974,0.0
39572000,47.3038,8.876932,-2.789023,4.971875,0.88331944,0.015736843,1.7838391,0.31520867,-0.029639065,0.12771505,0.022567557,-0.70211166,0.18371429,0.0
39676000,47.8108,8.972,-2.7876017,4.9712877,0.8834534,0.014930239,1.7833233,0.33047006,-0.022735883,0.12758845,0.023643589,-0.70161813,0.18370287,0.0
39780000,48.27629,9.05942,-2.7863054,4.9209104,0.8790032,0.01348817,1.4553498,0.52183807,-0.032508604,0.104226254,0.037371926,-0.70231354,0.18479997,0.027925268
39876000,48.7807,9.157012,-2.78495,4.908617,0.93069607,0.012298181,1.0578637,1.0222812,-0.031323258,0.07574853,0.07320064,-0.70220816,0.18959196,0.06422812
39972000,49.244152,9.253797,-2.7837465,4.824449,1.0169257,0.010783865,0.5931542,1.493379,-0.04886155,0.042550325,0.10712857,-0.70348525,0.19736634,0.09773844
40076000,49.735542,9.369337,-2.782506,4.6849895,1.1588786,0.009622276,0.05569172,2.0085464,-0.03773566,0.003990581,0.14392205,-0.7026936,0.2094189,0.1340413
40180000,50.175472,9.4895935,-2.7814193,4.4711175,1.320686,0.009757774,-0.49447894,2.2664864,0.016475739,-0.035235766,0.16150613,-0.6988055,0.22389534,0.16755164
40276000,50.63306,9.636887,-2.7803051,4.2669225,1.5264101,0.011579422,-0.98432267,2.3587608,0.0772123,-0.069704145,0.16703404,-0.6944513,0.24320848,0.2038545
40380000,51.034103,9.788657,-2.7793357,3.9669232,1.7016932,0.014005848,-1.5014935,2.3574781,0.123472825,-0.105820276,0.16614722,-0.6911403,0.26438698,0.23736484
40476000,51.441242,9.9702,-2.7783492,3.6606555,1.916643,0.016277056,-2.0029383,2.4509616,0.15745662,-0.1406649,0.17212926,-0.6887143,0.29096064,0.2736677
40580000,51.788803,10.1535845,-2.777497,3.2759898,2.1039839,0.017851293,-2.1680248,2.5205648,0.20364675,-0.15152252,0.17616142,-0.68538314,0.31884116,0.307178
40676000,52.134132,10.369375,-2.7766383,2.9285653,2.3294475,0.019808851,-2.2407174,2.6607594,0.19744693,-0.15670678,0.18608283,-0.6858378,0.3526754,0.34348083
40772000,52.42409,10.584374,-2.7759047,2.5833607,2.5252502,0.021292454,-2.29317,2.7506883,0.17678124,-0.16072576,0.19279273,-0.6873375,0.38725802,0.37699112
40876000,52.70702,10.8344145,-2.7751741,2.2092311,2.7382164,0.022660919,-2.3801103,2.8615532,0.19649872,-0.16646701,0.20013952,-0.68588567,0.4283528,0.41329396
40980000,52.93938,11.081028,-2.7745597,1.820615,2.9260716,0.023656076,-2.5110526,2.9183035,0.23244932,-0.17494982,0.20332377,-0.6832481,0.4696375,0.44680426
41076000,53.15991,11.365316,-2.7739592,1.4605429,3.160634,0.02559302,-2.6285713,3.0801492,0.28319687,-0.18214077,0.2134318,-0.6795291,0.5179929,0.4831071
41180000,53.32514,11.62674,-2.7734919,1.1071427,3.3147962,0.028212437,-2.6907034,3.048644,0.3215006,-0.18566722,0.21036626,-0.6766904,0.5659798,0.5166174
41276000,53.455124,11.878238,-2.7731082,0.79033756,3.4502995,0.03106817,-2.7276022,3.0641594,0.34221002,-0.18777,0.21093883,-0.6750964,0.62159586,0.5529202
41372000,53.556736,12.120134,-2.7727926,0.47323978,3.5580156,0.033864554,-2.8018632,3.0254273,0.33553332,-0.19299093,0.2083899,-0.6754769,0.6762848,0.58643055
41476000,53.643612,12.381099,-2.7725043,0.16133273,3.649512,0.036065012,-2.8139281,2.96028,0.3205176,-0.19410054,0.20419566,-0.6764479,0.73916143,0.62273335
41580000,53.707546,12.633185,-2.7722716,-0.114813626,3.7063107,0.03757184,-2.7653499,2.8492947,0.29631072,-0.19121042,0.19701476,-0.6780815,0.8005525,0.6562437
41676000,53.757114,12.907267,-2.7720644,-0.37886053,3.8000822,0.037472237,-2.7616255,2.8461041,0.24411482,-0.19198464,0.1978575,-0.6817455,0.87068975,0.6925465
41780000,53.78337,13.1283045,-2.7719288,-0.6031555,3.7792137,0.035453815,-2.659856,2.6216218,0.21244292,-0.18550183,0.18283531,-0.6839286,0.9387828,0.7260568
41876000,53.802017,13.46071,-2.7717729,-0.87980366,3.923372,0.033278726,-2.7252162,2.7445598,0.20176575,-0.1902439,0.19159424,-0.68458956,1.0161805,0.7623596
41972000,53.800087,13.740451,-2.771683,-1.1098932,3.980612,0.030346865,-2.7143385,2.720809,0.18943635,-0.18970516,0.19015738,-0.68538684,1.0909755,0.79586995
42076000,53.77683,14.094445,-2.7716172,-1.3727442,4.0980887,0.0280177,-2.7066586,2.8116226,0.20529114,-0.1888262,0.19614887,-0.68414706,1.1738155,0.78243023
42172000,53.743217,14.375814,-2.7716002,-1.5552584,4.1321964,0.026529681,-2.61631,2.6601415,0.21543694,-0.18230547,0.18535967,-0.68333083,1.2474446,0.7510416
42276000,53.67884,14.753197,-2.7716224,-1.7951266,4.2310143,0.024561005,-2.6483486,2.3749528,0.18034108,-0.1851879,0.16607046,-0.6857378,1.3237929,0.7167496
42372000,53.6083,15.071289,-2.771679,-1.9833379,4.2500944,0.020763353,-2.6205184,2.0416656,0.13452463,-0.18409307,0.14342827,-0.6889232,1.3910973,0.68501836
42476000,53.501015,15.46668,-2.771795,-2.2025743,4.29608,0.016337493,-2.3146002,1.7382178,0.08062873,-0.16348836,0.12277645,-0.69267726,1.4605533,0.6502939
42572000,53.395638,15.799255,-2.7719316,-2.342237,4.275258,0.011527596,-2.0014763,1.4305931,0.00544437,-0.14245546,0.101822756,-0.6979904,1.5214404,0.61790484
42676000,53.25022,16.2052,-2.7721467,-2.4977257,4.2690077,0.0047272835,-1.6726353,1.1556177,-0.07847002,-0.12006587,0.08295307,-0.703945,1.58387,0.5824355
42780000,53.102497,16.576937,-2.7723916,-2.5927248,4.21332,-0.0043767905,-1.3375921,1.1348191,-0.13960493,-0.096607596,0.08196232,-0.708285,1.6382064,0.549408
42876000,52.92559,16.987474,-2.7727163,-2.703078,4.2284713,-0.012161426,-1.056462,1.2761413,-0.14218262,-0.07631801,0.09218746,-0.7084243,1.6934674,0.51322204
42980000,52.75254,17.364906,-2.7730658,-2.7423823,4.18788,-0.019072965,-0.7268461,1.3170832,-0.12649065,-0.052421648,0.09499077,-0.7072759,1.7411282,0.4797117
43076000,52.540936,17.805504,-2.7735372,-2.808619,4.239064,-0.02529712,-0.43084168,1.4620596,-0.12931155,-0.031081798,0.10547597,-0.707472,1.7891306,0.44340888
43180000,52.352158,18.186726,-2.7740011,-2.7788043,4.201294,-0.035274543,-0.0728645,1.4236338,-0.14608622,-0.005265486,0.10287759,-0.7086699,1.8300893,0.40989858
43276000,52.129868,18.629002,-2.7746046,-2.772529,4.2579103,-0.042212974,0.19023252,1.6493936,-0.13145898,0.013726938,0.11901814,-0.7076344,1.8708309,0.37359574
43372000,51.944504,18.996994,-2.7751262,-2.7204876,4.2545967,-0.0459546,0.15877795,1.6649061,-0.09637472,0.011416609,0.11971174,-0.7051258,1.9050875,0.34008545
43476000,51.71974,19.443172,-2.775759,-2.6885865,4.296517,-0.049303558,0.06527204,1.69794,-0.07994479,0.0046855304,0.121886015,-0.70396566,1.9385686,0.3037826
43572000,51.520943,19.83784,-2.7763183,-2.6385171,4.3132033,-0.056698833,0.029878177,1.7114716,-0.10688585,0.0021507128,0.12319639,-0.7059102,1.9661232,0.2702723
43676000,51.30186,20.272743,-2.7769349,-2.600782,4.3392754,-0.061984614,-0.045864567,1.7173504,-0.104672745,-0.0033007506,0.12359312,-0.70575994,1.9923439,0.23396946
43780000,51.106033,20.661488,-2.7774858,-2.5528975,4.3213987,-0.06451929,-0.07287752,1.6685078,-0.08593929,-0.0052349158,0.119851746,-0.7044302,2.0131962,0.20045912
43876000,50.884403,21.101454,-2.7781093,-2.552539,4.3813863,-0.065753266,-0.18346532,1.7357585,-0.07710731,-0.013167126,0.12457369,-0.7038134,2.032156,0.16415626
43972000,50.684994,21.497297,-2.7786705,-2.5204716,4.3986974,-0.06961046,-0.17918101,1.752608,-0.10049127,-0.012890802,0.1260877,-0.7055187,2.0463064,0.13064592
44076000,50.467888,21.928293,-2.7792814,-2.4986398,4.418276,-0.07119788,-0.22689301,1.7724304,-0.08821845,-0.016303489,0.1273587,-0.7046589,2.0580056,0.094343066
44172000,50.272007,22.317137,-2.7798324,-2.483677,4.426455,-0.07074189,-0.301549,1.7595288,-0.066935666,-0.021621514,0.12616086,-0.7031509,2.065454,0.060832746
44276000,50.05911,22.73977,-2.780432,-2.473855,4.4340305,-0.06929704,-0.34859425,1.7540692,-0.05329868,-0.02496076,0.12559846,-0.7021942,2.069893,0.024529899
44380000,49.86084,23.133352,-2.78099,-2.4423332,4.4079885,-0.070862025,-0.32988843,1.6676487,-0.07304679,-0.023669874,0.119655706,-0.7036379,2.0706394,-0.008980423
44476000,49.645428,23.560978,-2.7815957,-2.452514,4.444423,-0.071071245,-0.40321422,1.7295454,-0.07633017,-0.028941933,0.12414339,-0.7039018,2.0678174,-0.045283273
44580000,49.44591,23.95705,-2.7821572,-2.4390762,4.4191175,-0.069679804,-0.45254597,1.6659906,-0.07473629,-0.0324794,0.119568795,-0.70382696,2.0618618,-0.07879359
44676000,49.235832,24.37408,-2.782748,-2.4556131,4.4426384,-0.06782943,-0.5382135,1.6847962,-0.052020863,-0.038539376,0.12064171,-0.7022158,2.0547185,-0.051032655
44772000,49.036858,24.769089,-2.783308,-2.4586601,4.4400077,-0.06680271,-0.56871355,1.6557804,-0.053311057,-0.040729996,0.118583314,-0.7023314,2.0514276,-0.017522335
44876000,48.82228,25.195047,-2.783912,-2.467237,4.4351573,-0.064293854,-0.6168316,1.6323545,-0.06059832,-0.04421076,0.1169973,-0.70288223,2.051493,0.018780513
44980000,48.6249,25.586857,-2.7844675,-2.4639475,4.397464,-0.06118733,-0.6401279,1.5531127,-0.05147411,-0.04584033,0.11122027,-0.7022655,2.0542345,0.025165401
45076000,48.41281,26.007875,-2.7850645,-2.4912934,4.417265,-0.058061283,-0.70014983,1.5900103,-0.03378699,-0.050049335,0.1136599,-0.70101607,2.056648,0.01959798
45172000,48.21096,26.408573,-2.7856324,-2.5066984,4.4116125,-0.056248926,-0.7313608,1.5739198,-0.044251822,-0.052338492,0.11263467,-0.70179355,2.058721,0.02059107
45276000,47.99458,26.838118,-2.7862425,-2.5230803,4.402742,-0.05380734,-0.7680473,1.5484446,-0.04377726,-0.054963097,0.11080999,-0.70178384,2.061167,0.022756092
45380000,47.795013,27.234516,-2.7868047,-2.515281,4.3522835,-0.05089299,-0.56288326,1.1771137,-0.04539924,-0.04028895,0.084253125,-0.7019223,2.0636315,0.025078077
45476000,47.583294,27.655796,-2.7874007,-2.518583,4.322043,-0.04812891,-0.4578063,0.766213,-0.084900126,-0.032901973,0.05506678,-0.70479125,2.0665529,0.02765985
45572000,47.389965,28.040102,-2.787946,-2.4989302,4.224425,-0.04541953,-0.3817342,0.28054023,-0.10484068,-0.02749122,0.02020357,-0.70625144,2.069629,0.03237002
45676000,47.177616,28.460085,-2.788546,-2.4716089,4.088267,-0.043221995,-0.2941165,-0.19397509,-0.13446496,-0.021247067,-0.014012821,-0.70843655,2.0733433,0.035087198
45772000,46.987373,28.833082,-2.7890847,-2.4348192,3.937107,-0.0415035,-0.21062827,-0.25439322,-0.1341574,-0.015216165,-0.018377822,-0.70847225,2.0769567,0.036556743
45876000,46.779854,29.236948,-2.789674,-2.3903391,3.778513,-0.0397432,-0.15218598,-0.26248825,-0.11510153,-0.010973845,-0.018927533,-0.70715535,2.0809958,0.037785746
45980000,46.5881,29.608286,-2.790221,-2.3348231,3.600726,-0.038270224,-0.12456983,-0.29174018,-0.10232641,-0.00897174,-0.021011643,-0.70628107,2.0851145,0.043455016
46076000,46.38739,29.99587,-2.7907953,-2.2955484,3.4750004,-0.036586504,-0.124162376,-0.22760344,-0.09417248,-0.0089352485,-0.016379302,-0.7057436,2.0899098,0.044543356
46180000,46.20882,30.34023,-2.7913089,-2.2293463,3.3094993,-0.03442104,-0.079191566,-0.25886047,-0.081604704,-0.005692036,-0.01860606,-0.70488775,2.094327,0.04379602
46276000,46.029594,30.685783,-2.791826,-2.1759062,3.1800935,-0.032550815,-0.083804965,-0.25709116,-0.09587319,-0.0060324348,-0.018505892,-0.70597225,2.0989935,0.04269886
46380000,45.864426,31.004377,-2.7923038,-2.1013484,3.006331,-0.03217109,-0.048440218,-0.34375536,-0.10513452,-0.003490726,-0.024771892,-0.7066978,2.1035047,0.046979994
46476000,45.692913,31.335669,-2.7928011,-2.0436447,2.8794887,-0.031335223,-0.034181893,-0.34837592,-0.097775444,-0.0024615698,-0.025087891,-0.70621556,2.108644,0.047731757
46580000,45.541443,31.628916,-2.7932415,-1.964854,2.720686,-0.03009098,0.008532107,-0.38362265,-0.094157785,0.0006142396,-0.027617592,-0.7060078,2.1133785,0.047252484
46676000,45.384773,31.933289,-2.793698,-1.9015983,2.6008651,-0.028816339,0.036894977,-0.3704114,-0.103492536,0.002658851,-0.026693843,-0.70673674,2.1184275,0.04683688
46772000,45.247005,32.202206,-2.7941003,-1.8319329,2.4623892,-0.026734527,0.056769192,-0.42503238,-0.11061302,0.0040946407,-0.030656677,-0.707307,2.1234884,0.053992674
46876000,45.10518,32.48081,-2.7945137,-1.7533369,2.3201087,-0.024855766,0.101652086,-0.42904496,-0.121391386,0.007340638,-0.030982774,-0.708156,2.129437,0.05607431
46972000,44.98111,32.72653,-2.7948756,-1.678174,2.1955154,-0.023215648,0.1285646,-0.4349228,-0.11651367,0.009280188,-0.03139407,-0.70786643,2.1349914,0.0560088
47076000,44.85413,32.980614,-2.7952454,-1.5947798,2.0648534,-0.021413999,0.17509562,-0.44670677,-0.10874073,0.012629955,-0.032221746,-0.70737153,2.1409783,0.056090128
47180000,44.743763,33.20429,-2.795567,-1.5090458,1.9227858,-0.019825121,0.20220983,-0.4891138,-0.1112687,0.014591019,-0.035293378,-0.7076226,2.1469545,0.06403911
47276000,44.63158,33.435154,-2.7958934,-1.4347484,1.8148226,-0.018559914,0.17330253,-0.49281645,-0.10317476,0.012495841,-0.035534136,-0.7070967,2.1540215,0.067723244
47380000,44.534172,33.63803,-2.7961745,-1.3578233,1.6881945,-0.016808435,0.07471833,-0.4865396,-0.08604105,0.0053783963,-0.035022236,-0.70591265,2.1607852,0.069519915
47476000,44.43434,33.84706,-2.7964573,-1.2990719,1.5904683,-0.015285973,0.088826716,-0.46968073,-0.09148126,0.006398023,-0.03383023,-0.70635396,2.1682673,0.07126925
47580000,44.346954,34.03041,-2.7966983,-1.2390652,1.471592,-0.014745662,0.047946095,-0.475838,-0.10027789,0.003456805,-0.034306843,-0.70703703,2.1757493,0.08029543
47676000,44.257008,34.21899,-2.7969375,-1.1904058,1.3804659,-0.014369755,0.0081422925,-0.4692576,-0.099418595,0.0005870088,-0.03383056,-0.70702356,2.1845498,0.08467385
47780000,44.17791,34.384125,-2.797138,-1.1340255,1.2751147,-0.01381943,0.06164378,-0.47448614,-0.1081594,0.00444845,-0.03424073,-0.70769954,2.192934,0.08618515
47876000,44.096313,34.5537,-2.7973332,-1.0875825,1.1934597,-0.013308101,0.08084297,-0.44439316,-0.109688774,0.0058353306,-0.03207676,-0.7078296,2.2020874,0.08657281
47980000,44.024776,34.701958,-2.7975032,-1.037805,1.1000462,-0.012646013,0.094008,-0.42541993,-0.101019315,0.0067794616,-0.030679492,-0.7072108,2.2109535,0.09378515
48076000,43.95134,34.85397,-2.797685,-0.9953052,1.0277315,-0.0119629465,0.04817128,-0.39542997,-0.10120167,0.0034738984,-0.028516648,-0.7072238,2.2210593,0.096175425
48180000,43.886864,34.986675,-2.7978477,-0.94652915,0.9448432,-0.011519444,0.0666787,-0.3743624,-0.10929689,0.00481255,-0.027019689,-0.70780164,2.2304585,0.09587968
48276000,43.820446,35.122547,-2.7980175,-0.9063833,0.8800588,-0.011157038,0.08971077,-0.36015993,-0.10303939,0.006471198,-0.02597978,-0.70735496,2.2405353,0.09514934
48372000,43.762302,35.241005,-2.7981672,-0.87179863,0.81380796,-0.010987782,0.071090996,-0.3563596,-0.09944525,0.0051259263,-0.02569486,-0.7070984,2.2500334,0.0892851
48476000,43.702744,35.362133,-2.7983205,-0.83064526,0.7457118,-0.011026854,0.08780028,-0.32213992,-0.11921117,0.0063431105,-0.023272919,-0.7085093,2.2574315,0.05298225
48572000,43.650925,35.467613,-2.7984548,-0.7903178,0.6863823,-0.010900545,0.04699208,-0.32101533,-0.100888,0.0033888356,-0.023150034,-0.70720136,2.2609098,0.019471928
48676000,43.59748,35.575054,-2.7985888,-0.76546746,0.6129118,-0.010767687,-0.27747932,-0.67788565,-0.09793416,-0.020004265,-0.04887069,-0.70699054,2.2648227,0.055774778
48780000,43.547718,35.66548,-2.7986975,-0.7858998,0.49984872,-0.01167168,-0.73532224,-1.143785,-0.087868504,-0.052957866,-0.08237533,-0.70627207,2.2717855,0.0892851
48876000,43.489887,35.749767,-2.798799,-0.83741546,0.3438962,-0.011121411,-0.80837405,-1.6696364,-0.028275505,-0.057868212,-0.11952247,-0.70201766,2.282959,0.12558794
48972000,43.43229,35.81115,-2.7988777,-0.8819015,0.14835075,-0.009370465,-0.82892716,-2.1728294,0.017353028,-0.05906427,-0.1548225,-0.69876134,2.2966237,0.15909828
49076000,43.37217,35.852386,-2.7989407,-0.9211949,-0.089648575,-0.0062949453,-0.8013352,-2.6242888,0.094233215,-0.056649584,-0.18552147,-0.6932706,2.3150575,0.19540115
49172000,43.32431,35.86931,-2.7989793,-0.9505505,-0.2934233,-0.0025599776,-0.7972703,-2.6304183,0.16401006,-0.055955376,-0.1846125,-0.6882667,2.3354242,0.22891149
49276000,43.27055,35.873703,-2.7990117,-0.9746428,-0.49003115,0.0022575262,-0.772419,-2.2399292,0.16067296,-0.054228682,-0.15725715,-0.6884892,2.3611188,0.26521432
49372000,43.218887,35.86657,-2.7990336,-0.99142873,-0.6416706,0.005397573,-0.738204,-1.8607626,0.08932271,-0.052211527,-0.13160759,-0.6936024,2.3881876,0.29872462
49476000,43.160244,35.84826,-2.7990487,-1.0086466,-0.7757117,0.006540268,-0.73099005,-1.4732159,0.0074138716,-0.052138712,-0.10507883,-0.69947076,2.4211428,0.33502746
49580000,43.10373,35.822952,-2.7990546,-1.0328588,-0.87965703,0.0050281584,-0.86551464,-1.3733883,-0.055711463,-0.06213151,-0.09858954,-0.7039767,2.4549136,0.36853775
49676000,43.038853,35.786694,-2.7990522,-1.083224,-0.9919982,0.0033819568,-1.2173839,-1.3952206,-0.055791497,-0.08739141,-0.10015763,-0.7039824,2.495129,0.4048406
49780000,42.973747,35.744545,-2.7990415,-1.1380324,-1.0836251,0.0023769455,-1.5076807,-1.3887603,-0.024392413,-0.107885614,-0.099375986,-0.7017379,2.5356019,0.4383509
49876000,42.895206,35.68887,-2.7990203,-1.2382059,-1.1922805,0.0022178744,-1.8886125,-1.4229599,0.027978908,-0.1344218,-0.10127902,-0.69798696,2.583078,0.47465372
49980000,42.813625,35.628036,-2.7989917,-1.3554485,-1.2802836,0.0017529014,-2.2301583,-1.4048357,0.06266767,-0.15816908,-0.099634886,-0.69551605,2.6302528,0.50816405
50076000,42.71289,35.551357,-2.79895,-1.5199229,-1.3907056,0.0031131872,-2.616077,-1.4178373,0.12887657,-0.1842714,-0.099869706,-0.69076186,2.68499,0.54446685
50180000,42.60636,35.470333,-2.7989013,-1.6801425,-1.4782287,0.0063336925,-2.9251542,-1.3960608,0.18946475,-0.20474662,-0.097717494,-0.68641776,2.7388675,0.5779772
50276000,42.473175,35.370716,-2.7988374,-1.9061334,-1.5924258,0.010375081,-3.3653593,-1.4031893,0.25419196,-0.23396038,-0.09754996,-0.6817601,2.8008652,0.61428
50380000,42.332165,35.26811,-2.7987676,-2.14279,-1.6760147,0.014901668,-3.7037592,-1.349613,0.31453276,-0.2558468,-0.09322803,-0.6774199,2.8614447,0.6477903
50476000,42.15735,35.14498,-2.7986803,-2.4273553,-1.7913821,0.020342313,-3.8320084,-1.3664438,0.37162977,-0.26309264,-0.093815364,-0.67329085,2.930703,0.6840931
50580000,41.975456,35.020405,-2.798589,-2.6614673,-1.8769685,0.026509903,-3.8121593,-1.3255155,0.38149795,-0.2614357,-0.0909031,-0.6725343,2.9979844,0.71760345
50676000,41.754654,34.872665,-2.798478,-2.9490454,-1.9983809,0.031183409,-3.9429345,-1.3585098,0.36326116,-0.27091125,-0.09334052,-0.6737954,3.0709574,0.6835477
50780000,41.531483,34.72625,-2.7983646,-3.202553,-2.0826826,0.033345733,-4.006526,-1.3128347,0.3416511,-0.27589425,-0.09040341,-0.67529756,3.1349695,0.65003735
50876000,41.268158,34.556305,-2.7982311,-3.4947076,-2.2039993,0.035294805,-3.9314604,-1.3429998,0.34801486,-0.27051136,-0.09240757,-0.67476475,-3.0825,0.61373454
50972000,41.00919,34.390667,-2.7980983,-3.7319896,-2.299045,0.03616331,-3.722835,-1.3478637,0.30732226,-0.2572394,-0.0931343,-0.6776172,-3.0251899,0.5802242
51076000,40.71211,34.20066,-2.7979438,-3.94244,-2.4025536,0.036087073,-3.4050355,-1.3688761,0.24254179,-0.2368651,-0.09522338,-0.68218136,-2.9667344,0.5439214
51172000,40.424423,34.01532,-2.797791,-4.0959373,-2.499439,0.034472745,-3.0810065,-1.4375224,0.17079903,-0.21591717,-0.10074168,-0.687251,-2.9161263,0.5104111
51276000,40.096493,33.801132,-2.7976127,-4.228788,-2.6097093,0.031553086,-2.7251415,-1.4039468,0.109491475,-0.19217756,-0.09900662,-0.6915665,-2.864931,0.47410828
51380000,39.783695,33.593437,-2.797437,-4.3039913,-2.67521,0.027064044,-2.374772,-1.0660473,0.014564186,-0.16910534,-0.075912245,-0.6983227,-2.821025,0.44059798
51476000,39.4333,33.35782,-2.7972367,-4.400832,-2.7601702,0.02176965,-2.090701,-0.7798306,-0.04562577,-0.14978524,-0.05586983,-0.7025838,-2.7770903,0.40429515
51580000,39.1019,33.132984,-2.7970507,-4.403487,-2.7771292,0.015603658,-1.6861405,-0.4501272,-0.09449002,-0.12139514,-0.0324073,-0.70603734,-2.7398863,0.37078485
51676000,38.733467,32.8817,-2.7968462,-4.4338565,-2.8097906,0.009302983,-1.3572062,-0.17345285,-0.12659833,-0.09802646,-0.01252792,-0.7083042,-2.7032125,0.334482
51780000,38.38946,32.646645,-2.7966564,-4.3825855,-2.7732575,0.0013092989,-1.1398314,0.12785417,-0.1526377,-0.08254062,0.009258529,-0.7101489,-2.6727104,0.30097172
51876000,38.01177,32.38903,-2.7964482,-4.386076,-2.7781434,-0.005199201,-1.265007,-0.19481862,-0.14642388,-0.091547154,-0.014098808,-0.7096994,-2.643297,0.26466888
51972000,37.66009,32.149204,-2.7962544,-4.3649387,-2.771713,-0.010956253,-1.2958157,-0.30814567,-0.114511654,-0.09347448,-0.02222828,-0.70740944,-2.6194968,0.23115855
52076000,37.274063,31.885933,-2.7960413,-4.3463264,-2.7754185,-0.015137684,-1.3327134,-0.45879763,-0.09082867,-0.09590654,-0.033016622,-0.7057188,-2.597344,0.19485569
52180000,36.914692,31.640854,-2.7958438,-4.302766,-2.7693522,-0.017534127,-1.3247365,-0.5409256,-0.06406694,-0.0950742,-0.038821362,-0.70381045,-2.5802457,0.16134535
52276000,36.520515,31.372026,-2.7956266,-4.3215957,-2.8075836,-0.018903725,-1.3953152,-0.67892545,-0.050278537,-0.10000109,-0.04865803,-0.7028338,-2.5653536,0.12504248
52372000,36.154213,31.122213,-2.7954247,-4.309862,-2.8227239,-0.021234673,-1.3917924,-0.7297227,-0.05557006,-0.09980445,-0.052327905,-0.7032281,-2.5549583,0.09153216
52476000,35.753326,30.848812,-2.7952042,-4.303002,-2.8473008,-0.022631565,-1.4175078,-0.8103013,-0.052108057,-0.10161445,-0.058086686,-0.7029943,-2.547327,0.055229314
52572000,35.383217,30.596397,-2.7950006,-4.2980266,-2.8738065,-0.02303822,-1.422864,-0.884533,-0.045480195,-0.10193207,-0.06336676,-0.70253545,-2.5436337,0.021718994
52676000,34.981297,30.322296,-2.7947795,-4.294008,-2.9047241,-0.022816995,-1.4282789,-0.95448923,-0.027941383,-0.1021382,-0.068256855,-0.7012881,-2.543263,-0.014583854
52772000,34.61293,30.071074,-2.7945764,-4.286318,-2.9284873,-0.022339175,-1.4255602,-1.0166476,-0.021684773,-0.10188051,-0.07265676,-0.70085335,-2.543773,0.01097109
52876000,34.21448,29.799341,-2.7943575,-4.2782035,-2.9560227,-0.021387696,-1.4092969,-1.0475402,-0.012846191,-0.100628234,-0.07479766,-0.7002254,-2.5418258,0.014686998
52980000,33.850677,29.551228,-2.7941577,-4.237945,-2.961864,-0.020333206,-1.3601754,-1.055457,-0.020065043,-0.09719549,-0.07542091,-0.700763,-2.5403697,0.013017504
53076000,33.458237,29.283588,-2.7939422,-4.2542496,-3.0040746,-0.019323966,-1.4003481,-1.1261861,-0.019099187,-0.100057915,-0.08046845,-0.70070785,-2.538808,0.013498753
53172000,33.09996,29.039246,-2.7937453,-4.2359715,-3.0241845,-0.018363858,-1.3975642,-1.1562809,-0.03060645,-0.09997981,-0.08271873,-0.70155567,-2.5372505,0.014955148
53276000,32.713577,28.775736,-2.7935326,-4.2161083,-3.0433855,-0.017632186,-1.3735443,-1.1561495,-0.031308737,-0.098271325,-0.08271765,-0.7016246,-2.5355148,0.014596123
53372000,32.360416,28.534891,-2.7933385,-4.195347,-3.0567694,-0.016766548,-1.3374003,-1.160947,-0.022431124,-0.09559931,-0.08298617,-0.7009944,-2.5339608,0.0142543
53476000,31.979279,28.274958,-2.7931285,-4.1720443,-3.0682328,-0.016037595,-1.3271185,-1.1539806,-0.020185683,-0.09484395,-0.08247047,-0.700842,-2.5323107,0.013688922
53572000,31.630222,28.03691,-2.7929366,-4.148034,-3.0751536,-0.015723396,-1.301908,-1.1453607,-0.027888097,-0.09311695,-0.08192014,-0.70140666,-2.5308223,0.013678655
53676000,31.253384,27.779913,-2.792729,-4.122088,-3.0795898,-0.01530194,-1.2720556,-1.1573519,-0.02577612,-0.09096379,-0.08276141,-0.70126694,-2.5292518,0.012788547
53772000,30.907747,27.544191,-2.7925391,-4.096887,-3.080387,-0.014867733,-1.2560354,-1.1437598,-0.036431514,-0.089917615,-0.08187998,-0.70204467,-2.5278718,0.012447809
53876000,30.534693,27.289772,-2.7923334,-4.069327,-3.078243,-0.014295643,-1.227874,-1.1348585,-0.026051061,-0.08780904,-0.081157215,-0.7013034,-2.526429,0.011525808
53972000,30.192188,27.056187,-2.792145,-4.0437655,-3.0735445,-0.014015531,-1.2095742,-1.1134225,-0.026351226,-0.08650384,-0.07962747,-0.70133245,-2.5251837,0.011012971
54076000,29.794916,26.785255,-2.7919257,-4.0423145,-3.083747,-0.0134298615,-1.2529118,-1.1321459,-0.01835045,-0.08953042,-0.08090074,-0.70076096,-2.5238929,0.009997598
54180000,29.441381,26.544146,-2.7917306,-4.0007873,-3.0639253,-0.0125939185,-1.2061595,-1.0837966,-0.01878748,-0.0861947,-0.077450395,-0.7008038,-2.5227878,0.009496519
54276000,29.045965,26.27448,-2.7915127,-4.0298486,-3.088642,-0.01207064,-1.2959933,-1.1191112,-0.036963228,-0.0927902,-0.08012584,-0.70213366,-2.521667,0.0079002995
54380000,28.693655,26.034212,-2.7913187,-3.9933095,-3.0633962,-0.011754393,-1.266003,-1.0471065,-0.023550002,-0.09051975,-0.07486856,-0.7011788,-2.5209222,0.005457308
54476000,28.298311,25.764587,-2.7911003,-4.026481,-3.084074,-0.01101714,-1.3370241,-1.0987282,-0.025938004,-0.095623225,-0.078580424,-0.7013663,-2.5202208,0.004381922
54580000,27.931013,25.514093,-2.7908976,-4.004517,-3.0658143,-0.010326117,-1.3062449,-1.0644178,-0.021274759,-0.093379565,-0.076092064,-0.70104766,-2.5196226,0.004672928
54676000,27.535097,25.244085,-2.7906797,-4.03847,-3.0844467,-0.0099249035,-1.3717283,-1.0827466,-0.024800096,-0.09809734,-0.077431194,-0.7013107,-2.5190005,0.0030481843
54780000,27.181105,25.00267,-2.7904844,-4.003918,-3.053085,-0.010921056,-1.2537594,-0.9547801,-0.026695803,-0.08967899,-0.06829358,-0.70145106,-2.51861,0.002916315
54876000,26.784878,24.732723,-2.790266,-4.0129514,-3.0463054,-0.011452591,-0.91040194,-0.6990925,-0.053080823,-0.06529531,-0.050139893,-0.7033491,-2.5181682,0.0018916046
54980000,26.420229,24.48452,-2.7900648,-3.9323528,-2.9844801,-0.012345502,-0.4413972,-0.4740054,-0.10292494,-0.031819575,-0.034170248,-0.7069384,-2.5177736,0.0029550374
55076000,26.033964,24.220919,-2.7898505,-3.862345,-2.9409735,-0.0140907215,-0.03254807,-0.31643075,-0.12678203,-0.0023520119,-0.022866143,-0.70866716,-2.5173626,0.0
55180000,25.684391,23.98081,-2.7896547,-3.71776,-2.8478978,-0.016255895,0.15605485,-0.1382072,-0.12808628,0.011278815,-0.009988881,-0.7087807,-2.5173998,0.0
55276000,25.307652,23.720531,-2.7894418,-3.6169329,-2.7804883,-0.017469509,0.123714566,-0.049099326,-0.11189903,0.008926832,-0.0035428447,-0.7076371,-2.517384,0.0
55380000,24.978909,23.492723,-2.7892542,-3.46556,-2.6704762,-0.018006079,0.13950014,0.047453284,-0.091661826,0.010047044,0.0034176682,-0.7062083,-2.5173962,0.0
55476000,24.626118,23.247965,-2.7890513,-3.3600123,-2.5896463,-0.018232241,0.09314084,0.0696792,-0.08716646,0.006701486,0.0050134202,-0.7059136,-2.5174954,0.0
55572000,24.306717,23.02633,-2.7888665,-3.2376213,-2.495157,-0.020184584,0.096631885,0.08121389,-0.11142464,0.006974337,0.005861554,-0.7076972,-2.517599,0.0
55676000,23.967245,22.790907,-2.7886698,-3.110867,-2.3956897,-0.021645496,0.08602226,0.094715774,-0.106949285,0.006203552,0.00683049,-0.7074099,-2.5177317,0.0
55780000,23.670927,22.585638,-2.7884974,-2.9697008,-2.2855842,-0.022301631,0.1303029,0.13768893,-0.11291659,0.009404581,0.009937666,-0.70788175,-2.517851,0.0
55876000,23.357107,22.368652,-2.7883148,-2.868436,-2.2018793,-0.023138233,0.11056769,0.15001088,-0.11344549,0.007982824,0.010830564,-0.7079582,-2.5179563,0.0
55972000,23.07906,22.17694,-2.788153,-2.7514434,-2.1041274,-0.024692193,0.13920212,0.16004747,-0.11375223,0.010049738,0.011554676,-0.7080081,-2.5183263,-0.0017214499
56076000,22.79019,21.978552,-2.787985,-2.6266942,-1.9993726,-0.025574498,0.15987647,0.22187,-0.10820158,0.0115361605,0.016009409,-0.7076476,-2.5185263,0.0
56180000,22.534716,21.804007,-2.7878366,-2.4935281,-1.8886125,-0.025829583,0.19833636,0.2699538,-0.10989009,0.014314962,0.01948396,-0.70780873,-2.518555,0.0
56276000,22.269787,21.62421,-2.7876835,-2.3931415,-1.7980293,-0.026146837,0.20478606,0.28856033,-0.12178831,0.014799539,0.020853762,-0.70869327,-2.5184417,0.0
56380000,22.03591,21.466824,-2.787549,-2.2678745,-1.6865871,-0.028002905,0.22670078,0.27692616,-0.13770053,0.016408456,0.020043738,-0.7098291,-2.5187175,-8.884119e-06
56476000,21.793808,21.30519,-2.7874103,-2.1713302,-1.6024067,-0.028914297,0.20098448,0.2291894,-0.1351632,0.014544535,0.016585624,-0.70964795,-2.518582,0.00047955662
56572000,21.580473,21.163418,-2.7872891,-2.0672565,-1.5208993,-0.028891625,0.21232593,0.16993451,-0.115685955,0.015333978,0.012272509,-0.7082577,-2.5181243,0.0051762336
56676000,21.360043,21.017214,-2.7871654,-1.9569623,-1.4364334,-0.028200606,0.23167652,0.20700353,-0.103271246,0.016711086,0.014931397,-0.7073715,-2.5172813,0.0048111253
56780000,21.166151,20.888746,-2.7870579,-1.8451324,-1.3513411,-0.028344113,0.24612278,0.18463552,-0.11226322,0.01776901,0.013329893,-0.70801336,-2.5173106,0.0
56876000,20.96616,20.756208,-2.786949,-1.7567308,-1.2838542,-0.0278815,0.23901284,0.2034272,-0.11315659,0.01725756,0.014688154,-0.70807713,-2.5168834,0.0042634993
56980000,20.790546,20.639748,-2.7868547,-1.6484056,-1.2079066,-0.027122831,0.26209795,0.18874252,-0.10994227,0.018918334,0.013623509,-0.70784765,-2.516143,0.007518409
57076000,20.60971,20.519554,-2.7867606,-1.563183,-1.1474689,-0.02652241,0.2629547,0.19824815,-0.10888073,0.018977629,0.01430771,-0.7077719,-2.5150437,0.008386206
57172000,20.451181,20.414112,-2.7866802,-1.478902,-1.0841836,-0.02715086,0.25093794,0.16765305,-0.11337745,0.018119384,0.01210566,-0.70809287,-2.5145721,0.004264403
57276000,20.288198,20.305452,-2.7865999,-1.3880616,-1.0216845,-0.027237637,0.2546494,0.1780462,-0.10762383,0.018378465,0.012849885,-0.7076822,-2.5137963,0.007263923
57380000,20.145542,20.210043,-2.7865274,-1.293908,-0.9560731,-0.026838643,0.26032412,0.22201353,-0.113885745,0.018796558,0.016030364,-0.70812917,-2.512752,0.010626511
57476000,19.9991,20.111986,-2.7864506,-1.2193285,-0.90249085,-0.026539305,0.25248176,0.21761781,-0.114092216,0.018231971,0.01571441,-0.7081439,-2.5113149,0.01205617
57572000,19.87111,20.02612,-2.7863817,-1.1498661,-0.8547404,-0.027504222,0.23526376,0.1620256,-0.120784625,0.017000848,0.011708444,-0.708621,-2.510474,0.007532496
57676000,19.739912,19.937738,-2.7863104,-1.0742656,-0.8033039,-0.027710505,0.22427231,0.17526054,-0.111834496,0.016190993,0.012652664,-0.7079828,-2.5091996,0.012900847
57772000,19.625404,19.860435,-2.7862477,-1.0051328,-0.7553352,-0.027039878,0.23732856,0.19645472,-0.097990155,0.017109446,0.014162777,-0.70699453,-2.5075758,0.017503038
57876000,19.508173,19.781298,-2.7861834,-0.9328778,-0.705222,-0.025943875,0.23191145,0.14149642,-0.09340961,0.016712878,0.01019705,-0.7066676,-2.5054762,0.012926256
57972000,19.405989,19.71207,-2.7861276,-0.8763568,-0.66565853,-0.026226996,0.20973304,0.14974752,-0.11419821,0.015145221,0.010813552,-0.70815146,-2.5052385,0.0
58076000,19.301497,19.641045,-2.7860706,-0.81406873,-0.6217206,-0.02617604,0.20676929,0.1687715,-0.1144128,0.014931008,0.012187153,-0.7081668,-2.5052385,0.0
58180000,19.210522,19.57915,-2.7860217,-0.7490277,-0.57507044,-0.025397958,0.20985478,0.19505021,-0.10882838,0.015147511,0.014078902,-0.7077682,-2.5052385,0.0
58276000,19.117607,19.516037,-2.7859719,-0.69650775,-0.5383447,-0.025048979,0.20825195,0.1348698,-0.11043051,0.015033876,0.009736358,-0.7078825,-2.5052385,0.0
58380000,19.036789,19.46098,-2.7859292,-0.64556134,-0.50746024,-0.027664548,0.18819866,0.11561686,-0.125935,0.013606454,0.00835891,-0.70898926,-2.5052385,0.0
58476000,18.954329,19.404642,-2.7858868,-0.6014141,-0.4801098,-0.028604697,0.17917833,0.12324749,-0.1081181,0.012931029,0.008894586,-0.7077175,-2.5052385,0.0
58580000,18.882679,19.355688,-2.785851,-0.54852796,-0.44517016,-0.028352847,0.18960729,0.13273461,-0.094739944,0.013662425,0.009564383,-0.70676255,-2.5052385,0.0
58676000,18.809639,19.305794,-2.785814,-0.50620246,-0.4205488,-0.028110666,0.16729082,0.07289159,-0.10317542,0.012067213,0.0052579003,-0.7073647,-2.5052385,0.0
58772000,18.74623,19.262207,-2.7857811,-0.4750414,-0.40453488,-0.029618643,0.13279939,0.05088921,-0.1034538,0.009579477,0.0036708903,-0.7073845,-2.5052385,0.0
58876000,18.681639,19.217627,-2.785747,-0.4382341,-0.38350528,-0.02954283,0.12878492,0.053245187,-0.0958253,0.009280497,0.0038369533,-0.70684004,-2.5052385,0.0
58980000,18.62561,19.178915,-2.7857175,-0.39809084,-0.35825208,-0.028707795,0.13629107,0.07002482,-0.09949303,0.009825751,0.00504836,-0.7071018,-2.5052385,0.0
59076000,18.56857,19.139616,-2.7856448,-0.36583334,-0.33636725,-0.024478573,0.12853853,0.08836064,0.08973669,0.009091505,0.006249731,-0.6935893,-2.5052385,0.0
59172000,18.519033,19.10578,-2.783985,-0.34247,-0.32098752,0.0096425265,0.11412074,0.072510585,0.49157742,0.0077366508,0.00491575,-0.66490877,-2.5052385,0.0
59276000,18.468697,19.071762,-2.7764206,-0.31208676,-0.29959553,0.08764332,0.13053411,0.07374069,0.8043048,0.008555025,0.004832863,-0.6425886,-2.5052385,0.0
59380000,18.425297,19.042803,-2.7603261,-0.27674437,-0.2736115,0.19310156,0.1439617,0.12189959,0.94854057,0.009281992,0.007859528,-0.63229305,-2.5052385,0.0
59476000,18.381605,19.014267,-2.7288177,-0.24481371,-0.24464838,0.34822458,0.17296702,0.19974764,1.0590874,0.011012532,0.012717611,-0.62440217,-2.5052385,0.0
59580000,18.344378,18.99098,-2.685089,-0.21543059,-0.21455717,0.46594703,0.213604,0.2603627,0.31063616,0.014764047,0.017995952,-0.67782676,-2.5052385,0.0
59676000,18.308079,18.969713,-2.625325,-0.17093368,-0.1712009,0.5601947,0.43319827,0.39970088,-0.13502908,0.03134725,0.028923297,-0.70963836,-2.5052385,0.0
59780000,18.27987,18.95455,-2.5624216,-0.103873745,-0.116482124,0.60284853,0.4995829,0.4615338,-0.43065292,0.037226435,0.034391206,-0.7307401,-2.5052385,0.0
59876000,18.254753,18.942696,-2.4899023,-0.05680926,-0.07575518,0.6260243,0.18728332,0.11338008,-0.66901535,0.01427994,0.008644981,-0.7477544,-2.5052385,0.0
59980000,18.234268,18.933573,-2.4224985,-0.037741557,-0.0677178,0.61528736,0.014853731,-0.032872304,-0.4205826,0.0011080712,-0.0024522361,-0.7299585,-2.5052385,0.0
60076000,18.213638,18.924255,-2.3496983,-0.024142459,-0.06165749,0.6278119,-0.012874715,-0.03434187,-0.26800734,-0.0009467071,-0.002525236,-0.7190525,-2.5052385,0.0
60172000,18.195831,18.916214,-2.2824993,-0.010062337,-0.053850226,0.63564533,0.012564965,-0.010578357,-0.21422291,0.0009060611,-0.00076280657,-0.7152891,-2.5052385,0.0
60276000,18.177782,18.908117,-2.2096994,0.0042394847,-0.04565812,0.64359206,0.009144321,0.026127558,-0.19028538,0.00066120125,0.0018892133,-0.7135826,-2.5052385,0.0
60380000,18.162203,18.901157,-2.1424997,0.010981098,-0.047494777,0.6428275,0.016447619,-0.005754128,-0.22974029,0.0011904876,-0.00041648696,-0.7163989,-2.5052385,0.0
60476000,18.146412,18.894028,-2.0697,0.017856345,-0.04747296,0.6523337,0.023357619,-0.017401662,-0.20888606,0.0017027586,-0.0012685725,-0.7149103,-2.5052385,0.0
60580000,18.132782,18.887892,-2.0025003,0.02069509,-0.05488149,0.6492819,0.003488429,-0.049385812,-0.23634931,0.00025452866,-0.003603371,-0.7168706,-2.5052385,0.0
60676000,18.118965,18.88173,-1.9297003,0.026278242,-0.05690054,0.65753734,-0.0013376176,-0.04687945,-0.21928436,-9.739808e-05,-0.003413508,-0.7156525,-2.5052385,0.0
60780000,18.107037,18.876377,-1.8625003,0.035265908,-0.05655989,0.65518767,0.0052784756,-0.058820393,-0.24246943,0.00038532435,-0.0042938404,-0.7173075,-2.5052385,0.0
60876000,18.094957,18.87094,-1.7897,0.043365322,-0.054877542,0.66380954,0.020225868,-0.041195597,-0.22079636,0.0014773943,-0.003009124,-0.71576047,-2.5052385,0.0
60980000,18.08453,18.866278,-1.7224998,0.046492666,-0.060648493,0.66081923,0.024630217,-0.06259848,-0.27241743,0.0018076213,-0.004594127,-0.71944517,-2.5052385,0.0
61076000,18.073975,18.861546,-1.6496998,0.052258044,-0.06260303,0.6688304,0.010788776,-0.0802333,-0.23651502,0.0007882398,-0.0058619324,-0.71688247,-2.5052385,0.0
61172000,18.064863,18.857447,-1.5824999,0.059976496,-0.06029108,0.6714552,0.026313568,-0.0504945,-0.2349818,0.0019205844,-0.0036855112,-0.71677303,-2.5052385,0.0
61276000,18.055635,18.853321,-1.5096997,0.06933949,-0.056015953,0.6740955,0.027165279,-0.044721782,-0.23866746,0.0019828384,-0.0032643173,-0.7170361,-2.5052385,0.0
61380000,18.04768,18.84974,-1.4424994,0.071209356,-0.060141772,0.6700067,0.030097945,-0.033977244,-0.2573592,0.0022003963,-0.0024840035,-0.7183703,-2.5052385,0.0
61476000,18.039621,18.846138,-1.3696992,0.075439334,-0.059077725,0.67713296,0.013883488,-0.044574343,-0.24492562,0.0010181102,-0.0032687457,-0.7174828,-2.5052385,0.0
61580000,18.032673,18.84301,-1.3024993,0.08204157,-0.05509132,0.67295235,0.030993199,-0.03353681,-0.28305456,0.0022768406,-0.0024637012,-0.7202045,-2.5052385,0.0
61676000,18.025635,18.839834,-1.2296993,0.08747358,-0.051176816,0.6795598,0.010628371,-0.035024602,-0.2531314,0.0007820411,-0.0025771288,-0.71806854,-2.5052385,0.0
61772000,18.019566,18.837097,-1.1624992,0.08642836,-0.05649647,0.6791634,0.008624632,-0.06680903,-0.24954425,0.00063144823,-0.00489139,-0.7178125,-2.5052385,0.0
61876000,18.013416,18.834324,-1.0896989,0.08820301,-0.057385243,0.67945385,0.0075182356,-0.07098481,-0.26330745,0.0005507929,-0.0052004126,-0.7187949,-2.5052385,0.0
61980000,18.008112,18.831936,-1.0224986,0.09222075,-0.054519445,0.6745412,0.017683893,-0.059519943,-0.26811263,0.0012962527,-0.004362891,-0.7191379,-2.5052385,0.0
62076000,18.002747,18.82952,-0.94969857,0.09517394,-0.051621053,0.68117917,-0.007953683,-0.057822272,-0.24301784,-0.0005816623,-0.0042286115,-0.7173466,-2.5052385,0.0
62180000,17.998116,18.827436,-0.88249856,0.09086798,-0.057203982,0.6758083,-0.0021316707,-0.058952857,-0.28648406,-0.00015646499,-0.0043271496,-0.72044927,-2.5052385,0.0
62276000,17.993425,18.825321,-0.80969846,0.089701176,-0.05762483,0.6819885,-0.017626982,-0.06059585,-0.24881397,-0.0012894436,-0.00443269,-0.7177604,-2.5052385,0.0
62380000,17.989374,18.823503,-0.74249846,0.09098196,-0.054489575,0.67753327,0.006651614,-0.04410565,-0.26665837,0.00048694533,-0.003228847,-0.7190341,-2.5052385,0.0
62476000,17.98528,18.82166,-0.6696985,0.09244764,-0.051489584,0.6843238,-0.013382187,-0.046387315,-0.2406953,-0.0009803275,-0.003398156,-0.71718085,-2.5052385,0.0
62572000,17.981745,18.820063,-0.6024984,0.09008649,-0.057748944,0.6844767,0.0006204052,-0.058217753,-0.24428138,4.5413573e-05,-0.004261531,-0.71743685,-2.5052385,0.0
62676000,17.97817,18.818453,-0.5296983,0.0902946,-0.05938513,0.68510264,-0.009895589,-0.08260236,-0.24440077,-0.0007235511,-0.0060397643,-0.7174454,-2.5052385,0.0
62780000,17.975084,18.817064,-0.46249834,0.09270179,-0.057032958,0.68043375,0.004039868,-0.04537095,-0.26401055,0.00029696416,-0.0033351455,-0.71884507,-2.5052385,0.0
62876000,17.971968,18.81566,-0.3896984,0.094696835,-0.054233406,0.68667495,0.017661056,-0.058854815,-0.240875,0.0012929061,-0.004308562,-0.71719366,-2.5052385,0.0
62972000,17.96928,18.814451,-0.32249835,0.09148701,-0.058764342,0.68646157,-0.0053737564,-0.07531052,-0.2331464,-0.0003930078,-0.0055078086,-0.716642,-2.5052385,0.0
63076000,17.966568,18.813227,-0.24969833,0.090363435,-0.05916382,0.68684334,-0.013432515,-0.070409186,-0.23125039,-0.000981269,-0.0051435158,-0.71650666,-2.5052385,0.0
63180000,17.96423,18.812168,-0.18249834,0.09120592,-0.05573497,0.6818083,0.0048594372,-0.046105646,-0.26673406,0.00035679876,-0.0033852553,-0.7190395,-2.5052385,0.0
63276000,17.96186,18.8111,-0.10969834,0.09226372,-0.052827504,0.6951295,-0.01908505,-0.2873447,2.5886025,-0.0010027576,-0.015097528,-0.5152252,-2.5052385,0.0
63372000,17.959814,18.810173,-0.04249833,0.089549586,-0.05863779,0.76236004,-0.018145569,-0.17288917,2.9747655,-0.0009023961,-0.00859794,-0.48763448,-2.5052385,0.0
63476000,17.957747,18.809238,0.030301668,0.08865089,-0.06141012,0.8350074,-0.018143672,-0.1610313,3.4374576,-0.0008410153,-0.0074642994,-0.45458084,-2.5052385,0.0
63572000,17.955965,18.80843,0.09750167,0.0892895,-0.061569944,0.9023601,-0.013191542,-0.17786151,3.8728468,-0.00056955934,-0.007679366,-0.42347988,-2.5052385,0.0
63676000,17.954159,18.807617,0.17030168,0.089871906,-0.061452962,0.97476333,-0.010184292,-0.1784324,4.362333,-0.0004035168,-0.007069758,-0.388518,-2.5052385,0.0
63772000,17.952604,18.806915,0.23750167,0.08677521,-0.065980844,1.0386674,-0.027817339,-0.18050225,4.8020554,-0.0010130436,-0.0065734778,-0.35711557,-2.5052385,0.0
63876000,nan,nan,nan,nan,nan,nan,0.0,0.0,100.0,-0.0,-0.0,-0.12,-2.5051436,0.0
63972000,nan,nan,nan,nan,nan,nan,0.0,0.0,100.0,-0.0,-0.0,-0.12,-2.5049562,0.0
64076000,nan,nan,nan,nan,nan,nan,0.0,0.0,100.0,-0.0,-0.0,-0.12,-2.5049012,0.0
64172000,nan,nan,nan,nan,nan,nan,0.0,0.0,100.0,-0.0,-0.0,-0.12,-2.5048766,0.0
64276000,nan,nan,nan,nan,nan,nan,0.0,0.0,100.0,-0.0,-0.0,-0.12,-2.504932,0.0
64380000,nan,nan,nan,nan,nan,nan,0.0,0.0,100.0,-0.0,-0.0,-0.12,-2.505212,0.0
64476000,nan,nan,nan,nan,nan,nan,0.0,0.0,100.0,-0.0,-0.0,-0.001,-2.5049229,0.0
64580000,nan,nan,nan,nan,nan,nan,0.0,0.0,100.0,-0.0,-0.0,-0.001,-2.504284,0.0
64676000,nan,nan,nan,nan,nan,nan,0.0,0.0,100.0,-0.0,-0.0,-0.001,-2.5043614,0.0
64780000,nan,nan,nan,nan,nan,nan,0.0,0.0,100.0,-0.0,-0.0,-0.001,-2.50436,0.0
64876000,nan,nan,nan,nan,nan,nan,0.0,0.0,100.0,-0.0,-0.0,-0.001,-2.5038702,0.0
64980000,nan,nan,nan,nan,nan,nan,0.0,0.0,100.0,-0.0,-0.0,-0.001,-2.50375,0.0
65076000,nan,nan,nan,nan,nan,nan,0.0,0.0,100.0,-0.0,-0.0,-0.001,-2.5038385,0.0
65172000,nan,nan,nan,nan,nan,nan,0.0,0.0,100.0,-0.0,-0.0,-0.001,-2.5039644,0.0
65276000,nan,nan,nan,nan,nan,nan,0.0,0.0,100.0,-0.0,-0.0,-0.001,-2.50414,0.0
65372000,nan,nan,nan,nan,nan,nan,0.0,0.0,100.0,-0.0,-0.0,-0.001,-2.5041864,0.0
65476000,nan,nan,nan,nan,nan,nan,0.0,0.0,100.0,-0.0,-0.0,-0.001,-2.504342,0.0
65572000,nan,nan,nan,nan,nan,nan,0.0,0.0,100.0,-0.0,-0.0,-0.001,-2.5045626,0.0
65676000,nan,nan,nan,nan,nan,nan,0.0,0.0,100.0,-0.0,-0.0,-0.001,-2.504271,0.0
65772000,nan,nan,nan,nan,nan,nan,0.0,0.0,100.0,-0.0,-0.0,-0.001,-2.5043733,0.0
65876000,nan,nan,nan,nan,nan,nan,0.0,0.0,100.0,-0.0,-0.0,-0.001,-2.5044217,0.0
65972000,nan,nan,nan,nan,nan,nan,0.0,0.0,100.0,-0.0,-0.0,-0.001,-2.5042858,0.0
66076000,nan,nan,nan,nan,nan,nan,0.0,0.0,100.0,-0.0,-0.0,-0.001,-2.5042322,0.0
66180000,nan,nan,nan,nan,nan,nan,0.0,0.0,100.0,-0.0,-0.0,-0.001,-2.5038404,0.0
66276000,nan,nan,nan,nan,nan,nan,0.0,0.0,100.0,-0.0,-0.0,-0.001,-2.5038145,0.0
66380000,nan,nan,nan,nan,nan,nan,0.0,0.0,100.0,-0.0,-0.0,-0.001,-2.5042152,0.0
66476000,nan,nan,nan,nan,nan,nan,0.0,0.0,100.0,-0.0,-0.0,-0.001,-2.5035686,0.0
66580000,nan,nan,nan,nan,nan,nan,0.0,0.0,100.0,-0.0,-0.0,-0.001,-2.5035555,0.0
66676000,nan,nan,nan,nan,nan,nan,0.0,0.0,100.0,-0.0,-0.0,-0.001,-2.5036502,0.0
66772000,nan,nan,nan,nan,nan,nan,0.0,0.0,100.0,-0.0,-0.0,-0.001,-2.5044827,0.0
66876000,nan,nan,nan,nan,nan,nan,0.0,0.0,100.0,-0.0,-0.0,-0.001,-2.504502,0.0
66980000,nan,nan,nan,nan,nan,nan,0.0,0.0,100.0,-0.0,-0.0,-0.001,-2.5044906,0.0
67076000,nan,nan,nan,nan,nan,nan,0.0,0.0,100.0,-0.0,-0.0,-0.001,-2.5042763,0.0
67180000,nan,nan,nan,nan,nan,nan,0.0,0.0,100.0,-0.0,-0.0,-0.001,-2.5041678,0.0
67276000,nan,nan,nan,nan,nan,nan,0.0,0.0,100.0,-0.0,-0.0,-0.001,-2.5043037,0.0
67380000,nan,nan,nan,nan,nan,nan,0.0,0.0,100.0,-0.0,-0.0,-0.001,-2.5039463,0.0
67476000,nan,nan,nan,nan,nan,nan,0.0,0.0,100.0,-0.0,-0.0,-0.001,-2.5038252,0.0
